beach,jurisdiction,locator,date,day,time,samplea,sampleb,samplec,geomean30d,nsampleshigh30d,hightoday,watertempc,watertempf
Angle Lake,SeaTac,A732SB,2024-07-15,Mon,08:24,16.0,12.0,16.0,14.53696474265712,0.0,False,24.4,75.9
Angle Lake,SeaTac,A732SB,2024-07-22,Mon,08:16,9.0,8.0,10.0,11.41455411291022,0.0,False,24.3,75.7
Angle Lake,SeaTac,A732SB,2024-07-29,Mon,09:26,5.0,17.0,5.0,9.931522907300666,0.0,False,22.7,72.9
Angle Lake,SeaTac,A732SB,2024-08-05,Mon,08:33,14.0,5.0,10.0,9.657248122442542,0.0,False,23.3,73.9
Angle Lake,SeaTac,A732SB,2024-08-12,Mon,11:59,17.0,23.0,14.0,10.891884601812563,0.0,False,23.5,74.3
Angle Lake,SeaTac,A732SB,2024-08-19,Mon,12:40,110.0,63.0,34.0,14.54640787206087,0.0,False,24.3,75.7
Angle Lake,SeaTac,A732SB,2024-08-26,Mon,10:58,14.0,9.0,6.0,14.593799680625008,0.0,False,22.0,71.6
Angle Lake,SeaTac,A732SB,2024-09-03,Tue,08:22,22.0,32.0,23.0,18.60212185888515,0.0,False,21.1,70.0
Angle Lake,SeaTac,A732SB,2024-09-09,Mon,09:19,31.0,19.0,15.0,22.02772871718421,0.0,False,21.7,71.1
Angle Lake,SeaTac,A732SB,2024-09-16,Mon,08:47,14.0,24.0,24.0,22.604041762613072,0.0,False,20.0,68.0
Angle Lake,SeaTac,A732SB,2025-05-12,Mon,11:07,32.0,98.0,5.0,25.02929898270389,0.0,False,17.1,62.8
Angle Lake,SeaTac,A732SB,2025-05-19,Mon,12:54,62.0,86.0,97.0,44.82304146491016,0.0,False,16.9,62.4
Angle Lake,SeaTac,A732SB,2025-05-27,Tue,13:42,140.0,20.0,60.0,48.03865082721263,0.0,False,19.4,66.9
Angle Lake,SeaTac,A732SB,2025-06-02,Mon,11:34,12.0,5.0,10.0,31.09608433430325,0.0,False,20.1,68.2
Angle Lake,SeaTac,A732SB,2025-06-09,Mon,11:42,52.0,28.0,17.0,30.6953024841992,0.0,False,23.9,75.0
Angle Lake,SeaTac,A732SB,2025-06-16,Mon,08:48,14.0,5.0,8.0,24.58072654289897,0.0,False,20.7,69.3
Angle Lake,SeaTac,A732SB,2025-06-23,Mon,08:36,180.0,10.0,42.0,21.623137504604102,0.0,False,20.3,68.5
Angle Lake,SeaTac,A732SB,2025-06-30,Mon,08:48,420.0,170.0,100.0,27.763740215469216,1.0,True,22.2,72.0
Angle Lake,SeaTac,A732SB,2025-07-07,Mon,14:17,1300.0,99.0,120.0,54.64098775607391,2.0,True,24.0,75.2
Angle Lake,SeaTac,A732SB,2025-07-14,Mon,12:26,71.0,33.0,220.0,66.89970249380262,2.0,False,25.1,77.2
Angle Lake,SeaTac,A732SB,2025-07-21,Mon,08:37,9.0,10.0,12.0,69.8940009698615,2.0,False,22.7,72.9
Angle Lake,SeaTac,A732SB,2025-07-28,Mon,09:21,150.0,60.0,110.0,82.9686699884416,2.0,False,23.1,73.6
Angle Lake,SeaTac,A732SB,2025-08-04,Mon,08:31,5.0,4.0,3.0,38.06662123379862,1.0,False,22.7,72.9
Angle Lake,SeaTac,A732SB,2025-08-11,Mon,14:26,29.0,26.0,50.0,25.490778624209803,0.0,False,24.8,76.6
Angle Lake,SeaTac,A732SB,2025-08-18,Mon,13:20,360.0,280.0,72.0,30.405790951650324,1.0,True,24.0,75.2
Angle Lake,SeaTac,A732SB,2025-08-25,Mon,13:02,6.0,14.0,15.0,30.719873612359347,1.0,False,24.9,76.8
Angle Lake,SeaTac,A732SB,2025-09-02,Tue,08:40,5.0,5.0,2.0,15.884555945103752,1.0,False,20.1,68.2
Angle Lake,SeaTac,A732SB,2025-09-08,Mon,13:49,7400.0,210.0,680.0,48.30910486273896,3.0,True,23.3,73.9
Angle Lake,SeaTac,A732SB,2025-09-15,Mon,08:18,6.0,5.0,4.0,32.926961061370314,3.0,False,21.0,69.8
Angle Lake,SeaTac,A732SB,2026-05-11,Mon,13:29,5.0,5.0,4.0,4.641588833612778,0.0,False,19.1,66.4
Angle Lake,SeaTac,A732SB,2026-05-18,Mon,13:33,17.0,1.0,83.0,7.2153018151568284,0.0,False,17.7,63.9
Angle Lake,SeaTac,A732SB,2026-05-26,Tue,08:41,8.0,10.0,5.0,7.265867017882058,0.0,False,17.5,63.5
Angle Lake,SeaTac,A732SB,2026-06-01,Mon,08:37,26.0,22.0,48.0,10.37174958415134,0.0,False,18.9,66.0
Angle Lake,SeaTac,A732SB,2026-06-08,Mon,13:46,77.0,72.0,30.0,14.47920053822141,0.0,False,19.0,66.2
Angle Lake,SeaTac,A732SB,2026-06-15,Mon,08:41,31.0,43.0,48.0,22.27491261462453,0.0,False,22.3,72.1
Angle Lake,SeaTac,A732SB,2026-06-22,Mon,08:38,25.0,10.0,63.0,26.161717108819055,0.0,False,22.5,72.5
Angle Lake,SeaTac,A732SB,2026-06-29,Mon,08:19,2.0,3.0,2.0,20.708135381550854,0.0,False,20.8,69.4
Angle Lake,SeaTac,A732SB,2026-07-06,Mon,13:11,430.0,240.0,95.0,30.642584895761715,1.0,True,22.8,73.0
Angle Lake,SeaTac,A732SB,2026-07-13,Mon,08:25,8.0,10.0,3.0,19.812678045881466,1.0,False,23.2,73.8
Angle Lake,SeaTac,A732SB,2026-07-20,Mon,08:28,2.0,12.0,11.0,13.739745393057426,1.0,False,22.6,72.7
Angle Lake,SeaTac,A732SB,2026-07-27,Mon,09:34,1.0,1.0,1.0,7.213731626246685,1.0,False,23.3,73.9
Angle Lake,SeaTac,A732SB,2026-08-03,Mon,08:35,4.0,3.0,1.0,7.213731626246685,1.0,False,22.7,72.9
Angle Lake,SeaTac,A732SB,2026-08-10,Mon,08:35,3.0,2.0,1.0,2.77934959871533,0.0,False,23.4,74.1
Angle Lake,SeaTac,A732SB,2026-08-17,Mon,08:21,2.0,4.0,1.0,2.215483027707519,0.0,False,23.0,73.4
Angle Lake,SeaTac,A732SB,2026-08-24,Mon,08:45,14.0,2.0,2.0,1.9979013209552487,0.0,False,22.7,72.9
Angle Lake,SeaTac,A732SB,2026-08-31,Mon,00:00,8.0,5.0,14.0,3.046397491988582,0.0,False,,
Beaver Lake,Sammamish,A709SB,2019-06-03,Mon,01:52,2.0,2.0,4.0,2.519842099789746,0.0,False,22.1,71.8
Beaver Lake,Sammamish,A709SB,2019-06-17,Mon,12:07,17.0,6.0,3.0,4.12072438990417,0.0,False,22.5,72.5
Beaver Lake,Sammamish,A709SB,2019-07-01,Mon,12:03,6.0,92.0,96.0,8.607848912908675,0.0,False,24.7,76.5
Beaver Lake,Sammamish,A709SB,2019-07-15,Mon,15:04,11.0,8.0,20.0,14.511624929911296,0.0,False,24.0,75.2
Beaver Lake,Sammamish,A709SB,2019-07-22,Mon,17:18,53.0,32.0,28.0,25.418224222106403,0.0,False,24.8,76.6
Beaver Lake,Sammamish,A709SB,2019-07-29,Mon,15:15,340.0,88.0,99.0,39.188499665659606,1.0,True,24.7,76.5
Beaver Lake,Sammamish,A709SB,2019-08-05,Mon,15:19,18.0,5.0,7.0,27.08649578074424,1.0,False,26.3,79.3
Beaver Lake,Sammamish,A709SB,2019-08-12,Mon,14:54,390.0,250.0,240.0,43.399359073244376,2.0,True,24.2,75.6
Beaver Lake,Sammamish,A709SB,2019-08-19,Mon,15:28,14.0,9.0,3.0,39.16955082430084,2.0,False,23.5,74.3
Beaver Lake,Sammamish,A709SB,2019-08-26,Mon,14:15,78.0,65.0,68.0,44.70376734072112,2.0,False,22.7,72.9
Beaver Lake,Sammamish,A709SB,2019-09-03,Tue,10:38,9.0,8.0,5.0,24.508938683514835,1.0,False,23.5,74.3
Beaver Lake,Sammamish,A709SB,2020-06-03,Wed,11:28,3.0,4.0,2.0,2.8844991406148166,0.0,False,17.9,64.2
Beaver Lake,Sammamish,A709SB,2020-06-17,Wed,11:22,3.0,1.0,7.0,2.82101301234021,0.0,False,18.9,66.0
Beaver Lake,Sammamish,A709SB,2020-06-30,Tue,11:40,7.0,10.0,7.0,3.9735687834667166,0.0,False,20.3,68.5
Beaver Lake,Sammamish,A709SB,2020-07-15,Wed,11:34,5.0,6.0,6.0,4.970610860886724,0.0,False,23.7,74.7
Beaver Lake,Sammamish,A709SB,2020-07-29,Wed,12:05,4.0,5.0,5.0,5.911786367282645,0.0,False,26.1,79.0
Beaver Lake,Sammamish,A709SB,2020-08-05,Wed,12:07,50.0,54.0,48.0,10.986902702378718,0.0,False,26.0,78.8
Beaver Lake,Sammamish,A709SB,2020-08-12,Wed,13:28,2.0,6.0,2.0,7.86455334098426,0.0,False,23.0,73.4
Beaver Lake,Sammamish,A709SB,2020-08-19,Wed,11:53,5.0,3.0,10.0,7.745966692414833,0.0,False,25.2,77.4
Beaver Lake,Sammamish,A709SB,2020-08-26,Wed,11:55,29.0,37.0,110.0,11.204521835305828,0.0,False,23.4,74.1
Beaver Lake,Sammamish,A709SB,2020-09-02,Wed,10:30,10.0,5.0,11.0,12.553095705652863,0.0,False,22.9,73.2
Beaver Lake,Sammamish,A709SB,2020-09-09,Wed,11:36,4.0,30.0,68.0,10.439744029813298,0.0,False,22.5,72.5
Beaver Lake,Sammamish,A709SB,2021-06-02,Wed,10:33,8.0,20.0,11.0,12.073621473595368,0.0,False,24.6,76.3
Beaver Lake,Sammamish,A709SB,2021-06-16,Wed,12:02,11.0,36.0,3.0,11.308062097989794,0.0,False,21.8,71.2
Beaver Lake,Sammamish,A709SB,2021-06-30,Wed,10:13,8.0,28.0,14.0,12.32381068128256,0.0,False,27.4,81.3
Beaver Lake,Sammamish,A709SB,2021-07-14,Wed,11:00,4.0,10.0,6.0,9.876439668883462,0.0,False,24.9,76.8
Beaver Lake,Sammamish,A709SB,2021-07-28,Wed,10:40,13.0,6.0,6.0,8.905291247789634,0.0,False,25.7,78.3
Beaver Lake,Sammamish,A709SB,2021-08-04,Wed,10:37,22.0,19.0,20.0,9.930305211873652,0.0,False,26.1,79.0
Beaver Lake,Sammamish,A709SB,2021-08-11,Wed,13:53,4.0,1.0,3.0,6.881034228749341,0.0,False,27.4,81.3
Beaver Lake,Sammamish,A709SB,2021-08-18,Wed,10:55,7.0,4.0,5.0,6.578801523964929,0.0,False,23.7,74.7
Beaver Lake,Sammamish,A709SB,2021-08-25,Wed,13:26,11.0,13.0,12.0,7.415695915867885,0.0,False,21.8,71.2
Beaver Lake,Sammamish,A709SB,2021-09-01,Wed,12:31,2.0,5.0,7.0,6.5334422828226,0.0,False,21.3,70.3
Beaver Lake,Sammamish,A709SB,2021-09-08,Wed,13:01,12.0,5.0,4.0,5.156350015487524,0.0,False,21.8,71.2
Beaver Lake,Sammamish,A709SB,2022-05-31,Tue,11:17,43.0,140.0,39.0,61.69079487599759,0.0,False,19.0,66.2
Beaver Lake,Sammamish,A709SB,2022-06-14,Tue,10:42,23.0,66.0,11.0,39.70887585445276,0.0,False,17.1,62.8
Beaver Lake,Sammamish,A709SB,2022-06-28,Tue,10:24,13.0,7.0,19.0,26.648947480109832,0.0,False,23.2,73.8
Beaver Lake,Sammamish,A709SB,2022-07-12,Tue,11:18,5.0,16.0,31.0,16.07315884723154,0.0,False,26.1,79.0
Beaver Lake,Sammamish,A709SB,2022-07-26,Tue,11:10,11.0,11.0,9.0,11.867625670614167,0.0,False,26.7,80.1
Beaver Lake,Sammamish,A709SB,2022-08-02,Tue,12:45,6.0,10.0,10.0,10.550968156975935,0.0,False,27.2,81.0
Beaver Lake,Sammamish,A709SB,2022-08-09,Tue,10:43,140.0,100.0,190.0,20.08519429708892,0.0,False,24.8,76.6
Beaver Lake,Sammamish,A709SB,2022-08-16,Tue,11:46,13.0,11.0,21.0,20.408042103135504,0.0,False,25.2,77.4
Beaver Lake,Sammamish,A709SB,2022-08-23,Tue,10:19,10.0,18.0,6.0,17.78563287981699,0.0,False,25.0,77.0
Beaver Lake,Sammamish,A709SB,2022-08-30,Tue,11:33,500.0,52.0,11.0,25.78448929245048,1.0,True,25.2,77.4
Beaver Lake,Sammamish,A709SB,2022-09-07,Wed,11:17,12.0,9.0,8.0,26.418979223227872,1.0,False,22.5,72.5
Beaver Lake,Sammamish,A709SB,2023-05-31,Wed,10:55,2.0,2.0,3.0,2.289428485106664,0.0,False,19.3,66.7
Beaver Lake,Sammamish,A709SB,2023-06-13,Tue,09:11,23.0,23.0,50.0,8.259133518967989,0.0,False,21.1,70.0
Beaver Lake,Sammamish,A709SB,2023-06-27,Tue,10:17,5.0,8.0,4.0,7.181114944916667,0.0,False,22.2,72.0
Beaver Lake,Sammamish,A709SB,2023-07-11,Tue,12:37,7.0,13.0,10.0,11.616230682226467,0.0,False,24.2,75.6
Beaver Lake,Sammamish,A709SB,2023-07-25,Tue,10:30,8.0,7.0,3.0,6.621268266772798,0.0,False,23.9,75.0
Beaver Lake,Sammamish,A709SB,2023-08-01,Tue,11:37,7.0,35.0,53.0,10.791655420372935,0.0,False,25.2,77.4
Beaver Lake,Sammamish,A709SB,2023-08-08,Tue,09:19,7.0,5.0,7.0,9.417014215930106,0.0,False,23.3,73.9
Beaver Lake,Sammamish,A709SB,2023-08-15,Tue,12:23,200.0,14.0,31.0,13.767965015306808,0.0,False,26.5,79.7
Beaver Lake,Sammamish,A709SB,2023-08-22,Tue,12:23,7.0,12.0,10.0,12.765791749108818,0.0,False,23.9,75.0
Beaver Lake,Sammamish,A709SB,2023-08-29,Tue,11:27,6.0,8.0,8.0,13.48908687159974,0.0,False,22.1,71.8
Beaver Lake,Sammamish,A709SB,2023-09-06,Wed,11:23,6.0,13.0,5.0,10.678019963302807,0.0,False,21.0,69.8
Beaver Lake,Sammamish,A709SB,2024-05-29,Wed,11:09,9.0,5.0,7.0,6.804092115953368,0.0,False,16.4,61.5
Beaver Lake,Sammamish,A709SB,2024-06-11,Tue,09:35,4.0,8.0,7.0,6.428254986064281,0.0,False,20.6,69.1
Beaver Lake,Sammamish,A709SB,2024-06-25,Tue,10:17,25.0,28.0,17.0,9.80770244835861,0.0,False,21.8,71.2
Beaver Lake,Sammamish,A709SB,2024-07-09,Tue,10:41,14.0,53.0,71.0,17.322332050493802,0.0,False,26.5,79.7
Beaver Lake,Sammamish,A709SB,2024-07-23,Tue,12:16,5.0,3.0,26.0,18.42314448252168,0.0,False,24.9,76.8
Beaver Lake,Sammamish,A709SB,2024-07-30,Tue,11:10,22.0,14.0,17.0,16.81695603387329,0.0,False,22.1,71.8
Beaver Lake,Sammamish,A709SB,2024-08-06,Tue,11:01,9.0,5.0,5.0,13.041446119015603,0.0,False,24.3,75.7
Beaver Lake,Sammamish,A709SB,2024-08-13,Tue,11:59,7.0,6.0,5.0,8.229475781338277,0.0,False,23.5,74.3
Beaver Lake,Sammamish,A709SB,2024-08-20,Tue,10:51,22.0,16.0,24.0,9.864642047013382,0.0,False,22.1,71.8
Beaver Lake,Sammamish,A709SB,2024-08-27,Tue,11:40,47.0,52.0,40.0,14.256768684642305,0.0,False,20.4,68.7
Beaver Lake,Sammamish,A709SB,2024-09-04,Wed,13:09,3.0,6.0,16.0,11.750255044004078,0.0,False,23.4,74.1
Beaver Lake,Sammamish,A709SB,2025-05-28,Wed,10:29,8.0,4.0,17.0,8.163310203834696,0.0,False,20.6,69.1
Beaver Lake,Sammamish,A709SB,2025-06-10,Tue,10:34,5.0,7.0,18.0,8.36546156500494,0.0,False,25.5,77.9
Beaver Lake,Sammamish,A709SB,2025-06-24,Tue,12:40,3.0,10.0,5.0,7.190865899690788,0.0,False,22.1,71.8
Beaver Lake,Sammamish,A709SB,2025-07-08,Tue,11:10,40.0,17.0,7.0,9.150582718126865,0.0,False,25.4,77.7
Beaver Lake,Sammamish,A709SB,2025-07-22,Tue,12:06,36.0,30.0,57.0,15.224926424368704,0.0,False,24.0,75.2
Beaver Lake,Sammamish,A709SB,2025-07-29,Tue,12:46,9.0,8.0,13.0,18.659888564643687,0.0,False,26.0,78.8
Beaver Lake,Sammamish,A709SB,2025-08-05,Tue,12:08,14.0,6.0,5.0,14.85203253477149,0.0,False,24.0,75.2
Beaver Lake,Sammamish,A709SB,2025-08-12,Tue,09:41,19.0,14.0,21.0,15.051405519752384,0.0,False,25.0,77.0
Beaver Lake,Sammamish,A709SB,2025-08-19,Tue,12:08,14.0,23.0,8.0,14.77263733158109,0.0,False,24.1,75.4
Beaver Lake,Sammamish,A709SB,2025-08-26,Tue,09:04,5.0,12.0,6.0,10.485559975203609,0.0,False,24.4,75.9
Beaver Lake,Sammamish,A709SB,2025-09-03,Wed,12:26,3.0,6.0,8.0,9.255447141847837,0.0,False,24.7,76.5
Beaver Lake,Sammamish,A709SB,2026-05-27,Wed,11:41,7.0,6.0,5.0,5.943921952763129,0.0,False,20.2,68.4
Beaver Lake,Sammamish,A709SB,2026-06-09,Tue,10:46,14.0,120.0,98.0,18.04924785145017,0.0,False,18.1,64.6
Beaver Lake,Sammamish,A709SB,2026-06-23,Tue,12:43,5.0,1.0,34.0,12.17494656284875,0.0,False,27.0,80.6
Beaver Lake,Sammamish,A709SB,2026-07-07,Tue,12:45,26.0,94.0,66.0,25.47240405557348,0.0,False,24.6,76.3
Beaver Lake,Sammamish,A709SB,2026-07-21,Tue,11:51,1.0,3.0,2.0,8.183067723414718,0.0,False,25.5,77.9
Beaver Lake,Sammamish,A709SB,2026-07-28,Tue,10:05,13.0,58.0,18.0,13.312853031802865,0.0,False,23.9,75.0
Beaver Lake,Sammamish,A709SB,2026-08-04,Tue,10:39,6.0,5.0,3.0,10.140442240244733,0.0,False,22.9,73.2
Beaver Lake,Sammamish,A709SB,2026-08-11,Tue,10:44,4.0,1.0,1.0,4.190425592711003,0.0,False,24.5,76.1
Beaver Lake,Sammamish,A709SB,2026-08-18,Tue,10:22,1.0,1.0,1.0,3.146346195876926,0.0,False,23.7,74.7
Beaver Lake,Sammamish,A709SB,2026-08-25,Tue,11:58,14.0,19.0,5.0,4.510103753999378,0.0,False,23.9,75.0
Echo Lake,Shoreline,A764SB,2019-05-13,Mon,09:57,80.0,50.0,120.0,78.29735282337722,0.0,False,18.8,65.8
Echo Lake,Shoreline,A764SB,2019-05-20,Mon,10:33,550.0,56.0,120.0,110.0260529157706,1.0,True,18.2,64.8
Echo Lake,Shoreline,A764SB,2019-05-28,Tue,11:06,93.0,88.0,92.0,103.2689181968624,1.0,False,19.0,66.2
Echo Lake,Shoreline,A764SB,2019-06-03,Mon,10:23,15.0,10.0,38.0,66.59885949905565,1.0,False,20.8,69.4
Echo Lake,Shoreline,A764SB,2019-06-10,Mon,10:37,300.0,100.0,44.0,73.58879570271372,1.0,False,20.6,69.1
Echo Lake,Shoreline,A764SB,2019-06-17,Mon,10:14,32.0,110.0,50.0,68.82767896615248,1.0,False,21.6,70.9
Echo Lake,Shoreline,A764SB,2019-06-24,Mon,10:28,84.0,230.0,460.0,72.9735247193909,1.0,True,19.5,67.1
Echo Lake,Shoreline,A764SB,2019-07-01,Mon,10:30,82.0,14.0,19.0,57.6272806734012,1.0,False,22.7,72.9
Echo Lake,Shoreline,A764SB,2019-07-08,Mon,10:45,820.0,3600.0,3000.0,149.0684182762729,4.0,True,20.8,69.4
Echo Lake,Shoreline,A764SB,2019-07-11,Thu,11:21,56.0,32.0,63.0,,,False,21.6,70.9
Echo Lake,Shoreline,A764SB,2019-07-15,Mon,11:35,75.0,65.0,78.0,137.19933174994196,4.0,False,22.6,72.7
Echo Lake,Shoreline,A764SB,2019-07-22,Mon,10:10,38.0,610.0,78.0,160.25011647339102,5.0,True,21.9,71.4
Echo Lake,Shoreline,A764SB,2019-07-29,Mon,10:45,73.0,220.0,49.0,136.3358693122899,4.0,False,23.5,74.3
Echo Lake,Shoreline,A764SB,2019-08-05,Mon,10:05,310.0,110.0,59.0,184.3334671106313,4.0,False,24.6,76.3
Echo Lake,Shoreline,A764SB,2019-08-12,Mon,10:43,26.0,26.0,14.0,73.71004336180647,1.0,False,22.7,72.9
Echo Lake,Shoreline,A764SB,2019-08-19,Mon,10:07,31.0,40.0,43.0,64.6618403871439,1.0,False,22.4,72.3
Echo Lake,Shoreline,A764SB,2019-08-26,Mon,10:35,110.0,260.0,330.0,72.192628927291,1.0,True,21.9,71.4
Echo Lake,Shoreline,A764SB,2019-09-03,Tue,10:51,83.0,68.0,260.0,75.25478268053027,1.0,False,22.7,72.9
Echo Lake,Shoreline,A764SB,2019-09-09,Mon,10:24,220.0,130.0,170.0,79.81441659874831,1.0,False,21.1,70.0
Echo Lake,Shoreline,A764SB,2019-09-16,Mon,10:58,60.0,34.0,420.0,107.77920899788754,2.0,True,19.1,66.4
Echo Lake,Shoreline,A764SB,2020-05-13,Wed,10:18,39.0,32.0,35.0,35.21769083196207,0.0,False,17.4,63.3
Echo Lake,Shoreline,A764SB,2020-05-18,Mon,11:35,89.0,97.0,160.0,62.62687269771693,0.0,False,17.9,64.2
Echo Lake,Shoreline,A764SB,2020-05-26,Tue,11:25,54.0,210.0,100.0,74.2292833292464,0.0,False,17.1,62.8
Echo Lake,Shoreline,A764SB,2020-06-01,Mon,11:38,16.0,4.0,7.0,42.06019532105898,0.0,False,18.7,65.7
Echo Lake,Shoreline,A764SB,2020-06-08,Mon,12:20,9.0,28.0,12.0,33.97314978618321,0.0,False,19.0,66.2
Echo Lake,Shoreline,A764SB,2020-06-15,Mon,11:14,20.0,43.0,29.0,32.727291787447385,0.0,False,17.7,63.9
Echo Lake,Shoreline,A764SB,2020-06-22,Mon,11:57,15.0,9.0,7.0,20.133536863063767,0.0,False,23.6,74.5
Echo Lake,Shoreline,A764SB,2020-06-29,Mon,09:31,17.0,22.0,14.0,14.067357129875518,0.0,False,20.4,68.7
Echo Lake,Shoreline,A764SB,2020-07-06,Mon,10:39,60.0,49.0,240.0,22.98076863015756,0.0,False,21.0,69.8
Echo Lake,Shoreline,A764SB,2020-07-13,Mon,10:10,55.0,40.0,34.0,28.461156128389685,0.0,False,20.2,68.4
Echo Lake,Shoreline,A764SB,2020-07-20,Mon,09:23,46.0,35.0,33.0,29.932897750637323,0.0,False,22.6,72.7
Echo Lake,Shoreline,A764SB,2020-07-27,Mon,10:39,100.0,93.0,100.0,47.38986863367737,0.0,False,23.3,73.9
Echo Lake,Shoreline,A764SB,2020-08-03,Mon,10:22,48.0,63.0,43.0,58.70686353750624,0.0,False,24.5,76.1
Echo Lake,Shoreline,A764SB,2020-08-10,Mon,11:28,12.0,13.0,27.0,41.7270354829515,0.0,False,24.0,75.2
Echo Lake,Shoreline,A764SB,2020-08-17,Mon,09:26,34.0,39.0,53.0,41.55392493077304,0.0,False,,
Echo Lake,Shoreline,A764SB,2020-08-24,Mon,09:45,18.0,17.0,29.0,36.88054737035205,0.0,False,21.8,71.2
Echo Lake,Shoreline,A764SB,2020-08-31,Mon,09:38,20.0,21.0,29.0,27.623263153314618,0.0,False,21.2,70.2
Echo Lake,Shoreline,A764SB,2020-09-08,Tue,09:47,53.0,56.0,170.0,30.23656735492327,0.0,False,21.4,70.5
Echo Lake,Shoreline,A764SB,2020-09-15,Tue,11:50,320.0,4000.0,230.0,63.60566272317571,1.0,True,21.1,70.0
Echo Lake,Shoreline,A764SB,2020-09-21,Mon,11:20,160.0,130.0,170.0,82.59275879852198,1.0,False,,
Echo Lake,Shoreline,A764SB,2020-09-29,Tue,10:30,33.0,130.0,50.0,102.13215546727302,1.0,False,18.3,64.9
Echo Lake,Shoreline,A764SB,2021-05-17,Mon,10:45,16.0,21.0,33.0,22.298949590907,0.0,False,18.2,64.8
Echo Lake,Shoreline,A764SB,2021-05-24,Mon,11:15,3.0,4.0,4.0,9.002208673449301,0.0,False,16.3,61.3
Echo Lake,Shoreline,A764SB,2021-06-01,Tue,10:00,59.0,2.0,60.0,11.588152189887593,0.0,False,19.7,67.5
Echo Lake,Shoreline,A764SB,2021-06-07,Mon,10:35,84.0,79.0,81.0,18.86006820816892,0.0,False,18.2,64.8
Echo Lake,Shoreline,A764SB,2021-06-14,Mon,11:02,60.0,41.0,37.0,22.441078726842164,0.0,False,19.6,67.3
Echo Lake,Shoreline,A764SB,2021-06-21,Mon,11:01,210.0,120.0,59.0,31.107875464688348,0.0,False,23.1,73.6
Echo Lake,Shoreline,A764SB,2021-06-28,Mon,08:30,110.0,220.0,140.0,65.48128035979236,0.0,False,27.2,81.0
Echo Lake,Shoreline,A764SB,2021-07-06,Tue,11:30,1.0,8.0,2.0,43.62374482243781,0.0,False,25.2,77.4
Echo Lake,Shoreline,A764SB,2021-07-12,Mon,08:55,18.0,16.0,19.0,32.12969407749412,0.0,False,23.7,74.7
Echo Lake,Shoreline,A764SB,2021-07-19,Mon,08:51,53.0,40.0,38.0,31.869268771753,0.0,False,23.0,73.4
Echo Lake,Shoreline,A764SB,2021-07-26,Mon,08:45,26.0,17.0,19.0,22.56837658698887,0.0,False,23.0,73.4
Echo Lake,Shoreline,A764SB,2021-08-02,Mon,08:52,2500.0,490.0,110.0,28.84957002976753,2.0,True,23.0,73.4
Echo Lake,Shoreline,A764SB,2021-08-09,Mon,09:14,140.0,180.0,140.0,65.51889804423807,2.0,False,22.7,72.9
Echo Lake,Shoreline,A764SB,2021-08-16,Mon,12:10,26.0,16.0,31.0,69.37247357614216,2.0,False,23.8,74.8
Echo Lake,Shoreline,A764SB,2021-08-23,Mon,10:18,18.0,15.0,23.0,58.47703214964793,2.0,False,20.6,69.1
Echo Lake,Shoreline,A764SB,2021-08-30,Mon,09:44,35.0,37.0,42.0,66.23306744062822,2.0,False,20.3,68.5
Echo Lake,Shoreline,A764SB,2021-09-07,Tue,10:50,100.0,110.0,120.0,48.656912336894486,0.0,False,20.3,68.5
Echo Lake,Shoreline,A764SB,2021-09-13,Mon,08:56,68.0,73.0,73.0,41.807379803691866,0.0,False,19.3,66.7
Echo Lake,Shoreline,A764SB,2021-09-20,Mon,09:32,130.0,57.0,63.0,53.10880531300535,0.0,False,17.2,63.0
Echo Lake,Shoreline,A764SB,2022-05-16,Mon,10:36,14.0,9.0,4.0,7.958114415792785,0.0,False,15.4,59.7
Echo Lake,Shoreline,A764SB,2022-05-23,Mon,10:30,13.0,12.0,19.0,10.691815501914109,0.0,False,18.0,64.4
Echo Lake,Shoreline,A764SB,2022-05-31,Tue,10:00,18.0,16.0,15.0,12.302034553154217,0.0,False,17.0,62.6
Echo Lake,Shoreline,A764SB,2022-06-06,Mon,10:10,40.0,50.0,43.0,16.931323635218824,0.0,False,18.9,66.0
Echo Lake,Shoreline,A764SB,2022-06-13,Mon,10:30,2.0,2.0,1.0,10.546055722017083,0.0,False,18.0,64.4
Echo Lake,Shoreline,A764SB,2022-06-21,Tue,09:30,5.0,2.0,11.0,9.52841955185422,0.0,False,19.3,66.7
Echo Lake,Shoreline,A764SB,2022-06-27,Mon,10:00,48.0,19.0,32.0,11.097844775360535,0.0,False,22.8,73.0
Echo Lake,Shoreline,A764SB,2022-07-05,Tue,10:09,2.0,1.0,3.0,7.157309753505368,0.0,False,21.0,69.8
Echo Lake,Shoreline,A764SB,2022-07-11,Mon,10:25,32.0,12.0,11.0,5.854612785999673,0.0,False,23.0,73.4
Echo Lake,Shoreline,A764SB,2022-07-18,Mon,11:20,15.0,23.0,17.0,9.51872350583253,0.0,False,21.0,69.8
Echo Lake,Shoreline,A764SB,2022-07-25,Mon,11:20,120.0,7.0,14.0,12.997096824576532,0.0,False,22.0,71.6
Echo Lake,Shoreline,A764SB,2022-08-01,Mon,10:45,17.0,16.0,16.0,11.448518554153186,0.0,False,27.0,80.6
Echo Lake,Shoreline,A764SB,2022-08-08,Mon,10:45,16.0,23.0,8.0,17.303544041626804,0.0,False,25.0,77.0
Echo Lake,Shoreline,A764SB,2022-08-15,Mon,11:30,5.0,4.0,7.0,13.787811513550954,0.0,False,24.0,75.2
Echo Lake,Shoreline,A764SB,2022-08-22,Mon,10:05,4.0,29.0,32.0,13.373692536946708,0.0,False,24.0,75.2
Echo Lake,Shoreline,A764SB,2022-08-29,Mon,10:10,57.0,50.0,40.0,15.560295363784377,0.0,False,23.6,74.5
Echo Lake,Shoreline,A764SB,2022-09-06,Tue,10:25,37.0,42.0,38.0,18.514879281249524,0.0,False,22.0,71.6
Echo Lake,Shoreline,A764SB,2022-09-12,Mon,10:00,19.0,26.0,22.0,20.199238930837257,0.0,False,20.0,68.0
Echo Lake,Shoreline,A764SB,2022-09-19,Mon,10:30,41.0,50.0,78.0,32.29855068387599,0.0,False,19.4,66.9
Echo Lake,Shoreline,A764SB,2023-05-15,Mon,11:00,20.0,83.0,74.0,49.71032500893668,0.0,False,21.5,70.7
Echo Lake,Shoreline,A764SB,2023-05-22,Mon,12:10,9.0,13.0,8.0,22.05138860452848,0.0,False,21.0,69.8
Echo Lake,Shoreline,A764SB,2023-05-30,Tue,09:01,14.0,47.0,25.0,23.12527148045885,0.0,False,20.8,69.4
Echo Lake,Shoreline,A764SB,2023-06-05,Mon,09:30,16.0,17.0,83.0,24.314707320180503,0.0,False,19.9,67.8
Echo Lake,Shoreline,A764SB,2023-06-12,Mon,09:30,1.0,4.0,8.0,16.182237427641937,0.0,False,20.1,68.2
Echo Lake,Shoreline,A764SB,2023-06-20,Tue,09:45,5.0,3.0,2.0,9.29445648991369,0.0,False,18.1,64.6
Echo Lake,Shoreline,A764SB,2023-06-26,Mon,09:11,4.0,7.0,5.0,8.188684611125968,0.0,False,20.8,69.4
Echo Lake,Shoreline,A764SB,2023-07-05,Wed,09:30,13.0,38.0,27.0,5.903698432703268,0.0,False,23.9,75.0
Echo Lake,Shoreline,A764SB,2023-07-10,Mon,13:00,5.0,5.0,5.0,5.710752426786815,0.0,False,22.6,72.7
Echo Lake,Shoreline,A764SB,2023-07-17,Mon,11:01,28.0,59.0,55.0,9.703048077469802,0.0,False,23.4,74.1
Echo Lake,Shoreline,A764SB,2023-07-24,Mon,10:45,5.0,9.0,4.0,10.934147629105867,0.0,False,23.5,74.3
Echo Lake,Shoreline,A764SB,2023-07-31,Mon,10:30,8.0,22.0,41.0,14.220979134568026,0.0,False,23.5,74.3
Echo Lake,Shoreline,A764SB,2023-08-07,Mon,11:00,10.0,6.0,13.0,11.76873431429259,0.0,False,23.1,73.6
Echo Lake,Shoreline,A764SB,2023-08-14,Mon,10:15,18.0,31.0,30.0,16.312459805429082,0.0,False,22.3,72.1
Echo Lake,Shoreline,A764SB,2023-08-21,Mon,09:00,55.0,85.0,77.0,17.880490507284815,0.0,False,22.9,73.2
Echo Lake,Shoreline,A764SB,2023-08-28,Mon,09:55,31.0,23.0,33.0,24.743900430649987,0.0,False,21.1,70.0
Echo Lake,Shoreline,A764SB,2023-09-05,Tue,10:55,45.0,110.0,28.0,30.13232246529075,0.0,False,20.2,68.4
Echo Lake,Shoreline,A764SB,2023-09-11,Mon,10:30,28.0,23.0,29.0,37.23733203626206,0.0,False,20.3,68.5
Echo Lake,Shoreline,A764SB,2023-09-18,Mon,09:30,12.0,23.0,13.0,33.603539354878286,0.0,False,19.0,66.2
Echo Lake,Shoreline,A764SB,2024-05-13,Mon,10:00,32.0,14.0,28.0,23.235142934254817,0.0,False,20.0,68.0
Echo Lake,Shoreline,A764SB,2024-05-20,Mon,10:00,20.0,16.0,11.0,18.800228083506536,0.0,False,15.4,59.7
Echo Lake,Shoreline,A764SB,2024-05-28,Tue,10:00,10.0,9.0,7.0,14.470379383898786,0.0,False,15.4,59.7
Echo Lake,Shoreline,A764SB,2024-06-03,Mon,10:00,23.0,16.0,22.0,15.705405228527372,0.0,False,16.4,61.5
Echo Lake,Shoreline,A764SB,2024-06-10,Mon,10:30,7.0,14.0,8.0,14.118667851640849,0.0,False,19.5,67.1
Echo Lake,Shoreline,A764SB,2024-06-17,Mon,11:30,13.0,7.0,37.0,12.933444172129777,0.0,False,17.6,63.7
Echo Lake,Shoreline,A764SB,2024-06-24,Mon,10:30,11.0,11.0,10.0,12.044729189698485,0.0,False,18.2,64.8
Echo Lake,Shoreline,A764SB,2024-07-01,Mon,11:00,23.0,18.0,38.0,14.926566922678283,0.0,False,20.7,69.3
Echo Lake,Shoreline,A764SB,2024-07-08,Mon,10:30,23.0,26.0,35.0,15.902296537859096,0.0,False,25.0,77.0
Echo Lake,Shoreline,A764SB,2024-07-15,Mon,10:30,19.0,31.0,37.0,19.848449108683976,0.0,False,26.0,78.8
Echo Lake,Shoreline,A764SB,2024-07-22,Mon,10:40,7.0,16.0,18.0,19.181227906129504,0.0,False,23.6,74.5
Echo Lake,Shoreline,A764SB,2024-07-29,Mon,10:30,70.0,7.0,94.0,24.448129824263987,0.0,False,22.0,71.6
Echo Lake,Shoreline,A764SB,2024-08-05,Mon,10:30,18.0,68.0,490.0,31.1643840081855,1.0,True,22.2,72.0
Echo Lake,Shoreline,A764SB,2024-08-12,Mon,10:00,8.0,7.0,10.0,24.48047274944173,1.0,False,22.0,71.6
Echo Lake,Shoreline,A764SB,2024-08-19,Mon,11:00,14.0,30.0,610.0,28.85164683309168,2.0,True,20.0,68.0
Echo Lake,Shoreline,A764SB,2024-08-26,Mon,10:30,4.0,7.0,3.0,23.34299218636057,2.0,False,18.0,64.4
Echo Lake,Shoreline,A764SB,2024-09-03,Tue,11:00,21.0,23.0,8.0,19.78809880838566,2.0,False,20.0,68.0
Echo Lake,Shoreline,A764SB,2024-09-09,Mon,10:25,7.0,6.0,16.0,12.58046967701942,1.0,False,17.0,62.6
Echo Lake,Shoreline,A764SB,2024-09-16,Mon,10:30,21.0,28.0,19.0,15.35888594316488,1.0,False,18.0,64.4
Echo Lake,Shoreline,A764SB,2025-05-12,Mon,10:10,130.0,5.0,6.0,15.740609166314435,0.0,False,17.0,62.6
Echo Lake,Shoreline,A764SB,2025-05-19,Mon,10:10,31.0,23.0,27.0,20.53933208954399,0.0,False,15.0,59.0
Echo Lake,Shoreline,A764SB,2025-05-27,Tue,10:00,2.0,47.0,32.0,18.26134911305078,0.0,False,18.0,64.4
Echo Lake,Shoreline,A764SB,2025-06-02,Mon,10:30,23.0,630.0,310.0,31.660576436138506,1.0,True,18.9,66.0
Echo Lake,Shoreline,A764SB,2025-06-09,Mon,10:00,26.0,50.0,55.0,33.422232569721835,1.0,False,23.2,73.8
Echo Lake,Shoreline,A764SB,2025-06-16,Mon,11:00,42.0,13.0,23.0,36.13204272087485,1.0,False,20.4,68.7
Echo Lake,Shoreline,A764SB,2025-06-23,Mon,11:01,3.0,10.0,9.0,27.18649456047029,1.0,False,20.2,68.4
Echo Lake,Shoreline,A764SB,2025-06-30,Mon,09:50,11.0,62.0,74.0,32.809712932568935,1.0,False,22.0,71.6
Echo Lake,Shoreline,A764SB,2025-07-07,Mon,10:30,5.0,4.0,8.0,16.574804863184262,0.0,False,23.0,73.4
Echo Lake,Shoreline,A764SB,2025-07-14,Mon,10:15,23.0,21.0,260.0,17.209016589346756,0.0,False,23.8,74.8
Echo Lake,Shoreline,A764SB,2025-07-21,Mon,10:40,1.0,1.0,5.0,10.211573985823184,0.0,False,24.0,75.2
Echo Lake,Shoreline,A764SB,2025-07-28,Mon,11:00,3.0,2.0,3.0,8.524847218442419,0.0,False,23.6,74.5
Echo Lake,Shoreline,A764SB,2025-08-04,Mon,10:45,6.0,4.0,14.0,6.103441924773781,0.0,False,22.6,72.7
Echo Lake,Shoreline,A764SB,2025-08-11,Mon,10:00,16.0,12.0,8.0,7.096750963791589,0.0,False,25.0,77.0
Echo Lake,Shoreline,A764SB,2025-08-18,Mon,10:45,5.0,4.0,5.0,4.410266838976292,0.0,False,22.5,72.5
Echo Lake,Shoreline,A764SB,2025-08-25,Mon,10:30,18.0,41.0,20.0,7.512871436091695,0.0,False,24.1,75.4
Echo Lake,Shoreline,A764SB,2025-09-02,Tue,10:15,460.0,55.0,40.0,15.576378465671176,1.0,True,22.5,72.5
Echo Lake,Shoreline,A764SB,2025-09-08,Mon,11:00,36.0,97.0,49.0,23.600899745559044,1.0,False,22.0,71.6
Echo Lake,Shoreline,A764SB,2025-09-15,Mon,10:30,35.0,41.0,35.0,29.77811083436888,1.0,False,20.8,69.4
Echo Lake,Shoreline,A764SB,2026-05-11,Mon,10:20,1.0,3.0,2.0,1.81712059283214,0.0,False,19.9,67.8
Echo Lake,Shoreline,A764SB,2026-05-18,Mon,10:20,6.0,34.0,69.0,6.62376757362749,0.0,False,17.0,62.6
Echo Lake,Shoreline,A764SB,2026-05-26,Tue,10:30,7.0,4.0,10.0,6.596443360322014,0.0,False,18.0,64.4
Echo Lake,Shoreline,A764SB,2026-06-01,Mon,10:30,1.0,10.0,11.0,6.0897355758952685,0.0,False,19.9,67.8
Echo Lake,Shoreline,A764SB,2026-06-08,Mon,10:20,4.0,5.0,5.0,5.767825087236764,0.0,False,18.5,65.3
Echo Lake,Shoreline,A764SB,2026-06-16,Tue,10:30,1.0,1.0,1.0,5.118413069064382,0.0,False,24.3,75.7
Echo Lake,Shoreline,A764SB,2026-06-22,Mon,09:00,1.0,27.0,42.0,4.32723935335448,0.0,False,22.7,72.9
Echo Lake,Shoreline,A764SB,2026-06-29,Mon,11:00,4.0,10.0,8.0,4.365932810671861,0.0,False,22.6,72.7
Echo Lake,Shoreline,A764SB,2026-07-06,Mon,09:30,25.0,20.0,13.0,5.7303140741297005,0.0,False,22.0,71.6
Echo Lake,Shoreline,A764SB,2026-07-13,Mon,11:00,23.0,24.0,5.0,7.148896861122846,0.0,False,22.0,71.6
Echo Lake,Shoreline,A764SB,2026-07-20,Mon,10:30,150.0,330.0,87.0,19.793108022979027,1.0,True,23.5,74.3
Echo Lake,Shoreline,A764SB,2026-07-27,Mon,09:30,190.0,70.0,60.0,30.64361406007268,1.0,False,22.0,71.6
Echo Lake,Shoreline,A764SB,2026-08-03,Mon,10:30,76.0,97.0,110.0,51.67278304985536,1.0,False,22.5,72.5
Echo Lake,Shoreline,A764SB,2026-08-10,Mon,11:00,47.0,69.0,70.0,65.48431591920419,1.0,False,24.0,75.2
Echo Lake,Shoreline,A764SB,2026-08-17,Mon,10:10,36.0,66.0,64.0,85.54837875931564,1.0,False,23.8,74.8
Echo Lake,Shoreline,A764SB,2026-08-24,Mon,10:00,40.0,190.0,180.0,79.2518167426285,0.0,False,23.8,74.8
Echo Lake,Shoreline,A764SB,2026-08-31,Mon,00:00,47.0,110.0,120.0,77.93283704860063,0.0,False,,
Enatai,Bellevue,ENATAISB,2019-05-13,Mon,13:08,4.0,4.0,1.0,2.519842099789746,0.0,False,18.7,65.7
Enatai,Bellevue,ENATAISB,2019-05-20,Mon,13:31,120.0,41.0,26.0,11.267902287450518,0.0,False,16.9,62.4
Enatai,Bellevue,ENATAISB,2019-05-28,Tue,11:28,7.0,8.0,4.0,9.169958781133472,0.0,False,17.5,63.5
Enatai,Bellevue,ENATAISB,2019-06-03,Mon,12:20,2.0,9.0,3.0,7.347535351623492,0.0,False,19.9,67.8
Enatai,Bellevue,ENATAISB,2019-06-10,Mon,13:53,5.0,12.0,5.0,7.211984163766947,0.0,False,18.7,65.7
Enatai,Bellevue,ENATAISB,2019-06-17,Mon,15:00,94.0,270.0,340.0,17.385137686922562,1.0,True,21.9,71.4
Enatai,Bellevue,ENATAISB,2019-06-24,Mon,12:34,420.0,940.0,910.0,29.517312074521172,4.0,True,19.4,66.9
Enatai,Bellevue,ENATAISB,2019-07-01,Mon,10:37,810.0,1100.0,120.0,70.57716387816646,6.0,True,21.2,70.2
Enatai,Bellevue,ENATAISB,2019-07-08,Mon,12:49,640.0,1.0,540.0,126.59295396994446,8.0,True,21.9,71.4
Enatai,Bellevue,ENATAISB,2019-07-11,Thu,07:59,470.0,43.0,23.0,,,True,20.7,69.3
Enatai,Bellevue,ENATAISB,2019-07-15,Mon,13:18,13000.0,520.0,290.0,360.3775788935497,10.0,True,22.7,72.9
Enatai,Bellevue,ENATAISB,2019-07-18,Thu,09:56,76.0,460.0,87.0,,,True,21.5,70.7
Enatai,Bellevue,ENATAISB,2019-07-22,Mon,15:37,300.0,530.0,610.0,423.4559032179903,11.0,True,23.3,73.9
Enatai,Bellevue,ENATAISB,2019-07-25,Thu,09:25,8.0,6.0,42.0,,,False,22.5,72.5
Enatai,Bellevue,ENATAISB,2019-07-29,Mon,13:28,4500.0,2000.0,340.0,488.4593016726181,11.0,True,22.6,72.7
Enatai,Bellevue,ENATAISB,2019-08-01,Thu,09:20,33.0,210.0,710.0,,,True,22.3,72.1
Enatai,Bellevue,ENATAISB,2019-08-05,Mon,13:38,120.0,290.0,94.0,387.14316308773664,9.0,False,23.9,75.0
Enatai,Bellevue,ENATAISB,2019-08-08,Thu,09:56,63.0,74.0,14.0,,,False,23.2,73.8
Enatai,Bellevue,ENATAISB,2019-08-12,Mon,15:10,120.0,78.0,88.0,410.2203931811853,7.0,False,23.3,73.9
Enatai,Bellevue,ENATAISB,2019-08-19,Mon,14:01,5.0,15.0,28.0,164.06233435367182,5.0,False,23.1,73.6
Enatai,Bellevue,ENATAISB,2019-08-26,Mon,13:17,26.0,15.0,5.0,79.78037317450082,3.0,False,22.8,73.0
Enatai,Bellevue,ENATAISB,2019-09-03,Tue,14:12,58.0,60.0,150.0,44.73965888321874,0.0,False,23.2,73.8
Enatai,Bellevue,ENATAISB,2019-09-09,Mon,13:07,39.0,51.0,36.0,34.67698635735516,0.0,False,21.7,71.1
Enatai,Bellevue,ENATAISB,2019-09-16,Mon,13:11,2.0,3.0,10.0,18.37387945951655,0.0,False,21.6,70.9
Enatai,Bellevue,ENATAISB,2019-09-23,Mon,13:20,,,,,,,19.2,66.6
Enatai,Bellevue,ENATAISB,2019-09-30,Mon,10:36,,,,,,,17.7,63.9
Enatai,Bellevue,ENATAISB,2019-10-07,Mon,12:14,,,,,,,16.8,62.2
Enatai,Bellevue,ENATAISB,2019-10-14,Mon,11:18,,,,,,,15.4,59.7
Enatai,Bellevue,ENATAISB,2019-10-21,Mon,10:38,,,,,,,13.7,56.7
Enatai,Bellevue,ENATAISB,2020-05-13,Wed,10:43,8.0,8.0,8.0,7.999999999999998,0.0,False,15.8,60.4
Enatai,Bellevue,ENATAISB,2020-05-20,Wed,09:56,6.0,7.0,3.0,6.332960088277573,0.0,False,16.1,61.0
Enatai,Bellevue,ENATAISB,2020-05-27,Wed,09:32,11.0,5.0,18.0,7.366358579807926,0.0,False,16.8,62.2
Enatai,Bellevue,ENATAISB,2020-06-03,Wed,09:44,1.0,3.0,16.0,6.173665261518094,0.0,False,17.0,62.6
Enatai,Bellevue,ENATAISB,2020-06-10,Wed,09:52,10.0,8.0,7.0,6.541042902590473,0.0,False,17.4,63.3
Enatai,Bellevue,ENATAISB,2020-06-17,Wed,09:40,3.0,27.0,790.0,9.024776893666946,1.0,True,17.5,63.5
Enatai,Bellevue,ENATAISB,2020-06-24,Wed,10:21,44.0,95.0,65.0,15.055126667590208,1.0,False,20.7,69.3
Enatai,Bellevue,ENATAISB,2020-06-30,Tue,09:02,37.0,9.0,1100.0,22.33046990432065,2.0,True,19.5,67.1
Enatai,Bellevue,ENATAISB,2020-07-08,Wed,10:32,160.0,130.0,330.0,49.27049565821984,3.0,True,19.7,67.5
Enatai,Bellevue,ENATAISB,2020-07-15,Wed,09:55,230.0,71.0,95.0,83.57730869340946,3.0,False,20.7,69.3
Enatai,Bellevue,ENATAISB,2020-07-22,Wed,10:20,9.0,9.0,21.0,65.62377291416469,2.0,False,22.6,72.7
Enatai,Bellevue,ENATAISB,2020-07-29,Wed,10:13,1100.0,920.0,2300.0,120.01875288829328,5.0,True,23.5,74.3
Enatai,Bellevue,ENATAISB,2020-08-05,Wed,10:12,49.0,28.0,27.0,103.01674896733402,4.0,False,23.8,74.8
Enatai,Bellevue,ENATAISB,2020-08-12,Wed,10:53,5.0,7.0,21.0,56.00436075232992,3.0,False,22.1,71.8
Enatai,Bellevue,ENATAISB,2020-08-19,Wed,10:02,10.0,30.0,41.0,40.56656164815555,3.0,False,23.3,73.9
Enatai,Bellevue,ENATAISB,2020-08-26,Wed,09:08,74.0,32.0,53.0,54.0378941338867,3.0,False,22.6,72.7
Enatai,Bellevue,ENATAISB,2020-09-02,Wed,09:08,360.0,340.0,180.0,39.60725895045015,2.0,True,22.1,71.8
Enatai,Bellevue,ENATAISB,2020-09-09,Wed,09:25,5.0,2.0,2.0,23.98440389912589,2.0,False,21.7,71.1
Enatai,Bellevue,ENATAISB,2020-09-22,Tue,13:20,,,,,,,21.7,71.1
Enatai,Bellevue,ENATAISB,2020-09-29,Tue,12:36,,,,,,,19.1,66.4
Enatai,Bellevue,ENATAISB,2020-10-06,Tue,12:47,,,,,,,18.8,65.8
Enatai,Bellevue,ENATAISB,2020-10-13,Tue,12:48,,,,,,,17.1,62.8
Enatai,Bellevue,ENATAISB,2020-10-20,Tue,12:34,,,,,,,16.0,60.8
Enatai,Bellevue,ENATAISB,2020-10-27,Tue,12:25,,,,,,,14.5,58.1
Enatai,Bellevue,ENATAISB,2021-05-19,Wed,09:31,16.0,12.0,5.0,9.864848297321885,0.0,False,15.6,60.1
Enatai,Bellevue,ENATAISB,2021-05-26,Wed,11:13,29.0,23.0,41.0,17.239717857262985,0.0,False,16.0,60.8
Enatai,Bellevue,ENATAISB,2021-06-02,Wed,09:26,1.0,10.0,63.0,13.658131028829544,0.0,False,18.6,65.5
Enatai,Bellevue,ENATAISB,2021-06-09,Wed,09:49,14.0,11.0,10.0,13.09695040143609,0.0,False,17.0,62.6
Enatai,Bellevue,ENATAISB,2021-06-16,Wed,09:44,170.0,77.0,15.0,17.644317875098128,0.0,False,18.3,64.9
Enatai,Bellevue,ENATAISB,2021-06-23,Wed,09:30,23.0,15.0,37.0,20.966286322930912,0.0,False,21.5,70.7
Enatai,Bellevue,ENATAISB,2021-06-30,Wed,12:04,96.0,120.0,43.0,25.43249270787926,0.0,False,25.1,77.2
Enatai,Bellevue,ENATAISB,2021-07-07,Wed,10:14,4.0,5.0,6.0,22.77080102728988,0.0,False,23.5,74.3
Enatai,Bellevue,ENATAISB,2021-07-14,Wed,09:36,68.0,490.0,82.0,37.49541660838951,1.0,True,23.9,75.0
Enatai,Bellevue,ENATAISB,2021-07-21,Wed,10:22,23.0,86.0,50.0,35.81974934223241,1.0,False,22.8,73.0
Enatai,Bellevue,ENATAISB,2021-07-28,Wed,13:11,55.0,220.0,68.0,47.286892331961006,1.0,False,24.0,75.2
Enatai,Bellevue,ENATAISB,2021-08-04,Wed,12:47,40.0,21.0,70.0,41.02398702305097,1.0,False,24.7,76.5
Enatai,Bellevue,ENATAISB,2021-08-11,Wed,11:10,2.0,8.0,11.0,42.08493178556893,1.0,False,24.0,75.2
Enatai,Bellevue,ENATAISB,2021-08-18,Wed,10:24,4.0,11.0,6.0,22.72299814519433,0.0,False,23.2,73.8
Enatai,Bellevue,ENATAISB,2021-08-25,Wed,11:00,26.0,20.0,63.0,21.109379767610903,0.0,False,,
Enatai,Bellevue,ENATAISB,2021-09-01,Wed,09:53,8.0,120.0,5.0,14.980924090372207,0.0,False,,
Enatai,Bellevue,ENATAISB,2021-09-08,Wed,10:28,290.0,1100.0,1500.0,27.30479442660403,2.0,True,21.1,70.0
Enatai,Bellevue,ENATAISB,2021-09-15,Wed,10:51,3.0,8.0,1.0,23.9084900756448,2.0,False,,
Enatai,Bellevue,ENATAISB,2021-09-22,Wed,10:46,520.0,560.0,760.0,59.35339312390145,5.0,True,19.1,66.4
Enatai,Bellevue,ENATAISB,2021-09-28,Tue,12:29,,,,,,,18.0,64.4
Enatai,Bellevue,ENATAISB,2021-10-05,Tue,12:31,,,,,,,16.7,62.1
Enatai,Bellevue,ENATAISB,2021-10-12,Tue,11:39,,,,,,,15.4,59.7
Enatai,Bellevue,ENATAISB,2021-10-19,Tue,13:05,,,,,,,15.2,59.4
Enatai,Bellevue,ENATAISB,2021-10-26,Tue,13:09,,,,,,,13.8,56.8
Enatai,Bellevue,ENATAISB,2022-05-17,Tue,09:49,23.0,31.0,32.0,28.36263021155451,0.0,False,13.3,55.9
Enatai,Bellevue,ENATAISB,2022-05-24,Tue,09:39,3.0,2.0,14.0,11.145164057521333,0.0,False,14.9,58.8
Enatai,Bellevue,ENATAISB,2022-05-31,Tue,09:44,6.0,6.0,4.0,8.667137739238209,0.0,False,14.4,57.9
Enatai,Bellevue,ENATAISB,2022-06-07,Tue,10:19,74.0,56.0,36.0,13.63170862250531,0.0,False,17.3,63.1
Enatai,Bellevue,ENATAISB,2022-06-14,Tue,09:30,10.0,26.0,29.0,14.659921968109384,0.0,False,16.2,61.2
Enatai,Bellevue,ENATAISB,2022-06-22,Wed,10:18,120.0,69.0,48.0,17.736467592621327,0.0,False,18.4,65.1
Enatai,Bellevue,ENATAISB,2022-06-28,Tue,11:44,2.0,9.0,11.0,18.77988189326865,0.0,False,20.4,68.7
Enatai,Bellevue,ENATAISB,2022-07-06,Wed,10:00,55.0,450.0,210.0,37.80259879324096,1.0,True,20.4,68.7
Enatai,Bellevue,ENATAISB,2022-07-12,Tue,10:00,68.0,570.0,84.0,46.42847056858241,2.0,True,21.9,71.4
Enatai,Bellevue,ENATAISB,2022-07-19,Tue,10:05,4.0,8.0,35.0,40.88595590962699,2.0,False,21.9,71.4
Enatai,Bellevue,ENATAISB,2022-07-26,Tue,12:51,18.0,26.0,11.0,30.60074173847913,2.0,False,24.2,75.6
Enatai,Bellevue,ENATAISB,2022-08-02,Tue,11:26,2.0,1.0,5.0,25.07769450674108,2.0,False,26.3,79.3
Enatai,Bellevue,ENATAISB,2022-08-09,Tue,09:35,5.0,8.0,5.0,12.734150375397352,1.0,False,23.6,74.5
Enatai,Bellevue,ENATAISB,2022-08-16,Tue,10:29,75.0,330.0,560.0,14.025229799770267,2.0,True,24.2,75.6
Enatai,Bellevue,ENATAISB,2022-08-23,Tue,11:59,7.0,3.0,1.0,10.759119650450623,2.0,False,24.4,75.9
Enatai,Bellevue,ENATAISB,2022-08-30,Tue,10:16,25.0,8.0,19.0,10.54353897600147,2.0,False,23.6,74.5
Enatai,Bellevue,ENATAISB,2022-09-07,Wed,10:06,1.0,2.0,1.0,9.470837989583584,2.0,False,22.3,72.1
Enatai,Bellevue,ENATAISB,2022-09-13,Tue,09:33,1.0,1.0,3.0,7.158046106847185,2.0,False,21.3,70.3
Enatai,Bellevue,ENATAISB,2022-09-20,Tue,10:14,9.0,28.0,3.0,3.720303714330772,0.0,False,20.5,68.9
Enatai,Bellevue,ENATAISB,2022-09-26,Mon,11:38,,,,,,,20.2,68.4
Enatai,Bellevue,ENATAISB,2022-10-03,Mon,12:35,,,,,,,19.9,67.8
Enatai,Bellevue,ENATAISB,2022-10-11,Tue,12:54,,,,,,,19.2,66.6
Enatai,Bellevue,ENATAISB,2022-10-17,Mon,12:52,,,,,,,19.4,66.9
Enatai,Bellevue,ENATAISB,2022-10-24,Mon,11:49,,,,,,,16.3,61.3
Enatai,Bellevue,ENATAISB,2023-05-16,Tue,09:32,1.0,1.0,11.0,2.223980090569316,0.0,False,18.2,64.8
Enatai,Bellevue,ENATAISB,2023-05-23,Tue,09:17,6.0,2.0,2.0,2.532798582594292,0.0,False,17.7,63.9
Enatai,Bellevue,ENATAISB,2023-05-31,Wed,09:59,3.0,5.0,5.0,3.001976190158772,0.0,False,18.7,65.7
Enatai,Bellevue,ENATAISB,2023-06-06,Tue,10:32,12.0,40.0,260.0,6.063731760607314,0.0,False,19.0,66.2
Enatai,Bellevue,ENATAISB,2023-06-13,Tue,07:34,12.0,22.0,15.0,7.345786991070734,0.0,False,19.9,67.8
Enatai,Bellevue,ENATAISB,2023-06-20,Tue,10:31,4.0,10.0,6.0,9.021793892718811,0.0,False,17.6,63.7
Enatai,Bellevue,ENATAISB,2023-06-27,Tue,12:39,35.0,690.0,1000.0,22.67113662115777,2.0,True,21.2,70.2
Enatai,Bellevue,ENATAISB,2023-07-05,Wed,10:23,16.0,30.0,87.0,34.555717046673244,2.0,False,22.1,71.8
Enatai,Bellevue,ENATAISB,2023-07-11,Tue,10:01,26.0,23.0,21.0,29.65061019977611,2.0,False,22.1,71.8
Enatai,Bellevue,ENATAISB,2023-07-18,Tue,12:18,230.0,200.0,41.0,44.72565769159372,2.0,False,23.1,73.6
Enatai,Bellevue,ENATAISB,2023-07-25,Tue,12:30,41.0,99.0,300.0,78.99119303878825,2.0,False,23.1,73.6
Enatai,Bellevue,ENATAISB,2023-08-01,Tue,09:31,59.0,23.0,58.0,53.92432534550468,0.0,False,22.8,73.0
Enatai,Bellevue,ENATAISB,2023-08-08,Tue,10:09,840.0,670.0,110.0,87.73720716133171,2.0,True,23.0,73.4
Enatai,Bellevue,ENATAISB,2023-08-15,Tue,10:42,440.0,300.0,170.0,144.54085880973085,3.0,True,24.3,75.7
Enatai,Bellevue,ENATAISB,2023-08-22,Tue,10:07,15.0,41.0,14.0,100.91476851908706,3.0,False,22.8,73.0
Enatai,Bellevue,ENATAISB,2023-08-29,Tue,09:38,9.0,240.0,6.0,74.54623396919017,3.0,False,22.0,71.6
Enatai,Bellevue,ENATAISB,2023-09-06,Wed,09:04,10.0,17.0,83.0,66.4753020802467,3.0,False,20.8,69.4
Enatai,Bellevue,ENATAISB,2023-09-12,Tue,10:49,3.0,4.0,27.0,29.55154571977047,1.0,False,20.8,69.4
Enatai,Bellevue,ENATAISB,2023-09-19,Tue,09:30,290.0,210.0,79.0,26.66827781586161,0.0,False,19.7,67.5
Enatai,Bellevue,ENATAISB,2023-09-25,Mon,10:39,,,,,,,19.0,66.2
Enatai,Bellevue,ENATAISB,2023-10-02,Mon,12:41,,,,,,,17.2,63.0
Enatai,Bellevue,ENATAISB,2023-10-10,Tue,12:48,,,,,,,,
Enatai,Bellevue,ENATAISB,2023-10-16,Mon,12:33,,,,,,,16.5,61.7
Enatai,Bellevue,ENATAISB,2023-10-23,Mon,11:29,,,,,,,15.3,59.5
Enatai,Bellevue,ENATAISB,2024-05-14,Tue,08:06,1.0,260.0,6.0,11.597779995297998,0.0,False,15.0,59.0
Enatai,Bellevue,ENATAISB,2024-05-21,Tue,10:21,14.0,14.0,26.0,14.12729464030146,0.0,False,15.8,60.4
Enatai,Bellevue,ENATAISB,2024-05-29,Wed,08:52,2.0,14.0,8.0,10.662147117358808,0.0,False,14.0,57.2
Enatai,Bellevue,ENATAISB,2024-06-04,Tue,08:44,45.0,33.0,37.0,14.651345771344747,0.0,False,15.1,59.2
Enatai,Bellevue,ENATAISB,2024-06-11,Tue,08:39,71.0,350.0,670.0,25.9494860445156,2.0,True,17.4,63.3
Enatai,Bellevue,ENATAISB,2024-06-17,Mon,10:51,15.0,410.0,480.0,42.91359296623657,4.0,True,16.3,61.3
Enatai,Bellevue,ENATAISB,2024-06-25,Tue,11:45,490.0,870.0,1400.0,93.43346912424067,7.0,True,19.7,67.5
Enatai,Bellevue,ENATAISB,2024-07-02,Tue,08:54,17.0,70.0,110.0,142.87247981222453,7.0,False,19.7,67.5
Enatai,Bellevue,ENATAISB,2024-07-09,Tue,08:05,260.0,120.0,2000.0,228.36647251086205,8.0,True,23.7,74.7
Enatai,Bellevue,ENATAISB,2024-07-16,Tue,10:45,210.0,300.0,400.0,234.76443208255063,7.0,True,25.3,77.5
Enatai,Bellevue,ENATAISB,2024-07-23,Tue,09:00,29.0,9.0,10.0,146.9153734848709,5.0,False,23.1,73.6
Enatai,Bellevue,ENATAISB,2024-07-30,Tue,09:26,18.0,160.0,12.0,76.66243354218913,2.0,False,22.0,71.6
Enatai,Bellevue,ENATAISB,2024-08-06,Tue,09:24,86.0,23.0,25.0,71.84519223778852,2.0,False,23.0,73.4
Enatai,Bellevue,ENATAISB,2024-08-13,Tue,09:38,26.0,110.0,31.0,46.4052646341024,1.0,False,22.6,72.7
Enatai,Bellevue,ENATAISB,2024-08-20,Tue,08:24,32.0,70.0,72.0,33.13695402712124,0.0,False,22.2,72.0
Enatai,Bellevue,ENATAISB,2024-08-27,Tue,09:22,7.0,12.0,3.0,28.355017575671848,0.0,False,20.5,68.9
Enatai,Bellevue,ENATAISB,2024-09-04,Wed,10:09,390.0,570.0,950.0,50.70325917618025,3.0,True,21.2,70.2
Enatai,Bellevue,ENATAISB,2024-09-10,Tue,09:12,39.0,16.0,93.0,51.24709979491044,3.0,False,21.3,70.3
Enatai,Bellevue,ENATAISB,2024-09-17,Tue,10:05,600.0,970.0,960.0,91.82629433168846,6.0,True,19.6,67.3
Enatai,Bellevue,ENATAISB,2024-09-23,Mon,11:33,8.0,19.0,15.0,69.12853407862423,6.0,False,20.1,68.2
Enatai,Bellevue,ENATAISB,2024-09-30,Mon,09:17,,,,,,,18.4,65.1
Enatai,Bellevue,ENATAISB,2024-10-07,Mon,12:09,,,,,,,18.1,64.6
Enatai,Bellevue,ENATAISB,2024-10-15,Tue,11:52,,,,,,,17.0,62.6
Enatai,Bellevue,ENATAISB,2024-10-21,Mon,09:31,,,,,,,15.6,60.1
Enatai,Bellevue,ENATAISB,2025-05-13,Tue,09:50,4.0,4.0,5.0,4.308869380063767,0.0,False,15.3,59.5
Enatai,Bellevue,ENATAISB,2025-05-20,Tue,09:20,6.0,8.0,18.0,6.4062018950576896,0.0,False,13.7,56.7
Enatai,Bellevue,ENATAISB,2025-05-28,Wed,08:25,1.0,2800.0,130.0,14.309811121937226,1.0,True,16.9,62.4
Enatai,Bellevue,ENATAISB,2025-06-03,Tue,10:00,1.0,1.0,48.0,10.158483102651594,1.0,False,17.8,64.0
Enatai,Bellevue,ENATAISB,2025-06-10,Tue,08:42,39.0,130.0,130.0,15.60965043371502,1.0,False,21.1,70.0
Enatai,Bellevue,ENATAISB,2025-06-16,Mon,10:11,12.0,13.0,260.0,23.644331597138,1.0,False,20.1,68.2
Enatai,Bellevue,ENATAISB,2025-06-24,Tue,10:10,69.0,110.0,80.0,36.60285062096451,1.0,False,19.9,67.8
Enatai,Bellevue,ENATAISB,2025-07-01,Tue,09:09,120.0,28.0,330.0,39.42439447859452,1.0,True,21.0,69.8
Enatai,Bellevue,ENATAISB,2025-07-08,Tue,09:17,1.0,3.0,11.0,38.45178853047536,1.0,False,22.2,72.0
Enatai,Bellevue,ENATAISB,2025-07-15,Tue,09:12,20.0,25.0,48.0,30.831917876945436,1.0,False,22.8,73.0
Enatai,Bellevue,ENATAISB,2025-07-22,Tue,08:59,2.0,4.0,10.0,20.35479236462674,1.0,False,22.8,73.0
Enatai,Bellevue,ENATAISB,2025-07-29,Tue,09:26,3.0,7.0,15.0,12.29320892658474,1.0,False,22.8,73.0
Enatai,Bellevue,ENATAISB,2025-08-05,Tue,08:58,350.0,600.0,3700.0,19.0269765419484,3.0,True,22.2,72.0
Enatai,Bellevue,ENATAISB,2025-08-12,Tue,07:51,110.0,2400.0,1300.0,55.86914245673603,5.0,True,22.2,72.0
Enatai,Bellevue,ENATAISB,2025-08-19,Tue,09:36,9.0,10.0,52.0,50.100375333768746,5.0,False,22.3,72.1
Enatai,Bellevue,ENATAISB,2025-08-26,Tue,07:29,48.0,31.0,40.0,77.85368528281691,5.0,False,23.2,73.8
Enatai,Bellevue,ENATAISB,2025-09-03,Wed,09:59,35.0,57.0,130.0,121.80100966911152,5.0,False,23.0,73.4
Enatai,Bellevue,ENATAISB,2025-09-09,Tue,09:40,99.0,200.0,22.0,73.94270690022681,2.0,False,22.7,72.9
Enatai,Bellevue,ENATAISB,2025-09-16,Tue,10:44,15.0,21.0,18.0,35.48932428886349,0.0,False,21.4,70.5
Enatai,Bellevue,ENATAISB,2025-09-22,Mon,10:35,,,,,,,20.4,68.7
Enatai,Bellevue,ENATAISB,2025-09-29,Mon,13:19,,,,,,,19.9,67.8
Enatai,Bellevue,ENATAISB,2025-10-06,Mon,08:25,,,,,,,18.4,65.1
Enatai,Bellevue,ENATAISB,2025-10-14,Tue,11:39,,,,,,,17.0,62.6
Enatai,Bellevue,ENATAISB,2025-10-20,Mon,11:48,,,,,,,15.8,60.4
Enatai,Bellevue,ENATAISB,2026-05-12,Tue,08:55,2.0,3.0,2.0,2.289428485106664,0.0,False,16.5,61.7
Enatai,Bellevue,ENATAISB,2026-05-19,Tue,09:15,420.0,10.0,9.0,8.765543331662315,1.0,True,15.5,59.9
Enatai,Bellevue,ENATAISB,2026-05-27,Wed,09:06,3.0,6.0,1.0,5.861299994394332,1.0,False,17.2,63.0
Enatai,Bellevue,ENATAISB,2026-06-02,Tue,09:20,190.0,110.0,99.0,12.656411479695564,1.0,False,18.0,64.4
Enatai,Bellevue,ENATAISB,2026-06-09,Tue,12:25,330.0,350.0,360.0,24.534324273933823,4.0,True,17.4,63.3
Enatai,Bellevue,ENATAISB,2026-06-16,Tue,10:26,1.0,14.0,3.0,26.67136876327685,4.0,False,20.3,68.5
Enatai,Bellevue,ENATAISB,2026-06-23,Tue,09:00,160.0,240.0,290.0,38.96378445846781,3.0,False,22.0,71.6
Enatai,Bellevue,ENATAISB,2026-06-30,Tue,09:12,4.0,8.0,21.0,49.59839048257566,3.0,False,19.4,66.9
Enatai,Bellevue,ENATAISB,2026-07-07,Tue,10:03,6.0,2.0,12.0,26.200303221039512,3.0,False,20.7,69.3
Enatai,Bellevue,ENATAISB,2026-07-14,Tue,08:49,3.0,5.0,5.0,10.84887660118903,0.0,False,21.4,70.5
Enatai,Bellevue,ENATAISB,2026-07-21,Tue,08:49,5.0,10.0,23.0,13.527410609247667,0.0,False,22.8,73.0
Enatai,Bellevue,ENATAISB,2026-07-28,Tue,12:13,16.0,11.0,11.0,7.595559114915611,0.0,False,23.5,74.3
Enatai,Bellevue,ENATAISB,2026-08-04,Tue,12:24,150.0,86.0,110.0,12.653207291867318,0.0,False,22.1,71.8
Enatai,Bellevue,ENATAISB,2026-08-11,Tue,08:47,13.0,26.0,13.0,15.891581773124084,0.0,False,22.7,72.9
Enatai,Bellevue,ENATAISB,2026-08-18,Tue,12:15,220.0,6000.0,6400.0,54.694875290490366,2.0,True,24.3,75.7
Enatai,Bellevue,ENATAISB,2026-08-25,Tue,09:18,360.0,140.0,1400.0,114.06104650203474,4.0,True,22.7,72.9
Fivemile Lake,King County Parks,A735SB,2024-05-13,Mon,11:17,44.0,36.0,32.0,37.00852007346193,0.0,False,20.5,68.9
Fivemile Lake,King County Parks,A735SB,2024-05-20,Mon,11:59,5.0,7.0,20.0,18.12733104232342,0.0,False,18.6,65.5
Fivemile Lake,King County Parks,A735SB,2024-05-28,Tue,12:01,19.0,36.0,36.0,21.223547496827344,0.0,False,17.4,63.3
Fivemile Lake,King County Parks,A735SB,2024-06-03,Mon,12:32,47.0,95.0,97.0,29.16282441016793,0.0,False,17.2,63.0
Fivemile Lake,King County Parks,A735SB,2024-06-10,Mon,11:29,17.0,130.0,250.0,35.86623738012343,0.0,False,20.9,69.6
Fivemile Lake,King County Parks,A735SB,2024-06-17,Mon,08:19,36.0,45.0,41.0,36.51842732280154,0.0,False,17.9,64.2
Fivemile Lake,King County Parks,A735SB,2024-06-24,Mon,12:11,41.0,17.0,21.0,44.72348814988158,0.0,False,21.8,71.2
Fivemile Lake,King County Parks,A735SB,2024-07-01,Mon,08:23,46.0,53.0,44.0,49.33375659910623,0.0,False,22.0,71.6
Fivemile Lake,King County Parks,A735SB,2024-07-08,Mon,08:35,110.0,210.0,110.0,55.510049927638825,0.0,False,25.0,77.0
Fivemile Lake,King County Parks,A735SB,2024-07-15,Mon,08:57,47.0,23.0,45.0,47.208334582418914,0.0,False,24.7,76.5
Fivemile Lake,King County Parks,A735SB,2024-07-22,Mon,08:52,8.0,15.0,36.0,39.3457357940245,0.0,False,23.9,75.0
Fivemile Lake,King County Parks,A735SB,2024-07-29,Mon,10:03,27.0,35.0,32.0,41.29584137014248,0.0,False,22.2,72.0
Fivemile Lake,King County Parks,A735SB,2024-08-05,Mon,09:40,25.0,30.0,29.0,37.128252690753605,0.0,False,24.3,75.7
Fivemile Lake,King County Parks,A735SB,2024-08-12,Mon,11:31,33.0,38.0,47.0,28.88887034833584,0.0,False,22.8,73.0
Fivemile Lake,King County Parks,A735SB,2024-08-19,Mon,11:57,42.0,27.0,120.0,30.939571836363683,0.0,False,23.8,74.8
Fivemile Lake,King County Parks,A735SB,2024-08-26,Mon,09:28,23.0,20.0,59.0,34.97218006054852,0.0,False,19.4,66.9
Fivemile Lake,King County Parks,A735SB,2024-09-03,Tue,09:09,98.0,110.0,280.0,47.5337822967527,0.0,False,20.8,69.4
Fivemile Lake,King County Parks,A735SB,2024-09-09,Mon,09:56,310.0,370.0,300.0,77.67550167638245,1.0,True,21.3,70.3
Fivemile Lake,King County Parks,A735SB,2024-09-16,Mon,09:29,1500.0,230.0,120.0,120.24242601067562,2.0,True,18.3,64.9
Fivemile Lake,King County Parks,A735SB,2024-09-23,Mon,13:21,45.0,35.0,13.0,105.97897235466768,2.0,False,19.6,67.3
Fivemile Lake,King County Parks,A735SB,2024-09-30,Mon,10:34,,,,,,,16.7,62.1
Fivemile Lake,King County Parks,A735SB,2024-10-07,Mon,10:17,,,,,,,16.4,61.5
Fivemile Lake,King County Parks,A735SB,2024-10-15,Tue,10:15,,,,,,,15.3,59.5
Fivemile Lake,King County Parks,A735SB,2024-10-21,Mon,10:49,,,,,,,13.9,57.0
Fivemile Lake,King County Parks,A735SB,2025-05-12,Mon,12:43,140.0,100.0,35.0,78.83735163105244,0.0,False,18.3,64.9
Fivemile Lake,King County Parks,A735SB,2025-05-19,Mon,12:05,13.0,12.0,13.0,31.589591153882523,0.0,False,16.3,61.3
Fivemile Lake,King County Parks,A735SB,2025-05-27,Tue,13:06,65.0,36.0,32.0,34.77700737009706,0.0,False,19.3,66.7
Fivemile Lake,King County Parks,A735SB,2025-06-02,Mon,12:04,42.0,160.0,61.0,42.04303711971136,0.0,False,22.4,72.3
Fivemile Lake,King County Parks,A735SB,2025-06-09,Mon,12:18,44.0,70.0,280.0,49.507293138436935,0.0,False,25.9,78.6
Fivemile Lake,King County Parks,A735SB,2025-06-16,Mon,09:42,9.0,41.0,63.0,40.4030270123329,0.0,False,20.2,68.4
Fivemile Lake,King County Parks,A735SB,2025-06-23,Mon,09:16,20.0,2100.0,59.0,64.89573077583445,1.0,True,19.4,66.9
Fivemile Lake,King County Parks,A735SB,2025-06-30,Mon,09:23,260.0,100.0,170.0,85.16998214376898,1.0,False,22.7,72.9
Fivemile Lake,King County Parks,A735SB,2025-07-07,Mon,13:25,47.0,9.0,36.0,68.38320846089967,1.0,False,24.1,75.4
Fivemile Lake,King County Parks,A735SB,2025-07-14,Mon,11:55,5.0,3.0,90.0,44.455395150383175,1.0,False,26.3,79.3
Fivemile Lake,King County Parks,A735SB,2025-07-21,Mon,09:16,2.0,1.0,23.0,29.355120625631496,1.0,False,22.2,72.0
Fivemile Lake,King County Parks,A735SB,2025-07-28,Mon,09:57,2.0,3.0,1.0,12.396160743960236,0.0,False,23.1,73.6
Fivemile Lake,King County Parks,A735SB,2025-08-04,Mon,09:08,14.0,25.0,38.0,8.417487703761722,0.0,False,21.8,71.2
Fivemile Lake,King County Parks,A735SB,2025-08-11,Mon,13:46,170.0,180.0,210.0,12.595121099784862,0.0,False,,
Fivemile Lake,King County Parks,A735SB,2025-08-18,Mon,12:48,11.0,8.0,8.0,12.060119382737826,0.0,False,23.3,73.9
Fivemile Lake,King County Parks,A735SB,2025-08-25,Mon,12:33,13.0,17.0,190.0,18.99812801517684,0.0,False,26.0,78.8
Fivemile Lake,King County Parks,A735SB,2025-09-02,Tue,09:38,7.0,8.0,20.0,26.92249228882225,0.0,False,20.5,68.9
Fivemile Lake,King County Parks,A735SB,2025-09-08,Mon,13:20,59.0,43.0,37.0,30.668553868216872,0.0,False,22.2,72.0
Fivemile Lake,King County Parks,A735SB,2025-09-15,Mon,08:51,13.0,17.0,16.0,18.59508067702585,0.0,False,19.1,66.4
Fivemile Lake,King County Parks,A735SB,2025-09-22,Mon,11:40,,,,,,,20.0,68.0
Fivemile Lake,King County Parks,A735SB,2025-09-29,Mon,12:15,,,,,,,18.9,66.0
Fivemile Lake,King County Parks,A735SB,2025-10-06,Mon,09:59,,,,,,,16.5,61.7
Fivemile Lake,King County Parks,A735SB,2025-10-14,Tue,09:48,,,,,,,13.0,55.4
Fivemile Lake,King County Parks,A735SB,2025-10-20,Mon,10:33,,,,,,,12.5,54.5
Fivemile Lake,King County Parks,A735SB,2026-05-11,Mon,12:54,18.0,13.0,240.0,38.29502579315944,0.0,False,20.3,68.5
Fivemile Lake,King County Parks,A735SB,2026-05-18,Mon,12:57,1.0,1.0,4.0,7.796766267447718,0.0,False,18.1,64.6
Fivemile Lake,King County Parks,A735SB,2026-05-26,Tue,09:24,12.0,14.0,19.0,9.637180584688108,0.0,False,18.2,64.8
Fivemile Lake,King County Parks,A735SB,2026-06-01,Mon,09:20,61.0,59.0,63.0,15.284668737830234,0.0,False,18.9,66.0
Fivemile Lake,King County Parks,A735SB,2026-06-08,Mon,13:14,3.0,5.0,3.0,11.41876124021764,0.0,False,19.1,66.4
Fivemile Lake,King County Parks,A735SB,2026-06-15,Mon,09:27,12.0,32.0,17.0,9.892571441527195,0.0,False,23.2,73.8
Fivemile Lake,King County Parks,A735SB,2026-06-22,Mon,09:22,28.0,99.0,44.0,19.690417411312787,0.0,False,22.8,73.0
Fivemile Lake,King County Parks,A735SB,2026-06-29,Mon,09:00,6.0,5.0,7.0,16.423486210658435,0.0,False,19.5,67.1
Fivemile Lake,King County Parks,A735SB,2026-07-06,Mon,12:23,140.0,150.0,5.0,15.601863611040471,0.0,False,23.6,74.5
Fivemile Lake,King County Parks,A735SB,2026-07-13,Mon,09:04,120.0,69.0,18.0,26.78237986948319,0.0,False,22.5,72.5
Fivemile Lake,King County Parks,A735SB,2026-07-20,Mon,09:13,230.0,13.0,14.0,30.31450195391432,0.0,False,22.5,72.5
Fivemile Lake,King County Parks,A735SB,2026-07-27,Mon,10:06,13.0,6.0,8.0,21.326177355661443,0.0,False,23.4,74.1
Fivemile Lake,King County Parks,A735SB,2026-08-03,Mon,09:12,83.0,33.0,50.0,32.850037228962194,0.0,False,21.5,70.7
Fivemile Lake,King County Parks,A735SB,2026-08-10,Mon,09:14,9.0,9.0,10.0,23.751383612056557,0.0,False,23.0,73.4
Fivemile Lake,King County Parks,A735SB,2026-08-17,Mon,09:00,54.0,68.0,95.0,25.136828173404822,0.0,False,22.1,71.8
Fivemile Lake,King County Parks,A735SB,2026-08-24,Mon,09:26,410.0,79.0,260.0,35.79998252041354,1.0,True,21.3,70.3
Fivemile Lake,King County Parks,A735SB,2026-08-31,Mon,00:00,300.0,260.0,57.0,64.67480667077983,1.0,False,,
Gene Coulon,Renton,0828SB,2019-05-13,Mon,14:31,9.0,2.0,2.0,3.3019272488946263,0.0,False,19.1,66.4
Gene Coulon,Renton,0828SB,2019-05-20,Mon,15:28,4.0,6.0,1.0,3.0861636884341053,0.0,False,16.0,60.8
Gene Coulon,Renton,0828SB,2019-05-28,Tue,10:38,360.0,110.0,240.0,12.635785390496295,1.0,True,17.0,62.6
Gene Coulon,Renton,0828SB,2019-06-03,Mon,14:06,40.0,780.0,120.0,23.658089341620247,2.0,True,20.9,69.6
Gene Coulon,Renton,0828SB,2019-06-10,Mon,16:55,75.0,100.0,200.0,32.428223030084865,2.0,False,21.7,71.1
Gene Coulon,Renton,0828SB,2019-06-13,Thu,07:08,3800.0,520.0,29.0,,,True,,
Gene Coulon,Renton,0828SB,2019-06-17,Mon,15:34,23.0,51.0,200.0,58.23599745943472,2.0,False,23.2,73.8
Gene Coulon,Renton,0828SB,2019-06-20,Thu,07:05,360.0,150.0,120.0,,,True,18.1,64.6
Gene Coulon,Renton,0828SB,2019-06-24,Mon,14:40,89.0,250.0,160.0,128.80738660167884,2.0,False,21.7,71.1
Gene Coulon,Renton,0828SB,2019-06-26,Wed,13:00,2700.0,9300.0,4400.0,,,True,22.0,71.6
Gene Coulon,Renton,0828SB,2019-07-01,Mon,11:50,110.0,68.0,75.0,106.66236224366456,1.0,False,22.8,73.0
Gene Coulon,Renton,0828SB,2019-07-02,Tue,09:22,86.0,50.0,32.0,,,False,21.4,70.5
Gene Coulon,Renton,0828SB,2019-07-08,Mon,13:45,270.0,3.0,430.0,91.04421870495788,1.0,True,21.7,71.1
Gene Coulon,Renton,0828SB,2019-07-11,Thu,07:28,510.0,450.0,120.0,,,True,20.4,68.7
Gene Coulon,Renton,0828SB,2019-07-15,Mon,13:27,120.0,97.0,95.0,89.21229842349466,1.0,False,23.7,74.7
Gene Coulon,Renton,0828SB,2019-07-18,Thu,08:56,970.0,94.0,42.0,,,True,18.5,65.3
Gene Coulon,Renton,0828SB,2019-07-22,Mon,14:20,16.0,22.0,220.0,82.85789277980179,1.0,False,24.2,75.6
Gene Coulon,Renton,0828SB,2019-07-25,Thu,07:10,170.0,36.0,48.0,,,False,22.3,72.1
Gene Coulon,Renton,0828SB,2019-07-29,Mon,12:39,24.0,800.0,400.0,87.21569227918113,3.0,True,22.6,72.7
Gene Coulon,Renton,0828SB,2019-08-05,Mon,14:48,2000.0,2800.0,840.0,159.28012792862904,6.0,True,26.2,79.2
Gene Coulon,Renton,0828SB,2019-08-08,Thu,09:07,860.0,57.0,58.0,,,True,23.2,73.8
Gene Coulon,Renton,0828SB,2019-08-12,Mon,13:48,14.0,11000.0,7000.0,272.1902816113951,7.0,True,25.3,77.5
Gene Coulon,Renton,0828SB,2019-08-15,Thu,07:40,230.0,81.0,59.0,,,False,24.0,75.2
Gene Coulon,Renton,0828SB,2019-08-19,Mon,13:32,23.0,290.0,1400.0,313.7938544771173,8.0,True,23.7,74.7
Gene Coulon,Renton,0828SB,2019-08-22,Thu,08:47,530.0,220.0,300.0,,,True,22.3,72.1
Gene Coulon,Renton,0828SB,2019-08-26,Mon,13:14,81.0,720.0,19000.0,593.8610183214864,10.0,True,24.8,76.6
Gene Coulon,Renton,0828SB,2019-08-29,Thu,09:23,91.0,260.0,490.0,,,True,22.4,72.3
Gene Coulon,Renton,0828SB,2019-09-03,Tue,09:56,15.0,23.0,54.0,397.5040833662211,8.0,False,22.9,73.2
Gene Coulon,Renton,0828SB,2019-09-05,Thu,10:31,48.0,28.0,32.0,,,False,22.9,73.2
Gene Coulon,Renton,0828SB,2019-09-09,Mon,17:08,180.0,100.0,92.0,233.94537417760213,5.0,False,22.1,71.8
Gene Coulon,Renton,0828SB,2019-09-16,Mon,14:44,23.0,75.0,110.0,131.4675785333167,3.0,False,20.5,68.9
Gene Coulon,Renton,0828SB,2019-09-23,Mon,12:08,,,,,,,19.2,66.6
Gene Coulon,Renton,0828SB,2019-09-30,Mon,09:26,,,,,,,17.2,63.0
Gene Coulon,Renton,0828SB,2019-10-07,Mon,10:53,,,,,,,16.6,61.9
Gene Coulon,Renton,0828SB,2019-10-14,Mon,09:55,,,,,,,14.7,58.5
Gene Coulon,Renton,0828SB,2019-10-21,Mon,09:52,,,,,,,12.9,55.2
Gene Coulon,Renton,0828SB,2020-05-12,Tue,12:06,11.0,6.0,9.0,8.40611799196616,0.0,False,16.6,61.9
Gene Coulon,Renton,0828SB,2020-05-19,Tue,12:15,66.0,310.0,13.0,23.250871597339067,0.0,False,16.7,62.1
Gene Coulon,Renton,0828SB,2020-05-26,Tue,12:27,29.0,14.0,32.0,23.33643998016465,0.0,False,16.5,61.7
Gene Coulon,Renton,0828SB,2020-06-02,Tue,12:27,48.0,740.0,110.0,37.6138761353935,1.0,True,18.4,65.1
Gene Coulon,Renton,0828SB,2020-06-09,Tue,12:25,32.0,15.0,51.0,35.716253735535915,1.0,False,13.0,55.4
Gene Coulon,Renton,0828SB,2020-06-16,Tue,10:31,41.0,58.0,32.0,49.35951971304013,1.0,False,15.3,59.5
Gene Coulon,Renton,0828SB,2020-06-23,Tue,12:46,280.0,260.0,72.0,60.211380522877576,1.0,False,21.9,71.4
Gene Coulon,Renton,0828SB,2020-06-30,Tue,10:31,360.0,12.0,7.0,63.699932156978704,2.0,True,19.8,67.6
Gene Coulon,Renton,0828SB,2020-07-07,Tue,08:55,120.0,71.0,8.0,48.63137688210436,1.0,False,19.3,66.7
Gene Coulon,Renton,0828SB,2020-07-14,Tue,11:10,87.0,86.0,180.0,63.52555755185504,1.0,False,21.1,70.0
Gene Coulon,Renton,0828SB,2020-07-21,Tue,12:05,110.0,170.0,460.0,87.0624717338362,2.0,True,24.5,76.1
Gene Coulon,Renton,0828SB,2020-07-28,Tue,11:34,520.0,260.0,520.0,103.5139155685806,4.0,True,24.2,75.6
Gene Coulon,Renton,0828SB,2020-08-04,Tue,13:01,28.0,110.0,460.0,133.77671301129402,4.0,True,25.6,78.1
Gene Coulon,Renton,0828SB,2020-08-11,Tue,12:45,59.0,13000.0,3300.0,269.7941336933866,6.0,True,24.1,75.4
Gene Coulon,Renton,0828SB,2020-08-18,Tue,12:58,43.0,48.0,210.0,250.1545582423556,6.0,False,24.2,75.6
Gene Coulon,Renton,0828SB,2020-08-25,Tue,11:16,22.0,33.0,5000.0,236.1722678828348,6.0,True,24.4,75.9
Gene Coulon,Renton,0828SB,2020-09-01,Tue,12:38,8.0,12.0,54.0,125.2394727237918,4.0,False,23.4,74.1
Gene Coulon,Renton,0828SB,2020-09-08,Tue,12:40,16.0,47.0,3.0,81.50981991971297,3.0,False,23.0,73.4
Gene Coulon,Renton,0828SB,2020-09-22,Tue,11:40,,,,,,,21.5,70.7
Gene Coulon,Renton,0828SB,2020-09-29,Tue,11:13,,,,,,,18.3,64.9
Gene Coulon,Renton,0828SB,2020-10-06,Tue,11:57,,,,,,,18.6,65.5
Gene Coulon,Renton,0828SB,2020-10-13,Tue,11:43,,,,,,,16.1,61.0
Gene Coulon,Renton,0828SB,2020-10-20,Tue,11:25,,,,,,,15.2,59.4
Gene Coulon,Renton,0828SB,2020-10-27,Tue,11:25,,,,,,,13.8,56.8
Gene Coulon,Renton,0828SB,2021-05-18,Tue,12:43,5.0,35.0,130.0,28.33525554048532,0.0,False,14.5,58.1
Gene Coulon,Renton,0828SB,2021-05-25,Tue,10:11,57.0,480.0,69.0,59.17765670461817,1.0,True,14.8,58.6
Gene Coulon,Renton,0828SB,2021-06-01,Tue,12:30,26.0,31.0,53.0,49.65361047157042,1.0,False,19.6,67.3
Gene Coulon,Renton,0828SB,2021-06-08,Tue,11:50,130.0,3.0,3.0,33.70119338380317,1.0,False,17.3,63.1
Gene Coulon,Renton,0828SB,2021-06-15,Tue,12:28,63.0,1400.0,80.0,47.71850130626571,2.0,True,18.4,65.1
Gene Coulon,Renton,0828SB,2021-06-22,Tue,12:07,49.0,11.0,9.0,43.04705583079732,2.0,False,23.2,73.8
Gene Coulon,Renton,0828SB,2021-06-29,Tue,12:38,140.0,110.0,74.0,41.62260625909655,1.0,False,27.7,81.9
Gene Coulon,Renton,0828SB,2021-07-06,Tue,10:15,21.0,100.0,27.0,42.415775707124894,1.0,False,23.6,74.5
Gene Coulon,Renton,0828SB,2021-07-13,Tue,12:24,16.0,47.0,39.0,52.577571129272776,1.0,False,25.9,78.6
Gene Coulon,Renton,0828SB,2021-07-20,Tue,12:34,32.0,220.0,12.0,39.14535252368122,0.0,False,23.2,73.8
Gene Coulon,Renton,0828SB,2021-07-27,Tue,10:25,69.0,41.0,140.0,52.497931156773824,0.0,False,24.8,76.6
Gene Coulon,Renton,0828SB,2021-08-03,Tue,12:38,10.0,14.0,29.0,36.05181179662441,0.0,False,26.0,78.8
Gene Coulon,Renton,0828SB,2021-08-10,Tue,12:46,2.0,10.0,29.0,26.56134671457392,0.0,False,23.9,75.0
Gene Coulon,Renton,0828SB,2021-08-17,Tue,11:37,10.0,7.0,10.0,20.70639353351628,0.0,False,23.1,73.6
Gene Coulon,Renton,0828SB,2021-08-24,Tue,11:46,6.0,5.0,10.0,14.216595944331129,0.0,False,22.1,71.8
Gene Coulon,Renton,0828SB,2021-08-31,Tue,11:40,16.0,4.0,11.0,9.320725802464594,0.0,False,21.9,71.4
Gene Coulon,Renton,0828SB,2021-09-07,Tue,12:08,1.0,9.0,73.0,8.255036942474174,0.0,False,22.0,71.6
Gene Coulon,Renton,0828SB,2021-09-14,Tue,10:40,73.0,260.0,2000.0,17.28935938350309,1.0,True,20.9,69.6
Gene Coulon,Renton,0828SB,2021-09-21,Tue,12:43,63.0,30.0,100.0,25.111336017283275,1.0,False,20.1,68.2
Gene Coulon,Renton,0828SB,2021-09-28,Tue,11:17,,,,,,,17.1,62.8
Gene Coulon,Renton,0828SB,2021-10-05,Tue,11:27,,,,,,,16.5,61.7
Gene Coulon,Renton,0828SB,2021-10-12,Tue,10:20,,,,,,,15.3,59.5
Gene Coulon,Renton,0828SB,2021-10-19,Tue,11:35,,,,,,,15.0,59.0
Gene Coulon,Renton,0828SB,2021-10-26,Tue,11:59,,,,,,,9.9,49.8
Gene Coulon,Renton,0828SB,2022-05-16,Mon,12:45,26.0,5.0,10.0,10.913928830611058,0.0,False,12.8,55.0
Gene Coulon,Renton,0828SB,2022-05-23,Mon,12:21,9.0,5.0,54.0,12.113182793769043,0.0,False,16.4,61.5
Gene Coulon,Renton,0828SB,2022-05-31,Tue,11:19,26.0,24.0,22.0,15.2021958000098,0.0,False,14.7,58.5
Gene Coulon,Renton,0828SB,2022-06-06,Mon,11:41,79.0,65.0,39.0,21.29267192628818,0.0,False,16.1,61.0
Gene Coulon,Renton,0828SB,2022-06-13,Mon,12:50,55.0,32.0,110.0,26.00425924157483,0.0,False,15.6,60.1
Gene Coulon,Renton,0828SB,2022-06-21,Tue,10:59,410.0,55.0,64.0,41.50209607993113,1.0,True,18.4,65.1
Gene Coulon,Renton,0828SB,2022-06-27,Mon,12:15,380.0,110.0,58.0,65.76627310251848,2.0,True,22.5,72.5
Gene Coulon,Renton,0828SB,2022-07-05,Tue,11:16,24.0,19.0,64.0,69.15746538000253,2.0,False,20.7,69.3
Gene Coulon,Renton,0828SB,2022-07-11,Mon,10:49,47.0,43.0,65.0,67.24046513763261,2.0,False,23.3,73.9
Gene Coulon,Renton,0828SB,2022-07-18,Mon,13:07,740.0,240.0,580.0,102.17902379100308,4.0,True,22.0,71.6
Gene Coulon,Renton,0828SB,2022-07-25,Mon,12:27,220.0,900.0,600.0,137.10745742536628,5.0,True,24.7,76.5
Gene Coulon,Renton,0828SB,2022-08-01,Mon,12:42,360.0,350.0,770.0,175.33887276054944,7.0,True,28.5,83.3
Gene Coulon,Renton,0828SB,2022-08-08,Mon,11:11,460.0,4200.0,3200.0,397.1418876959792,10.0,True,25.1,77.2
Gene Coulon,Renton,0828SB,2022-08-15,Mon,11:13,400.0,650.0,320.0,610.5509896170064,12.0,True,24.7,76.5
Gene Coulon,Renton,0828SB,2022-08-22,Mon,10:26,41.0,180.0,80.0,432.786427411284,10.0,False,24.4,75.9
Gene Coulon,Renton,0828SB,2022-08-29,Mon,12:13,32.0,19.0,66.0,254.00896060238068,8.0,False,24.2,75.6
Gene Coulon,Renton,0828SB,2022-09-06,Tue,10:58,9.0,14.0,11.0,120.73758960145284,5.0,False,22.3,72.1
Gene Coulon,Renton,0828SB,2022-09-12,Mon,11:29,7.0,5.0,1.0,34.04368506965216,2.0,False,21.9,71.4
Gene Coulon,Renton,0828SB,2022-09-19,Mon,12:50,7.0,12.0,23.0,16.714580608295893,0.0,False,22.1,71.8
Gene Coulon,Renton,0828SB,2022-09-26,Mon,10:30,,,,,,,20.3,68.5
Gene Coulon,Renton,0828SB,2022-10-03,Mon,10:51,,,,,,,19.9,67.8
Gene Coulon,Renton,0828SB,2022-10-11,Tue,11:09,,,,,,,18.9,66.0
Gene Coulon,Renton,0828SB,2022-10-17,Mon,10:51,,,,,,,18.3,64.9
Gene Coulon,Renton,0828SB,2022-10-24,Mon,10:51,,,,,,,16.0,60.8
Gene Coulon,Renton,0828SB,2023-05-15,Mon,10:52,67.0,35.0,24.0,38.322282048477256,0.0,False,21.3,70.3
Gene Coulon,Renton,0828SB,2023-05-22,Mon,11:11,170.0,41.0,17.0,43.38496965629861,0.0,False,19.5,67.1
Gene Coulon,Renton,0828SB,2023-05-30,Tue,12:47,14.0,9.0,67.0,33.71562675157714,0.0,False,19.6,67.3
Gene Coulon,Renton,0828SB,2023-06-05,Mon,13:13,27.0,67.0,160.0,39.902794092869335,0.0,False,21.7,71.1
Gene Coulon,Renton,0828SB,2023-06-12,Mon,12:55,2000.0,130.0,58.0,57.4596180963962,1.0,True,21.4,70.5
Gene Coulon,Renton,0828SB,2023-06-20,Tue,09:36,260.0,50.0,110.0,71.2899316596302,1.0,False,17.6,63.7
Gene Coulon,Renton,0828SB,2023-06-26,Mon,10:45,150.0,230.0,53.0,85.55703969295405,1.0,False,20.7,69.3
Gene Coulon,Renton,0828SB,2023-07-05,Wed,10:39,86.0,23.0,46.0,111.23327014311168,1.0,False,24.4,75.9
Gene Coulon,Renton,0828SB,2023-07-10,Mon,13:27,560.0,350.0,22.0,120.0327292454468,3.0,True,22.2,72.0
Gene Coulon,Renton,0828SB,2023-07-17,Mon,08:50,550.0,27.0,16.0,91.01843293242658,3.0,True,23.6,74.5
Gene Coulon,Renton,0828SB,2023-07-24,Mon,13:09,27.0,75.0,230.0,84.45988304641462,3.0,False,24.1,75.4
Gene Coulon,Renton,0828SB,2023-07-31,Mon,12:06,19.0,1.0,9.0,45.50340389837445,3.0,False,23.6,74.5
Gene Coulon,Renton,0828SB,2023-08-07,Mon,12:08,75.0,26.0,55.0,46.00497131216039,3.0,False,23.8,74.8
Gene Coulon,Renton,0828SB,2023-08-14,Mon,11:36,25.0,240.0,77.0,39.64018254622611,1.0,False,25.6,78.1
Gene Coulon,Renton,0828SB,2023-08-21,Mon,10:50,1.0,6.0,3.0,21.058659235498663,0.0,False,23.8,74.8
Gene Coulon,Renton,0828SB,2023-08-28,Mon,10:54,4.0,5.0,7.0,12.2639130242817,0.0,False,23.0,73.4
Gene Coulon,Renton,0828SB,2023-09-05,Tue,12:29,95.0,87.0,50.0,20.614691753988183,0.0,False,21.4,70.5
Gene Coulon,Renton,0828SB,2023-09-11,Mon,10:57,6.0,1.0,12.0,12.665991483262102,0.0,False,21.5,70.7
Gene Coulon,Renton,0828SB,2023-09-18,Mon,12:53,4.0,4.0,2.0,6.688669315590933,0.0,False,21.2,70.2
Gene Coulon,Renton,0828SB,2023-09-25,Mon,09:28,,,,,,,18.5,65.3
Gene Coulon,Renton,0828SB,2023-10-02,Mon,11:23,,,,,,,17.1,62.8
Gene Coulon,Renton,0828SB,2023-10-10,Tue,14:02,,,,,,,,
Gene Coulon,Renton,0828SB,2023-10-16,Mon,10:48,,,,,,,16.2,61.2
Gene Coulon,Renton,0828SB,2023-10-23,Mon,09:58,,,,,,,15.0,59.0
Gene Coulon,Renton,0828SB,2024-05-13,Mon,10:08,420.0,20.0,32.0,64.53714584098178,1.0,True,17.6,63.7
Gene Coulon,Renton,0828SB,2024-05-20,Mon,10:30,9.0,5.0,9.0,21.851472832456103,1.0,False,15.0,59.0
Gene Coulon,Renton,0828SB,2024-05-28,Tue,10:27,94.0,61.0,66.0,32.56605119787803,1.0,False,14.2,57.6
Gene Coulon,Renton,0828SB,2024-06-03,Mon,10:58,110.0,120.0,260.0,47.7752277331442,1.0,False,14.3,57.7
Gene Coulon,Renton,0828SB,2024-06-10,Mon,09:42,160.0,550.0,120.0,64.80469544274757,2.0,True,17.6,63.7
Gene Coulon,Renton,0828SB,2024-06-17,Mon,09:49,12.0,120.0,140.0,63.57366145079598,1.0,False,15.7,60.3
Gene Coulon,Renton,0828SB,2024-06-24,Mon,10:37,120.0,280.0,24.0,105.49136807615456,1.0,False,17.5,63.5
Gene Coulon,Renton,0828SB,2024-07-01,Mon,09:42,83.0,84.0,100.0,109.87713027611692,1.0,False,20.3,68.5
Gene Coulon,Renton,0828SB,2024-07-08,Mon,10:01,110.0,90.0,68.0,98.57053113922288,1.0,False,25.3,77.5
Gene Coulon,Renton,0828SB,2024-07-15,Mon,10:32,28.0,12.0,9.0,57.21917889269399,0.0,False,25.0,77.0
Gene Coulon,Renton,0828SB,2024-07-22,Mon,10:24,15.0,46.0,110.0,53.6115509358505,0.0,False,24.3,75.7
Gene Coulon,Renton,0828SB,2024-07-29,Mon,11:44,320.0,98.0,18.0,52.35179461396562,0.0,False,22.7,72.9
Gene Coulon,Renton,0828SB,2024-08-05,Mon,10:31,150.0,260.0,300.0,63.18104518907287,0.0,False,24.3,75.7
Gene Coulon,Renton,0828SB,2024-08-12,Mon,10:13,110.0,240.0,650.0,78.40522723025465,1.0,True,22.9,73.2
Gene Coulon,Renton,0828SB,2024-08-19,Mon,10:24,200.0,360.0,330.0,142.5703867692393,3.0,True,23.4,74.1
Gene Coulon,Renton,0828SB,2024-08-26,Mon,11:29,120.0,280.0,980.0,213.7228218048746,4.0,True,21.1,70.0
Gene Coulon,Renton,0828SB,2024-09-03,Tue,10:33,1300.0,9300.0,3400.0,450.8180991591878,7.0,True,21.5,70.7
Gene Coulon,Renton,0828SB,2024-09-09,Mon,11:16,26.0,470.0,2500.0,480.6065666217237,9.0,True,21.9,71.4
Gene Coulon,Renton,0828SB,2024-09-16,Mon,10:47,2400.0,230.0,50.0,496.0770703888557,9.0,True,19.7,67.5
Gene Coulon,Renton,0828SB,2024-09-23,Mon,12:43,220.0,63.0,65.0,398.8453167936229,7.0,False,20.1,68.2
Gene Coulon,Renton,0828SB,2024-09-30,Mon,09:58,,,,,,,18.0,64.4
Gene Coulon,Renton,0828SB,2024-10-07,Mon,11:09,,,,,,,17.7,63.9
Gene Coulon,Renton,0828SB,2024-10-15,Tue,11:05,,,,,,,16.6,61.9
Gene Coulon,Renton,0828SB,2024-10-21,Mon,11:56,,,,,,,15.1,59.2
Gene Coulon,Renton,0828SB,2025-05-12,Mon,10:31,56.0,140.0,81.0,85.95418507988032,0.0,False,14.8,58.6
Gene Coulon,Renton,0828SB,2025-05-19,Mon,10:27,960.0,1100.0,350.0,248.3641115000709,3.0,True,14.3,57.7
Gene Coulon,Renton,0828SB,2025-05-27,Tue,11:04,27.0,13.0,51.0,117.29184429729266,3.0,False,16.2,61.2
Gene Coulon,Renton,0828SB,2025-06-02,Mon,11:03,28.0,25.0,140.0,92.872335633535,3.0,False,19.0,66.2
Gene Coulon,Renton,0828SB,2025-06-09,Mon,11:12,16.0,27.0,31.0,70.70206908360623,3.0,False,23.6,74.5
Gene Coulon,Renton,0828SB,2025-06-16,Mon,11:35,45.0,6.0,2.0,44.130444522671,3.0,False,20.5,68.9
Gene Coulon,Renton,0828SB,2025-06-23,Mon,11:02,68.0,86.0,61.0,27.778704281826943,0.0,False,20.1,68.2
Gene Coulon,Renton,0828SB,2025-06-30,Mon,11:13,120.0,47.0,38.0,32.77864612660393,0.0,False,22.7,72.9
Gene Coulon,Renton,0828SB,2025-07-07,Mon,11:38,8.0,10.0,19.0,24.82935926705176,0.0,False,23.6,74.5
Gene Coulon,Renton,0828SB,2025-07-14,Mon,10:13,3.0,12.0,6.0,18.85700573847818,0.0,False,24.4,75.9
Gene Coulon,Renton,0828SB,2025-07-21,Mon,11:02,15.0,11.0,59.0,22.86663254687575,0.0,False,23.7,74.7
Gene Coulon,Renton,0828SB,2025-07-28,Mon,11:31,75.0,210.0,17.0,22.43339646399377,0.0,False,24.5,76.1
Gene Coulon,Renton,0828SB,2025-08-04,Mon,10:52,94.0,82.0,150.0,25.101117073926996,0.0,False,22.9,73.2
Gene Coulon,Renton,0828SB,2025-08-11,Mon,11:49,860.0,170.0,87.0,45.83542385708052,1.0,True,25.2,77.4
Gene Coulon,Renton,0828SB,2025-08-18,Mon,10:47,200.0,320.0,470.0,100.95384330939729,2.0,True,22.6,72.7
Gene Coulon,Renton,0828SB,2025-08-25,Mon,10:46,31.0,2000.0,530.0,173.51817211215428,4.0,True,24.6,76.3
Gene Coulon,Renton,0828SB,2025-09-02,Tue,11:18,18.0,40.0,75.0,155.95138979039726,4.0,False,20.3,68.5
Gene Coulon,Renton,0828SB,2025-09-08,Mon,11:20,110.0,170.0,360.0,175.38670089672402,5.0,True,23.4,74.1
Gene Coulon,Renton,0828SB,2025-09-15,Mon,10:50,50.0,340.0,390.0,167.9318680750942,6.0,True,21.3,70.3
Gene Coulon,Renton,0828SB,2025-09-22,Mon,09:39,59.0,31.0,51.0,114.26157050874318,5.0,False,20.2,68.4
Gene Coulon,Renton,0828SB,2025-09-29,Mon,11:00,,,,,,,19.6,67.3
Gene Coulon,Renton,0828SB,2025-10-06,Mon,09:15,,,,,,,18.1,64.6
Gene Coulon,Renton,0828SB,2025-10-14,Tue,09:11,,,,,,,16.0,60.8
Gene Coulon,Renton,0828SB,2025-10-20,Mon,09:53,,,,,,,14.2,57.6
Gene Coulon,Renton,0828SB,2026-05-11,Mon,10:59,240.0,860.0,14000.0,1424.3364100197157,2.0,True,16.7,62.1
Gene Coulon,Renton,0828SB,2026-05-18,Mon,10:59,46.0,21.0,16.0,188.36019857509083,2.0,False,15.1,59.2
Gene Coulon,Renton,0828SB,2026-05-26,Tue,11:07,350.0,230.0,690.0,238.32825562701493,4.0,True,15.3,59.5
Gene Coulon,Renton,0828SB,2026-06-01,Mon,11:15,75.0,90.0,300.0,203.43096990219635,4.0,False,19.2,66.6
Gene Coulon,Renton,0828SB,2026-06-08,Mon,11:15,31.0,73.0,220.0,168.47707143152243,4.0,False,16.1,61.0
Gene Coulon,Renton,0828SB,2026-06-15,Mon,11:21,54.0,80.0,670.0,106.3136085562744,3.0,True,22.7,72.9
Gene Coulon,Renton,0828SB,2026-06-22,Mon,11:09,86.0,140.0,190.0,148.3455050146454,3.0,False,22.8,73.0
Gene Coulon,Renton,0828SB,2026-06-29,Mon,10:46,15.0,25.0,7.0,76.36716711592861,1.0,False,18.7,65.7
Gene Coulon,Renton,0828SB,2026-07-06,Mon,10:12,44.0,48.0,94.0,65.41336084846516,1.0,False,20.9,69.6
Gene Coulon,Renton,0828SB,2026-07-13,Mon,10:56,45.0,85.0,420.0,70.72691189465093,2.0,True,22.9,73.2
Gene Coulon,Renton,0828SB,2026-07-20,Mon,10:59,77.0,24.0,200.0,61.65896877621163,1.0,False,23.0,73.4
Gene Coulon,Renton,0828SB,2026-07-27,Mon,12:07,260.0,240.0,360.0,71.80203016606454,2.0,True,22.3,72.1
Gene Coulon,Renton,0828SB,2026-08-03,Mon,11:08,24.0,41.0,3600.0,116.0952924736497,3.0,True,21.7,71.1
Gene Coulon,Renton,0828SB,2026-08-10,Mon,11:36,19.0,43.0,260.0,116.61995041751872,3.0,False,23.9,75.0
Gene Coulon,Renton,0828SB,2026-08-17,Mon,11:42,16.0,19.0,39.0,84.0704456969251,2.0,False,23.6,74.5
Gene Coulon,Renton,0828SB,2026-08-24,Mon,11:23,61.0,78.0,70.0,83.4890240106056,2.0,False,23.5,74.3
Gene Coulon,Renton,0828SB,2026-08-31,Mon,00:00,840.0,5600.0,55.0,98.26199522562254,3.0,True,,
Green Lake East,Seattle,A734SB,2019-05-13,Mon,13:16,5.0,150.0,14.0,21.89759569943944,0.0,False,19.9,67.8
Green Lake East,Seattle,A734SB,2019-05-20,Mon,12:35,23.0,62.0,16.0,24.92134445300508,0.0,False,19.1,66.4
Green Lake East,Seattle,A734SB,2019-05-28,Tue,09:21,11.0,11.0,7.0,18.0454627823078,0.0,False,19.4,66.9
Green Lake East,Seattle,A734SB,2019-06-03,Mon,12:55,32.0,19.0,63.0,21.09662721758971,0.0,False,21.7,71.1
Green Lake East,Seattle,A734SB,2019-06-10,Mon,13:05,35.0,17.0,17.0,21.20157618927057,0.0,False,21.8,71.2
Green Lake East,Seattle,A734SB,2019-06-17,Mon,13:11,61.0,18.0,27.0,22.72060732296426,0.0,False,23.2,73.8
Green Lake East,Seattle,A734SB,2019-06-24,Mon,13:00,27.0,59.0,55.0,24.85283098658204,0.0,False,21.6,70.9
Green Lake East,Seattle,A734SB,2019-07-01,Mon,09:36,860.0,65.0,5.0,36.58270035799056,1.0,True,22.3,72.1
Green Lake East,Seattle,A734SB,2019-07-08,Mon,11:53,26.0,19.0,35.0,34.69331644931954,1.0,False,21.9,71.4
Green Lake East,Seattle,A734SB,2019-07-15,Mon,12:27,59.0,32.0,81.0,41.57962411406615,1.0,False,23.0,73.4
Green Lake East,Seattle,A734SB,2019-07-22,Mon,12:07,13.0,29.0,3.0,33.44364917110067,1.0,False,23.9,75.0
Green Lake East,Seattle,A734SB,2019-07-29,Mon,11:50,1100.0,10.0,11.0,34.171243720469555,2.0,True,24.1,75.4
Green Lake East,Seattle,A734SB,2019-08-05,Mon,12:24,45.0,14.0,5.0,25.338994003682497,1.0,False,25.9,78.6
Green Lake East,Seattle,A734SB,2019-08-12,Mon,10:07,9.0,6.0,7.0,19.63823665019967,1.0,False,22.7,72.9
Green Lake East,Seattle,A734SB,2019-08-19,Mon,10:40,19.0,17.0,23.0,16.052106993588545,1.0,False,19.5,67.1
Green Lake East,Seattle,A734SB,2019-08-26,Mon,12:30,43.0,74.0,24.0,21.25667340578153,1.0,False,22.9,73.2
Green Lake East,Seattle,A734SB,2019-09-03,Tue,08:32,16.0,5.0,8.0,14.987238097610268,0.0,False,22.4,72.3
Green Lake East,Seattle,A734SB,2019-09-09,Mon,11:27,28.0,26.0,300.0,19.881588415545263,0.0,False,22.1,71.8
Green Lake East,Seattle,A734SB,2019-09-16,Mon,13:05,10.0,14.0,9.0,21.54317264716308,0.0,False,20.0,68.0
Green Lake East,Seattle,A734SB,2019-09-23,Mon,10:12,,,,,,,18.9,66.0
Green Lake East,Seattle,A734SB,2019-09-30,Mon,09:30,,,,,,,16.6,61.9
Green Lake East,Seattle,A734SB,2019-10-07,Mon,09:47,,,,,,,15.3,59.5
Green Lake East,Seattle,A734SB,2019-10-14,Mon,09:55,,,,,,,13.8,56.8
Green Lake East,Seattle,A734SB,2019-10-21,Mon,10:18,,,,,,,12.1,53.8
Green Lake East,Seattle,A734SB,2020-05-12,Tue,08:31,6.0,7.0,11.0,7.7306140525159215,0.0,False,18.8,65.8
Green Lake East,Seattle,A734SB,2020-05-19,Tue,09:09,1.0,5.0,4.0,4.580842168340376,0.0,False,18.8,65.8
Green Lake East,Seattle,A734SB,2020-05-26,Tue,09:05,34.0,14.0,14.0,7.336512505885143,0.0,False,17.7,63.9
Green Lake East,Seattle,A734SB,2020-06-02,Tue,08:25,41.0,25.0,28.0,10.48594087697562,0.0,False,19.0,66.2
Green Lake East,Seattle,A734SB,2020-06-09,Tue,06:59,5.0,5.0,34.0,10.274968965423176,0.0,False,18.6,65.5
Green Lake East,Seattle,A734SB,2020-06-16,Tue,09:22,7.0,16.0,25.0,11.58639301512418,0.0,False,18.7,65.7
Green Lake East,Seattle,A734SB,2020-06-23,Tue,09:30,10.0,1.0,36.0,14.04860136963524,0.0,False,21.8,71.2
Green Lake East,Seattle,A734SB,2020-06-29,Mon,09:30,47.0,37.0,23.0,15.831397429319487,0.0,False,21.2,70.2
Green Lake East,Seattle,A734SB,2020-07-07,Tue,09:35,28.0,67.0,140.0,18.34923022391846,0.0,False,20.9,69.6
Green Lake East,Seattle,A734SB,2020-07-14,Tue,09:15,19.0,39.0,34.0,23.000806426409763,0.0,False,21.5,70.7
Green Lake East,Seattle,A734SB,2020-07-21,Tue,08:48,23.0,94.0,43.0,29.050535160630897,0.0,False,23.4,74.1
Green Lake East,Seattle,A734SB,2020-07-28,Tue,09:21,21.0,11.0,17.0,34.06732475998859,0.0,False,24.2,75.6
Green Lake East,Seattle,A734SB,2020-08-04,Tue,09:10,41.0,32.0,43.0,34.85750958453677,0.0,False,24.6,76.3
Green Lake East,Seattle,A734SB,2020-08-11,Tue,10:07,18.0,37.0,9.0,27.09277020249357,0.0,False,23.2,73.8
Green Lake East,Seattle,A734SB,2020-08-18,Tue,08:30,26.0,12.0,23.0,24.916809607752995,0.0,False,24.0,75.2
Green Lake East,Seattle,A734SB,2020-08-25,Tue,08:55,5.0,82.0,8.0,19.937119575651103,0.0,False,22.5,72.5
Green Lake East,Seattle,A734SB,2020-09-01,Tue,10:31,11.0,8.0,5.0,17.230129118664408,0.0,False,22.4,72.3
Green Lake East,Seattle,A734SB,2020-09-08,Tue,10:09,12.0,15.0,14.0,14.005170983168432,0.0,False,22.1,71.8
Green Lake East,Seattle,A734SB,2020-09-22,Tue,09:02,,,,,,,20.0,68.0
Green Lake East,Seattle,A734SB,2020-09-29,Tue,09:47,,,,,,,19.0,66.2
Green Lake East,Seattle,A734SB,2020-10-06,Tue,13:54,,,,,,,19.3,66.7
Green Lake East,Seattle,A734SB,2020-10-13,Tue,09:45,,,,,,,16.3,61.3
Green Lake East,Seattle,A734SB,2020-10-20,Tue,09:42,,,,,,,14.7,58.5
Green Lake East,Seattle,A734SB,2020-10-27,Tue,09:37,,,,,,,11.5,52.7
Green Lake East,Seattle,A734SB,2021-05-18,Tue,09:52,6.0,60.0,13.0,16.72689321473839,0.0,False,18.1,64.6
Green Lake East,Seattle,A734SB,2021-05-25,Tue,09:14,7.0,5.0,4.0,9.31956513791402,0.0,False,16.9,62.4
Green Lake East,Seattle,A734SB,2021-06-01,Tue,09:13,23.0,21.0,120.0,14.97960121299779,0.0,False,19.3,66.7
Green Lake East,Seattle,A734SB,2021-06-08,Tue,08:40,21.0,21.0,26.0,16.59241176818975,0.0,False,18.9,66.0
Green Lake East,Seattle,A734SB,2021-06-15,Tue,09:35,20.0,55.0,42.0,19.359928330403,0.0,False,19.7,67.5
Green Lake East,Seattle,A734SB,2021-06-22,Tue,08:30,10.0,10.0,8.0,17.20917380662463,0.0,False,23.0,73.4
Green Lake East,Seattle,A734SB,2021-06-29,Tue,09:47,110.0,33.0,59.0,28.05877635943293,0.0,False,27.5,81.5
Green Lake East,Seattle,A734SB,2021-07-06,Tue,09:14,25.0,23.0,30.0,25.88090403410617,0.0,False,24.7,76.5
Green Lake East,Seattle,A734SB,2021-07-13,Tue,09:16,45.0,23.0,66.0,29.15083050337646,0.0,False,24.3,75.7
Green Lake East,Seattle,A734SB,2021-07-20,Tue,08:57,32.0,19.0,11.0,25.626810148850563,0.0,False,23.7,74.7
Green Lake East,Seattle,A734SB,2021-07-27,Tue,08:36,14.0,14.0,8.0,26.802684215646888,0.0,False,23.9,75.0
Green Lake East,Seattle,A734SB,2021-08-03,Tue,09:48,30.0,41.0,10.0,22.15413109417161,0.0,False,24.1,75.4
Green Lake East,Seattle,A734SB,2021-08-10,Tue,11:40,32.0,390.0,31.0,27.25882929381573,1.0,True,24.6,76.3
Green Lake East,Seattle,A734SB,2021-08-17,Tue,09:55,24.0,58.0,51.0,27.32890357512236,1.0,False,23.0,73.4
Green Lake East,Seattle,A734SB,2021-08-24,Tue,09:04,7.0,16.0,4.0,22.822032786908707,1.0,False,21.1,70.0
Green Lake East,Seattle,A734SB,2021-08-31,Tue,08:12,14.0,8.0,10.0,22.31579976440332,1.0,False,20.0,68.0
Green Lake East,Seattle,A734SB,2021-09-07,Tue,10:02,6.0,5.0,15.0,17.899172331244486,1.0,False,20.8,69.4
Green Lake East,Seattle,A734SB,2021-09-14,Tue,09:50,14.0,27.0,27.0,14.04704267202222,0.0,False,20.0,68.0
Green Lake East,Seattle,A734SB,2021-09-21,Tue,10:05,5.0,7.0,9.0,9.788699081451798,0.0,False,18.3,64.9
Green Lake East,Seattle,A734SB,2021-09-28,Tue,09:27,,,,,,,17.0,62.6
Green Lake East,Seattle,A734SB,2021-10-05,Tue,09:28,,,,,,,16.0,60.8
Green Lake East,Seattle,A734SB,2021-10-12,Tue,09:17,,,,,,,13.8,56.8
Green Lake East,Seattle,A734SB,2021-10-19,Tue,09:04,,,,,,,12.7,54.9
Green Lake East,Seattle,A734SB,2021-10-26,Tue,08:43,,,,,,,11.9,53.4
Green Lake East,Seattle,A734SB,2022-05-16,Mon,08:50,9.0,7.0,11.0,8.849344009597905,0.0,False,15.1,59.2
Green Lake East,Seattle,A734SB,2022-05-23,Mon,09:08,5.0,14.0,18.0,9.776512576547011,0.0,False,17.5,63.5
Green Lake East,Seattle,A734SB,2022-05-31,Tue,08:41,62.0,25.0,30.0,15.091365095920722,0.0,False,16.7,62.1
Green Lake East,Seattle,A734SB,2022-06-06,Mon,08:30,30.0,41.0,110.0,20.49531247836484,0.0,False,18.2,64.8
Green Lake East,Seattle,A734SB,2022-06-13,Mon,09:30,10.0,17.0,23.0,19.44473755096436,0.0,False,18.7,65.7
Green Lake East,Seattle,A734SB,2022-06-21,Tue,08:55,14.0,3.0,1.0,16.130078816626494,0.0,False,18.9,66.0
Green Lake East,Seattle,A734SB,2022-06-27,Mon,09:06,6.0,4.0,8.0,14.228699311748322,0.0,False,22.2,72.0
Green Lake East,Seattle,A734SB,2022-07-05,Tue,09:07,13.0,26.0,8.0,11.77069529446807,0.0,False,21.2,70.2
Green Lake East,Seattle,A734SB,2022-07-11,Mon,08:52,53.0,140.0,1500.0,15.793629358732268,1.0,True,22.6,72.7
Green Lake East,Seattle,A734SB,2022-07-18,Mon,09:04,340.0,210.0,610.0,29.39490275838005,3.0,True,22.3,72.1
Green Lake East,Seattle,A734SB,2022-07-25,Mon,09:01,94.0,110.0,40.0,54.26178927706332,3.0,False,23.7,74.7
Green Lake East,Seattle,A734SB,2022-08-01,Mon,09:27,22.0,50.0,47.0,78.79646445793409,3.0,False,26.7,80.1
Green Lake East,Seattle,A734SB,2022-08-08,Mon,09:16,5.0,1.0,4.0,56.81220149241141,3.0,False,24.7,76.5
Green Lake East,Seattle,A734SB,2022-08-15,Mon,09:38,7.0,9.0,9.0,29.393241188364964,2.0,False,23.7,74.7
Green Lake East,Seattle,A734SB,2022-08-22,Mon,09:43,27.0,17.0,38.0,17.448256110895546,0.0,False,24.9,76.8
Green Lake East,Seattle,A734SB,2022-08-29,Mon,09:55,18.0,27.0,17.0,13.441642422737978,0.0,False,24.0,75.2
Green Lake East,Seattle,A734SB,2022-09-06,Tue,09:08,25.0,20.0,19.0,12.006079336045588,0.0,False,22.1,71.8
Green Lake East,Seattle,A734SB,2022-09-12,Mon,09:35,26.0,18.0,17.0,17.894196169600797,0.0,False,20.8,69.4
Green Lake East,Seattle,A734SB,2022-09-19,Mon,09:39,17.0,21.0,32.0,21.8605559777834,0.0,False,19.6,67.3
Green Lake East,Seattle,A734SB,2022-09-26,Mon,09:07,,,,,,,19.2,66.6
Green Lake East,Seattle,A734SB,2022-10-03,Mon,09:40,,,,,,,19.1,66.4
Green Lake East,Seattle,A734SB,2022-10-11,Tue,09:35,,,,,,,18.3,64.9
Green Lake East,Seattle,A734SB,2022-10-17,Mon,09:30,,,,,,,17.5,63.5
Green Lake East,Seattle,A734SB,2022-10-24,Mon,09:36,,,,,,,14.6,58.3
Green Lake East,Seattle,A734SB,2023-05-15,Mon,08:37,1.0,4.0,5.0,2.7144176165949063,0.0,False,20.6,69.1
Green Lake East,Seattle,A734SB,2023-05-22,Mon,09:49,11.0,15.0,23.0,6.50689246220117,0.0,False,20.6,69.1
Green Lake East,Seattle,A734SB,2023-05-30,Tue,10:00,13.0,14.0,23.0,8.80382137198958,0.0,False,20.3,68.5
Green Lake East,Seattle,A734SB,2023-06-05,Mon,09:34,62.0,77.0,77.0,14.869094158935876,0.0,False,20.5,68.9
Green Lake East,Seattle,A734SB,2023-06-12,Mon,09:44,65.0,39.0,18.0,17.71920804168313,0.0,False,20.9,69.6
Green Lake East,Seattle,A734SB,2023-06-20,Tue,08:53,320.0,74.0,260.0,41.14647581438873,0.0,False,18.9,66.0
Green Lake East,Seattle,A734SB,2023-06-26,Mon,09:25,23.0,9.0,16.0,40.77474125243609,0.0,False,21.4,70.5
Green Lake East,Seattle,A734SB,2023-07-05,Wed,09:42,3.0,7.0,1.0,22.781182409377493,0.0,False,24.0,75.2
Green Lake East,Seattle,A734SB,2023-07-10,Mon,08:40,6.0,9.0,5.0,17.7072829386368,0.0,False,23.0,73.4
Green Lake East,Seattle,A734SB,2023-07-17,Mon,09:36,18.0,32.0,36.0,16.800294490065784,0.0,False,24.0,75.2
Green Lake East,Seattle,A734SB,2023-07-24,Mon,07:56,23.0,25.0,20.0,11.0511230363529,0.0,False,24.2,75.6
Green Lake East,Seattle,A734SB,2023-07-31,Mon,09:58,62.0,83.0,39.0,14.529009848591032,0.0,False,23.9,75.0
Green Lake East,Seattle,A734SB,2023-08-07,Mon,09:04,38.0,14.0,51.0,23.42359331113208,0.0,False,23.7,74.7
Green Lake East,Seattle,A734SB,2023-08-14,Mon,10:04,14.0,19.0,24.0,28.92247537704582,0.0,False,24.5,76.1
Green Lake East,Seattle,A734SB,2023-08-21,Mon,08:50,16.0,46.0,22.0,28.449446895688588,0.0,False,23.2,73.8
Green Lake East,Seattle,A734SB,2023-08-28,Mon,08:27,18.0,14.0,9.0,25.531138098814964,0.0,False,22.8,73.0
Green Lake East,Seattle,A734SB,2023-09-05,Tue,08:23,190.0,57.0,32.0,26.478077224423316,0.0,False,20.1,68.2
Green Lake East,Seattle,A734SB,2023-09-11,Mon,08:24,6.0,53.0,41.0,25.21554672665706,0.0,False,21.5,70.7
Green Lake East,Seattle,A734SB,2023-09-18,Mon,09:08,24.0,18.0,17.0,25.452144196094988,0.0,False,20.3,68.5
Green Lake East,Seattle,A734SB,2023-09-25,Mon,09:54,,,,,,,18.2,64.8
Green Lake East,Seattle,A734SB,2023-10-02,Mon,08:30,,,,,,,16.2,61.2
Green Lake East,Seattle,A734SB,2023-10-10,Tue,09:09,,,,,,,,
Green Lake East,Seattle,A734SB,2023-10-16,Mon,09:45,,,,,,,15.6,60.1
Green Lake East,Seattle,A734SB,2023-10-23,Mon,08:40,,,,,,,15.0,59.0
Green Lake East,Seattle,A734SB,2024-05-13,Mon,08:08,3.0,18.0,93.0,17.124802420154584,0.0,False,18.2,64.8
Green Lake East,Seattle,A734SB,2024-05-20,Mon,09:14,39.0,30.0,53.0,26.034929537983235,0.0,False,17.7,63.9
Green Lake East,Seattle,A734SB,2024-05-28,Tue,08:26,17.0,25.0,15.0,23.250071462311617,0.0,False,16.3,61.3
Green Lake East,Seattle,A734SB,2024-06-03,Mon,08:54,350.0,850.0,890.0,53.299683948462295,3.0,True,16.6,61.9
Green Lake East,Seattle,A734SB,2024-06-10,Mon,09:38,33.0,38.0,52.0,50.38869362987657,3.0,False,19.6,67.3
Green Lake East,Seattle,A734SB,2024-06-17,Mon,08:19,28.0,28.0,28.0,55.595493726696446,3.0,False,18.5,65.3
Green Lake East,Seattle,A734SB,2024-06-24,Mon,09:10,24.0,37.0,46.0,54.06964636747102,3.0,False,20.5,68.9
Green Lake East,Seattle,A734SB,2024-07-01,Mon,09:08,40.0,290.0,290.0,82.11930195170189,3.0,False,21.0,69.8
Green Lake East,Seattle,A734SB,2024-07-08,Mon,09:01,3.0,6.0,25.0,33.86888906003572,0.0,False,24.4,75.9
Green Lake East,Seattle,A734SB,2024-07-15,Mon,09:11,57.0,13.0,12.0,29.656110400011165,0.0,False,25.2,77.4
Green Lake East,Seattle,A734SB,2024-07-22,Mon,08:40,12.0,13.0,19.0,25.950225142557684,0.0,False,24.7,76.5
Green Lake East,Seattle,A734SB,2024-07-29,Mon,08:49,6800.0,6700.0,1200.0,66.46312250930823,3.0,True,22.7,72.9
Green Lake East,Seattle,A734SB,2024-08-05,Mon,09:21,13.0,12.0,30.0,42.86867549850139,3.0,False,24.3,75.7
Green Lake East,Seattle,A734SB,2024-08-12,Mon,08:22,43.0,44.0,29.0,59.04917575703161,3.0,False,23.0,73.4
Green Lake East,Seattle,A734SB,2024-08-19,Mon,08:00,46.0,36.0,69.0,70.00695226010725,3.0,False,22.4,72.3
Green Lake East,Seattle,A734SB,2024-08-26,Mon,08:08,28.0,23.0,21.0,77.46216577521493,3.0,False,20.7,69.3
Green Lake East,Seattle,A734SB,2024-09-03,Tue,09:35,11.0,16.0,29.0,26.328898014756863,0.0,False,21.6,70.9
Green Lake East,Seattle,A734SB,2024-09-09,Mon,08:50,12.0,4.0,3.0,20.875671693873528,0.0,False,22.0,71.6
Green Lake East,Seattle,A734SB,2024-09-16,Mon,09:11,9.0,8.0,16.0,16.135509429434286,0.0,False,19.8,67.6
Green Lake East,Seattle,A734SB,2024-09-23,Mon,07:34,,,,,,,19.5,67.1
Green Lake East,Seattle,A734SB,2024-09-30,Mon,08:49,,,,,,,17.3,63.1
Green Lake East,Seattle,A734SB,2024-10-07,Mon,08:33,,,,,,,16.1,61.0
Green Lake East,Seattle,A734SB,2024-10-15,Tue,09:44,,,,,,,15.9,60.6
Green Lake East,Seattle,A734SB,2024-10-21,Mon,09:26,,,,,,,14.4,57.9
Green Lake East,Seattle,A734SB,2025-05-12,Mon,09:41,8.0,11.0,11.0,9.892174886497404,0.0,False,17.6,63.7
Green Lake East,Seattle,A734SB,2025-05-19,Mon,09:09,14.0,19.0,31.0,14.136865127146336,0.0,False,16.3,61.3
Green Lake East,Seattle,A734SB,2025-05-27,Tue,09:36,7.0,6.0,6.0,10.807477964752408,0.0,False,18.8,65.8
Green Lake East,Seattle,A734SB,2025-06-02,Mon,08:42,71.0,52.0,48.0,16.31805953158057,0.0,False,19.4,66.9
Green Lake East,Seattle,A734SB,2025-06-09,Mon,07:59,41.0,43.0,40.0,19.64968672433965,0.0,False,22.9,73.2
Green Lake East,Seattle,A734SB,2025-06-16,Mon,09:26,11.0,31.0,360.0,27.13736851820514,1.0,True,21.1,70.0
Green Lake East,Seattle,A734SB,2025-06-23,Mon,07:40,35.0,36.0,74.0,31.900071850737618,1.0,False,20.5,68.9
Green Lake East,Seattle,A734SB,2025-06-30,Mon,09:57,20.0,47.0,24.0,43.0448202125707,1.0,False,21.9,71.4
Green Lake East,Seattle,A734SB,2025-07-07,Mon,09:12,150.0,27.0,88.0,45.09723160931252,1.0,False,22.6,72.7
Green Lake East,Seattle,A734SB,2025-07-14,Mon,08:33,250.0,340.0,290.0,66.63721793869279,2.0,True,23.5,74.3
Green Lake East,Seattle,A734SB,2025-07-21,Mon,09:19,17.0,49.0,17.0,57.70135256272864,1.0,False,23.4,74.1
Green Lake East,Seattle,A734SB,2025-07-28,Mon,10:06,19.0,6.0,5.0,41.07751530969029,1.0,False,23.7,74.7
Green Lake East,Seattle,A734SB,2025-08-04,Mon,08:59,27.0,12.0,18.0,37.534968942046014,1.0,False,22.9,73.2
Green Lake East,Seattle,A734SB,2025-08-11,Mon,09:32,39.0,40.0,25.0,32.387531990189146,1.0,False,23.7,74.7
Green Lake East,Seattle,A734SB,2025-08-18,Mon,09:28,9.0,8.0,15.0,16.588927549711432,0.0,False,22.7,72.9
Green Lake East,Seattle,A734SB,2025-08-25,Mon,09:30,10.0,16.0,6.0,13.864263305748525,0.0,False,23.6,74.5
Green Lake East,Seattle,A734SB,2025-09-02,Tue,10:09,150.0,110.0,8.0,19.931656905014403,0.0,False,22.5,72.5
Green Lake East,Seattle,A734SB,2025-09-08,Mon,08:11,5.0,5.0,7.0,15.777012575382818,0.0,False,22.1,71.8
Green Lake East,Seattle,A734SB,2025-09-15,Mon,09:16,20.0,13.0,9.0,13.07880872609716,0.0,False,20.3,68.5
Green Lake East,Seattle,A734SB,2025-09-22,Mon,08:59,,,,,,,19.2,66.6
Green Lake East,Seattle,A734SB,2025-09-29,Mon,08:27,,,,,,,19.5,67.1
Green Lake East,Seattle,A734SB,2025-10-06,Mon,08:53,,,,,,,17.5,63.5
Green Lake East,Seattle,A734SB,2025-10-14,Tue,09:48,,,,,,,14.6,58.3
Green Lake East,Seattle,A734SB,2025-10-20,Mon,09:37,,,,,,,13.6,56.5
Green Lake East,Seattle,A734SB,2026-05-11,Mon,08:58,46.0,41.0,33.0,39.62949542154042,0.0,False,18.0,64.4
Green Lake East,Seattle,A734SB,2026-05-18,Mon,12:01,8.0,15.0,21.0,23.22252085183317,0.0,False,18.1,64.6
Green Lake East,Seattle,A734SB,2026-05-26,Tue,08:53,30.0,46.0,46.0,27.81202206319034,0.0,False,18.1,64.6
Green Lake East,Seattle,A734SB,2026-06-01,Mon,09:37,25.0,14.0,17.0,24.987194905377045,0.0,False,19.4,66.9
Green Lake East,Seattle,A734SB,2026-06-08,Mon,09:15,51.0,40.0,33.0,27.5454757297263,0.0,False,19.3,66.7
Green Lake East,Seattle,A734SB,2026-06-15,Mon,12:21,26.0,5.0,26.0,22.68337550021752,0.0,False,23.1,73.6
Green Lake East,Seattle,A734SB,2026-06-22,Mon,12:50,30.0,89.0,33.0,28.748553171903374,0.0,False,24.1,75.4
Green Lake East,Seattle,A734SB,2026-06-29,Mon,13:23,86.0,23.0,23.0,28.117096613967934,0.0,False,21.4,70.5
Green Lake East,Seattle,A734SB,2026-07-06,Mon,12:37,19.0,21.0,33.0,29.646161116043466,0.0,False,22.2,72.0
Green Lake East,Seattle,A734SB,2026-07-13,Mon,08:11,15.0,94.0,23.0,28.2372232365744,0.0,False,21.9,71.4
Green Lake East,Seattle,A734SB,2026-07-20,Mon,09:03,21.0,61.0,70.0,35.13478917403468,0.0,False,22.8,73.0
Green Lake East,Seattle,A734SB,2026-07-27,Mon,08:40,18.0,19.0,14.0,28.93427565221809,0.0,False,22.9,73.2
Green Lake East,Seattle,A734SB,2026-08-03,Mon,09:30,19.0,14.0,290.0,29.97098263273893,0.0,False,22.6,72.7
Green Lake East,Seattle,A734SB,2026-08-10,Mon,12:31,14.0,12.0,31.0,28.17387551440308,0.0,False,23.9,75.0
Green Lake East,Seattle,A734SB,2026-08-17,Mon,09:27,6.0,8.0,84.0,24.51798808578113,0.0,False,23.4,74.1
Green Lake East,Seattle,A734SB,2026-08-24,Mon,12:50,58.0,64.0,37.0,25.224873547450667,0.0,False,24.2,75.6
Green Lake East,Seattle,A734SB,2026-08-31,Mon,00:00,9.0,5.0,11.0,21.68331779385485,0.0,False,,
Green Lake West,Seattle,A734WSB,2019-05-13,Mon,13:00,23.0,27.0,59.0,33.21349187934737,0.0,False,19.6,67.3
Green Lake West,Seattle,A734WSB,2019-05-20,Mon,12:22,27.0,30.0,81.0,36.60038116496338,0.0,False,18.3,64.9
Green Lake West,Seattle,A734WSB,2019-05-28,Tue,08:56,57.0,60.0,44.0,41.45712290981336,0.0,False,19.5,67.1
Green Lake West,Seattle,A734WSB,2019-06-03,Mon,12:22,5.0,1.0,4.0,20.97097080545105,0.0,False,21.3,70.3
Green Lake West,Seattle,A734WSB,2019-06-10,Mon,12:40,9.0,6.0,16.0,17.908631959196605,0.0,False,21.6,70.9
Green Lake West,Seattle,A734WSB,2019-06-17,Mon,12:40,12.0,12.0,9.0,14.331990248456526,0.0,False,23.0,73.4
Green Lake West,Seattle,A734WSB,2019-06-24,Mon,12:25,5.0,8.0,4.0,9.596580270913853,0.0,False,20.7,69.3
Green Lake West,Seattle,A734WSB,2019-07-01,Mon,09:08,66.0,7.0,12.0,7.700864164294593,0.0,False,22.1,71.8
Green Lake West,Seattle,A734WSB,2019-07-08,Mon,11:33,5.0,5.0,5.0,8.701580268946893,0.0,False,21.9,71.4
Green Lake West,Seattle,A734WSB,2019-07-15,Mon,12:13,14.0,10.0,23.0,9.499212564817002,0.0,False,23.0,73.4
Green Lake West,Seattle,A734WSB,2019-07-22,Mon,11:43,21.0,81.0,19.0,11.770939663618496,0.0,False,23.7,74.7
Green Lake West,Seattle,A734WSB,2019-07-29,Mon,11:33,12.0,5.0,5.0,12.2747093786748,0.0,False,24.1,75.4
Green Lake West,Seattle,A734WSB,2019-08-05,Mon,11:58,5.0,5.0,7.0,9.748973132622178,0.0,False,24.9,76.8
Green Lake West,Seattle,A734WSB,2019-08-12,Mon,09:53,11.0,18.0,10.0,11.720403190668076,0.0,False,22.5,72.5
Green Lake West,Seattle,A734WSB,2019-08-19,Mon,12:00,31.0,28.0,3.0,11.555663654494529,0.0,False,23.3,73.9
Green Lake West,Seattle,A734WSB,2019-08-26,Mon,12:00,17.0,1.0,7.0,7.953058231593157,0.0,False,22.9,73.2
Green Lake West,Seattle,A734WSB,2019-09-03,Tue,08:12,7.0,47.0,18.0,9.702656107236129,0.0,False,22.1,71.8
Green Lake West,Seattle,A734WSB,2019-09-09,Mon,11:10,32.0,19.0,17.0,12.734393597799649,0.0,False,21.2,70.2
Green Lake West,Seattle,A734WSB,2019-09-16,Mon,12:26,6.0,2.0,5.0,10.086581601434382,0.0,False,19.6,67.3
Green Lake West,Seattle,A734WSB,2019-09-23,Mon,09:41,,,,,,,18.3,64.9
Green Lake West,Seattle,A734WSB,2019-09-30,Mon,09:01,,,,,,,16.4,61.5
Green Lake West,Seattle,A734WSB,2019-10-07,Mon,09:11,,,,,,,14.7,58.5
Green Lake West,Seattle,A734WSB,2019-10-14,Mon,09:25,,,,,,,13.2,55.8
Green Lake West,Seattle,A734WSB,2019-10-21,Mon,09:46,,,,,,,11.8,53.2
Green Lake West,Seattle,A734WSB,2020-05-12,Tue,08:38,11.0,4.0,4.0,5.604078661310775,0.0,False,18.8,65.8
Green Lake West,Seattle,A734WSB,2020-05-19,Tue,08:45,10.0,14.0,9.0,7.780016812393131,0.0,False,18.3,64.9
Green Lake West,Seattle,A734WSB,2020-05-26,Tue,08:39,42.0,20.0,2.0,8.960963773998328,0.0,False,17.4,63.3
Green Lake West,Seattle,A734WSB,2020-06-02,Tue,08:00,5.0,12.0,5.0,8.330917091775074,0.0,False,18.9,66.0
Green Lake West,Seattle,A734WSB,2020-06-09,Tue,06:36,21.0,10.0,7.0,8.865612373339859,0.0,False,18.3,64.9
Green Lake West,Seattle,A734WSB,2020-06-16,Tue,08:53,18.0,16.0,15.0,10.97421533281264,0.0,False,18.4,65.1
Green Lake West,Seattle,A734WSB,2020-06-23,Tue,08:40,17.0,35.0,280.0,15.198256658965049,0.0,False,21.6,70.9
Green Lake West,Seattle,A734WSB,2020-06-29,Mon,08:58,510.0,81.0,42.0,24.139417602191667,1.0,True,20.6,69.1
Green Lake West,Seattle,A734WSB,2020-07-07,Tue,08:55,42.0,30.0,21.0,32.54053535076038,1.0,False,20.3,68.5
Green Lake West,Seattle,A734WSB,2020-07-14,Tue,08:40,14.0,11.0,25.0,34.69771854835139,1.0,False,20.9,69.6
Green Lake West,Seattle,A734WSB,2020-07-21,Tue,08:19,14.0,20.0,13.0,34.30378926258916,1.0,False,23.3,73.9
Green Lake West,Seattle,A734WSB,2020-07-28,Tue,08:50,18.0,11.0,9.0,25.348811926962817,1.0,False,23.9,75.0
Green Lake West,Seattle,A734WSB,2020-08-04,Tue,08:40,5.0,5.0,4.0,13.223222638389297,0.0,False,24.4,75.9
Green Lake West,Seattle,A734WSB,2020-08-11,Tue,09:37,22.0,91.0,35.0,14.110209502437884,0.0,False,22.7,72.9
Green Lake West,Seattle,A734WSB,2020-08-18,Tue,08:07,41.0,42.0,23.0,16.482388465334108,0.0,False,23.6,74.5
Green Lake West,Seattle,A734WSB,2020-08-25,Tue,08:25,37.0,47.0,25.0,19.445958715810843,0.0,False,22.3,72.1
Green Lake West,Seattle,A734WSB,2020-09-01,Tue,10:17,120.0,95.0,830.0,34.44829320731766,1.0,True,22.2,72.0
Green Lake West,Seattle,A734WSB,2020-09-08,Tue,09:48,49.0,67.0,37.0,55.30943424326102,1.0,False,21.6,70.9
Green Lake West,Seattle,A734WSB,2020-09-22,Tue,08:39,,,,,,,19.9,67.8
Green Lake West,Seattle,A734WSB,2020-09-29,Tue,09:17,,,,,,,18.4,65.1
Green Lake West,Seattle,A734WSB,2020-10-06,Tue,14:09,,,,,,,19.1,66.4
Green Lake West,Seattle,A734WSB,2020-10-13,Tue,09:21,,,,,,,15.9,60.6
Green Lake West,Seattle,A734WSB,2020-10-20,Tue,09:13,,,,,,,14.4,57.9
Green Lake West,Seattle,A734WSB,2020-10-27,Tue,09:16,,,,,,,11.6,52.9
Green Lake West,Seattle,A734WSB,2021-05-18,Tue,09:24,26.0,36.0,68.0,39.92653180990737,0.0,False,17.5,63.5
Green Lake West,Seattle,A734WSB,2021-05-25,Tue,08:58,12.0,13.0,10.0,21.518808793856905,0.0,False,16.7,62.1
Green Lake West,Seattle,A734WSB,2021-06-01,Tue,08:55,16.0,13.0,3.0,15.816906594624706,0.0,False,19.3,66.7
Green Lake West,Seattle,A734WSB,2021-06-08,Tue,08:06,10.0,1500.0,30.0,23.466169605031155,1.0,True,18.7,65.7
Green Lake West,Seattle,A734WSB,2021-06-15,Tue,09:08,41.0,53.0,66.0,27.5503640303118,1.0,False,19.5,67.1
Green Lake West,Seattle,A734WSB,2021-06-22,Tue,08:00,56.0,41.0,42.0,28.324120663371485,1.0,False,22.9,73.2
Green Lake West,Seattle,A734WSB,2021-06-29,Tue,09:07,54.0,44.0,61.0,38.314210480156085,1.0,False,27.2,81.0
Green Lake West,Seattle,A734WSB,2021-07-06,Tue,09:45,30.0,88.0,34.0,53.36048451474924,1.0,False,24.5,76.1
Green Lake West,Seattle,A734WSB,2021-07-13,Tue,09:42,11.0,13.0,9.0,36.11138675094982,0.0,False,24.2,75.6
Green Lake West,Seattle,A734WSB,2021-07-20,Tue,09:21,16.0,16.0,11.0,27.78728395609238,0.0,False,23.5,74.3
Green Lake West,Seattle,A734WSB,2021-07-27,Tue,08:04,7.0,5.0,6.0,18.46627535565434,0.0,False,23.6,74.5
Green Lake West,Seattle,A734WSB,2021-08-03,Tue,10:20,100.0,11.0,57.0,17.46299481768489,0.0,False,24.8,76.6
Green Lake West,Seattle,A734WSB,2021-08-10,Tue,12:00,27.0,20.0,47.0,16.052621906561647,0.0,False,24.4,75.9
Green Lake West,Seattle,A734WSB,2021-08-17,Tue,09:30,16.0,29.0,14.0,17.882043266182464,0.0,False,23.5,74.3
Green Lake West,Seattle,A734WSB,2021-08-24,Tue,08:40,14.0,9.0,37.0,18.49324468682046,0.0,False,21.0,69.8
Green Lake West,Seattle,A734WSB,2021-08-31,Tue,08:31,18.0,13.0,21.0,22.818872044251457,0.0,False,19.7,67.5
Green Lake West,Seattle,A734WSB,2021-09-07,Tue,09:12,10.0,10.0,8.0,17.0614394612634,0.0,False,20.2,68.4
Green Lake West,Seattle,A734WSB,2021-09-14,Tue,09:32,110.0,13.0,8.0,16.17873754830208,0.0,False,19.7,67.5
Green Lake West,Seattle,A734WSB,2021-09-21,Tue,09:32,16.0,24.0,17.0,16.184038586953886,0.0,False,18.2,64.8
Green Lake West,Seattle,A734WSB,2021-09-28,Tue,09:08,,,,,,,16.2,61.2
Green Lake West,Seattle,A734WSB,2021-10-05,Tue,09:08,,,,,,,15.4,59.7
Green Lake West,Seattle,A734WSB,2021-10-12,Tue,08:50,,,,,,,13.4,56.1
Green Lake West,Seattle,A734WSB,2021-10-19,Tue,08:40,,,,,,,12.7,54.9
Green Lake West,Seattle,A734WSB,2021-10-26,Tue,08:22,,,,,,,11.6,52.9
Green Lake West,Seattle,A734WSB,2022-05-16,Mon,08:27,23.0,13.0,16.0,16.849889493767613,0.0,False,14.9,58.8
Green Lake West,Seattle,A734WSB,2022-05-23,Mon,08:30,28.0,14.0,15.0,17.439261215503308,0.0,False,17.3,63.1
Green Lake West,Seattle,A734WSB,2022-05-31,Tue,08:13,21.0,12.0,8.0,15.662136431851062,0.0,False,16.5,61.7
Green Lake West,Seattle,A734WSB,2022-06-06,Mon,08:09,17.0,11.0,14.0,15.169422782190187,0.0,False,18.3,64.9
Green Lake West,Seattle,A734WSB,2022-06-13,Mon,09:07,58.0,52.0,62.0,19.780174240728588,0.0,False,18.1,64.6
Green Lake West,Seattle,A734WSB,2022-06-21,Tue,08:33,6.0,21.0,190.0,22.021774502433672,0.0,False,18.6,65.5
Green Lake West,Seattle,A734WSB,2022-06-27,Mon,08:45,16.0,21.0,23.0,22.42667883670938,0.0,False,21.9,71.4
Green Lake West,Seattle,A734WSB,2022-07-05,Tue,08:36,55.0,6.0,23.0,24.49900127422511,0.0,False,21.0,69.8
Green Lake West,Seattle,A734WSB,2022-07-11,Mon,08:26,31.0,56.0,19.0,29.00707640726697,0.0,False,22.6,72.7
Green Lake West,Seattle,A734WSB,2022-07-18,Mon,08:42,5.0,5.0,5.0,17.817349182835322,0.0,False,22.0,71.6
Green Lake West,Seattle,A734WSB,2022-07-25,Mon,08:38,190.0,59.0,40.0,21.661034224072868,0.0,False,23.7,74.7
Green Lake West,Seattle,A734WSB,2022-08-01,Mon,09:00,29.0,21.0,16.0,21.998371534962963,0.0,False,26.3,79.3
Green Lake West,Seattle,A734WSB,2022-08-08,Mon,08:24,17.0,12.0,9.0,20.0124038977466,0.0,False,24.1,75.4
Green Lake West,Seattle,A734WSB,2022-08-15,Mon,09:15,17.0,9.0,12.0,16.5070911621532,0.0,False,23.6,74.5
Green Lake West,Seattle,A734WSB,2022-08-22,Mon,09:18,14.0,21.0,28.0,21.82278829981613,0.0,False,24.6,76.3
Green Lake West,Seattle,A734WSB,2022-08-29,Mon,09:27,9.0,9.0,6.0,13.843363326430245,0.0,False,23.1,73.6
Green Lake West,Seattle,A734WSB,2022-09-06,Tue,08:44,43.0,17.0,16.0,14.012908610261922,0.0,False,21.6,70.9
Green Lake West,Seattle,A734WSB,2022-09-12,Mon,09:05,30.0,60.0,54.0,18.257775480185664,0.0,False,20.6,69.1
Green Lake West,Seattle,A734WSB,2022-09-19,Mon,09:13,69.0,54.0,44.0,24.632172588159925,0.0,False,19.2,66.6
Green Lake West,Seattle,A734WSB,2022-09-26,Mon,08:40,,,,,,,18.9,66.0
Green Lake West,Seattle,A734WSB,2022-10-03,Mon,09:23,,,,,,,18.9,66.0
Green Lake West,Seattle,A734WSB,2022-10-11,Tue,09:17,,,,,,,18.2,64.8
Green Lake West,Seattle,A734WSB,2022-10-17,Mon,09:10,,,,,,,17.3,63.1
Green Lake West,Seattle,A734WSB,2022-10-24,Mon,09:07,,,,,,,14.4,57.9
Green Lake West,Seattle,A734WSB,2023-05-15,Mon,08:14,4.0,5.0,4.0,4.308869380063767,0.0,False,20.6,69.1
Green Lake West,Seattle,A734WSB,2023-05-22,Mon,09:29,14.0,37.0,38.0,10.786169081168348,0.0,False,20.3,68.5
Green Lake West,Seattle,A734WSB,2023-05-30,Tue,09:28,12.0,14.0,9.0,11.01188536307784,0.0,False,20.2,68.4
Green Lake West,Seattle,A734WSB,2023-06-05,Mon,08:43,10.0,8.0,13.0,10.78488965872724,0.0,False,20.2,68.4
Green Lake West,Seattle,A734WSB,2023-06-12,Mon,09:11,31.0,12.0,59.0,13.052054994933128,0.0,False,20.7,69.3
Green Lake West,Seattle,A734WSB,2023-06-20,Tue,08:31,95.0,74.0,74.0,23.43610124656724,0.0,False,18.4,65.1
Green Lake West,Seattle,A734WSB,2023-06-26,Mon,08:53,13.0,6.0,12.0,19.1291731551941,0.0,False,20.8,69.4
Green Lake West,Seattle,A734WSB,2023-07-05,Wed,09:09,26.0,8.0,32.0,25.3710980200923,0.0,False,23.6,74.5
Green Lake West,Seattle,A734WSB,2023-07-10,Mon,08:13,29.0,18.0,21.0,24.70571328697408,0.0,False,22.5,72.5
Green Lake West,Seattle,A734WSB,2023-07-17,Mon,09:10,7.0,22.0,9.0,20.550478996229728,0.0,False,23.2,73.8
Green Lake West,Seattle,A734WSB,2023-07-24,Mon,07:32,4.0,7.0,8.0,12.25818055369097,0.0,False,23.8,74.8
Green Lake West,Seattle,A734WSB,2023-07-31,Mon,09:30,59.0,14.0,41.0,15.571312390661532,0.0,False,23.6,74.5
Green Lake West,Seattle,A734WSB,2023-08-07,Mon,08:30,23.0,38.0,76.0,18.15234198837184,0.0,False,23.7,74.7
Green Lake West,Seattle,A734WSB,2023-08-14,Mon,09:21,25.0,19.0,30.0,18.472584823770525,0.0,False,24.1,75.4
Green Lake West,Seattle,A734WSB,2023-08-21,Mon,08:28,63.0,270.0,87.0,29.405260096382666,0.0,False,23.0,73.4
Green Lake West,Seattle,A734WSB,2023-08-28,Mon,08:06,26.0,26.0,34.0,40.04087242735015,0.0,False,22.7,72.9
Green Lake West,Seattle,A734WSB,2023-09-05,Tue,08:05,10.0,10.0,19.0,33.044778461908855,0.0,False,19.7,67.5
Green Lake West,Seattle,A734WSB,2023-09-11,Mon,08:06,24.0,12.0,27.0,28.64166493036764,0.0,False,22.3,72.1
Green Lake West,Seattle,A734WSB,2023-09-18,Mon,08:49,190.0,15.0,31.0,32.346282291852134,0.0,False,20.0,68.0
Green Lake West,Seattle,A734WSB,2023-09-25,Mon,09:28,,,,,,,17.9,64.2
Green Lake West,Seattle,A734WSB,2023-10-02,Mon,08:12,,,,,,,16.0,60.8
Green Lake West,Seattle,A734WSB,2023-10-10,Tue,08:41,,,,,,,,
Green Lake West,Seattle,A734WSB,2023-10-16,Mon,09:25,,,,,,,15.7,60.3
Green Lake West,Seattle,A734WSB,2023-10-23,Mon,08:20,,,,,,,14.8,58.6
Green Lake West,Seattle,A734WSB,2024-05-13,Mon,07:48,5.0,5.0,3.0,4.217163326508746,0.0,False,18.3,64.9
Green Lake West,Seattle,A734WSB,2024-05-20,Mon,08:51,14.0,10.0,73.0,9.566476886146557,0.0,False,17.5,63.5
Green Lake West,Seattle,A734WSB,2024-05-28,Tue,08:06,12.0,10.0,25.0,10.969365070338418,0.0,False,16.1,61.0
Green Lake West,Seattle,A734WSB,2024-06-03,Mon,08:28,81.0,86.0,73.0,18.016135741359584,0.0,False,16.0,60.8
Green Lake West,Seattle,A734WSB,2024-06-10,Mon,08:53,37.0,17.0,36.0,19.71784852675121,0.0,False,19.1,66.4
Green Lake West,Seattle,A734WSB,2024-06-17,Mon,08:01,25.0,17.0,45.0,28.52959050034639,0.0,False,18.2,64.8
Green Lake West,Seattle,A734WSB,2024-06-24,Mon,08:40,18.0,5.0,3.0,22.39183726953324,0.0,False,20.4,68.7
Green Lake West,Seattle,A734WSB,2024-07-01,Mon,08:42,4.0,17.0,5.0,19.36631122018111,0.0,False,20.9,69.6
Green Lake West,Seattle,A734WSB,2024-07-08,Mon,08:36,25.0,13.0,25.0,14.698782920656225,0.0,False,24.5,76.1
Green Lake West,Seattle,A734WSB,2024-07-15,Mon,08:46,11.0,19.0,19.0,13.088136792762208,0.0,False,25.3,77.5
Green Lake West,Seattle,A734WSB,2024-07-22,Mon,08:09,13.0,21.0,12.0,11.635739473199624,0.0,False,24.6,76.3
Green Lake West,Seattle,A734WSB,2024-07-29,Mon,08:25,26.0,20.0,21.0,14.890795990816132,0.0,False,22.2,72.0
Green Lake West,Seattle,A734WSB,2024-08-05,Mon,08:57,20.0,9.0,16.0,17.170336972672608,0.0,False,24.1,75.4
Green Lake West,Seattle,A734WSB,2024-08-12,Mon,08:04,54.0,29.0,41.0,19.707383506039385,0.0,False,23.0,73.4
Green Lake West,Seattle,A734WSB,2024-08-19,Mon,07:37,67.0,84.0,95.0,27.325879896568363,0.0,False,22.6,72.7
Green Lake West,Seattle,A734WSB,2024-08-26,Mon,07:46,24.0,9.0,18.0,27.639678009892776,0.0,False,20.6,69.1
Green Lake West,Seattle,A734WSB,2024-09-03,Tue,09:11,43.0,8.0,27.0,27.34300764879261,0.0,False,21.6,70.9
Green Lake West,Seattle,A734WSB,2024-09-09,Mon,08:17,14.0,18.0,31.0,29.22386146229992,0.0,False,21.8,71.2
Green Lake West,Seattle,A734WSB,2024-09-16,Mon,08:51,14.0,25.0,25.0,25.58780876678835,0.0,False,19.5,67.1
Green Lake West,Seattle,A734WSB,2024-09-23,Mon,07:17,,,,,,,19.2,66.6
Green Lake West,Seattle,A734WSB,2024-09-30,Mon,08:35,,,,,,,17.2,63.0
Green Lake West,Seattle,A734WSB,2024-10-07,Mon,08:16,,,,,,,16.4,61.5
Green Lake West,Seattle,A734WSB,2024-10-15,Tue,09:16,,,,,,,15.9,60.6
Green Lake West,Seattle,A734WSB,2024-10-21,Mon,09:09,,,,,,,14.1,57.4
Green Lake West,Seattle,A734WSB,2025-05-12,Mon,09:16,4.0,2.0,5.0,3.419951893353394,0.0,False,17.4,63.3
Green Lake West,Seattle,A734WSB,2025-05-19,Mon,08:48,76.0,72.0,49.0,14.850247551649218,0.0,False,16.3,61.3
Green Lake West,Seattle,A734WSB,2025-05-27,Tue,09:10,5.0,1.0,5.0,8.6393777418182,0.0,False,18.8,65.8
Green Lake West,Seattle,A734WSB,2025-06-02,Mon,08:20,3.0,7.0,4.0,7.289847691008541,0.0,False,19.2,66.6
Green Lake West,Seattle,A734WSB,2025-06-09,Mon,07:37,22.0,15.0,46.0,9.309496973716971,0.0,False,22.8,73.0
Green Lake West,Seattle,A734WSB,2025-06-16,Mon,08:56,17.0,44.0,4.0,12.412320707365712,0.0,False,20.9,69.6
Green Lake West,Seattle,A734WSB,2025-06-23,Mon,07:13,8.0,9.0,3.0,7.719581567211251,0.0,False,20.4,68.7
Green Lake West,Seattle,A734WSB,2025-06-30,Mon,09:31,150.0,14.0,14.0,12.367661263441748,0.0,False,21.9,71.4
Green Lake West,Seattle,A734WSB,2025-07-07,Mon,08:45,10.0,5.0,12.0,14.099781400473228,0.0,False,22.7,72.9
Green Lake West,Seattle,A734WSB,2025-07-14,Mon,08:13,140.0,75.0,41.0,17.62215993388984,0.0,False,23.5,74.3
Green Lake West,Seattle,A734WSB,2025-07-21,Mon,08:44,10.0,4.0,6.0,14.893923378602093,0.0,False,23.1,73.6
Green Lake West,Seattle,A734WSB,2025-07-28,Mon,09:09,79.0,41.0,6.0,20.10402482110376,0.0,False,23.2,73.8
Green Lake West,Seattle,A734WSB,2025-08-04,Mon,08:39,23.0,11.0,36.0,18.59322498908409,0.0,False,23.0,73.4
Green Lake West,Seattle,A734WSB,2025-08-11,Mon,08:48,39.0,29.0,47.0,25.07159740607582,0.0,False,23.6,74.5
Green Lake West,Seattle,A734WSB,2025-08-18,Mon,09:05,23.0,43.0,410.0,24.971759187973937,1.0,True,22.8,73.0
Green Lake West,Seattle,A734WSB,2025-08-25,Mon,09:02,10.0,16.0,14.0,28.98132630235052,1.0,False,23.5,74.3
Green Lake West,Seattle,A734WSB,2025-09-02,Tue,09:35,13.0,14.0,17.0,25.639849051826,1.0,False,22.6,72.7
Green Lake West,Seattle,A734WSB,2025-09-08,Mon,07:54,7.0,11.0,14.0,22.23967893954302,1.0,False,21.9,71.4
Green Lake West,Seattle,A734WSB,2025-09-15,Mon,08:46,15.0,43.0,49.0,21.48200774217245,1.0,False,20.4,68.7
Green Lake West,Seattle,A734WSB,2025-09-22,Mon,08:27,,,,,,,19.7,67.5
Green Lake West,Seattle,A734WSB,2025-09-29,Mon,08:07,,,,,,,19.4,66.9
Green Lake West,Seattle,A734WSB,2025-10-06,Mon,08:29,,,,,,,17.2,63.0
Green Lake West,Seattle,A734WSB,2025-10-14,Tue,09:25,,,,,,,14.1,57.4
Green Lake West,Seattle,A734WSB,2025-10-20,Mon,09:19,,,,,,,13.6,56.5
Green Lake West,Seattle,A734WSB,2026-05-11,Mon,08:06,22.0,41.0,60.0,37.82560902852464,0.0,False,17.9,64.2
Green Lake West,Seattle,A734WSB,2026-05-18,Mon,11:40,12.0,8.0,4.0,16.581157149264268,0.0,False,18.3,64.9
Green Lake West,Seattle,A734WSB,2026-05-26,Tue,08:32,29.0,16.0,12.0,16.953733803965317,0.0,False,18.4,65.1
Green Lake West,Seattle,A734WSB,2026-06-01,Mon,09:11,23.0,13.0,24.0,17.50945206967857,0.0,False,19.4,66.9
Green Lake West,Seattle,A734WSB,2026-06-08,Mon,08:45,46.0,9.0,5.0,16.431708968952968,0.0,False,19.1,66.4
Green Lake West,Seattle,A734WSB,2026-06-15,Mon,12:39,1.0,10.0,12.0,10.932956786015769,0.0,False,24.3,75.7
Green Lake West,Seattle,A734WSB,2026-06-22,Mon,13:12,23.0,48.0,16.0,14.111986541772705,0.0,False,23.7,74.7
Green Lake West,Seattle,A734WSB,2026-06-29,Mon,13:42,24.0,8.0,35.0,14.290019564211816,0.0,False,21.2,70.2
Green Lake West,Seattle,A734WSB,2026-07-06,Mon,13:01,49.0,8.0,8.0,13.522772185110446,0.0,False,21.7,71.1
Green Lake West,Seattle,A734WSB,2026-07-13,Mon,07:45,23.0,28.0,7.0,14.2429506364296,0.0,False,21.8,71.2
Green Lake West,Seattle,A734WSB,2026-07-20,Mon,08:40,22.0,22.0,15.0,18.723354526784803,0.0,False,22.6,72.7
Green Lake West,Seattle,A734WSB,2026-07-27,Mon,08:11,19.0,12.0,15.0,16.782093281668708,0.0,False,22.4,72.3
Green Lake West,Seattle,A734WSB,2026-08-03,Mon,09:05,95.0,130.0,190.0,24.796071678937228,0.0,False,22.8,73.0
Green Lake West,Seattle,A734WSB,2026-08-10,Mon,12:53,220.0,41.0,57.0,34.83613025363973,0.0,False,24.0,75.2
Green Lake West,Seattle,A734WSB,2026-08-17,Mon,09:04,20.0,13.0,19.0,35.049307514542065,0.0,False,23.3,73.9
Green Lake West,Seattle,A734WSB,2026-08-24,Mon,13:16,440.0,260.0,150.0,58.82809964216456,1.0,True,24.1,75.4
Green Lake West,Seattle,A734WSB,2026-08-31,Mon,00:00,77.0,50.0,24.0,73.2871574090435,1.0,False,,
Groveland,Mercer Island,GROVELDSB,2019-06-24,Mon,11:50,2.0,2.0,1.0,1.5874010519681994,0.0,False,18.6,65.5
Groveland,Mercer Island,GROVELDSB,2019-07-01,Mon,09:09,1.0,1.0,1.0,1.2599210498948732,0.0,False,20.3,68.5
Groveland,Mercer Island,GROVELDSB,2019-07-08,Mon,12:00,1.0,1.0,1.0,1.1665290395761163,0.0,False,21.0,69.8
Groveland,Mercer Island,GROVELDSB,2019-07-15,Mon,12:16,1.0,1.0,2.0,1.189207115002721,0.0,False,21.8,71.2
Groveland,Mercer Island,GROVELDSB,2019-07-22,Mon,17:43,3.0,3.0,8.0,1.5276651296120125,0.0,False,22.9,73.2
Groveland,Mercer Island,GROVELDSB,2019-07-29,Mon,12:11,1.0,1.0,1.0,1.3928066536534744,0.0,False,23.1,73.6
Groveland,Mercer Island,GROVELDSB,2019-08-05,Mon,12:20,5.0,1.0,4.0,1.700693946412949,0.0,False,24.0,75.2
Groveland,Mercer Island,GROVELDSB,2019-08-12,Mon,16:30,1.0,1.0,1.0,1.700693946412949,0.0,False,24.2,75.6
Groveland,Mercer Island,GROVELDSB,2019-08-19,Mon,13:32,1.0,3.0,1.0,1.74729238071639,0.0,False,23.2,73.8
Groveland,Mercer Island,GROVELDSB,2019-08-26,Mon,12:04,2.0,4.0,3.0,1.6238933355536762,0.0,False,21.9,71.4
Groveland,Mercer Island,GROVELDSB,2020-06-24,Wed,09:20,2.0,8.0,5.0,4.308869380063767,0.0,False,19.6,67.3
Groveland,Mercer Island,GROVELDSB,2020-06-30,Tue,07:53,1.0,4.0,9.0,3.7719455481170794,0.0,False,19.5,67.1
Groveland,Mercer Island,GROVELDSB,2020-07-08,Wed,09:15,3.0,2.0,2.0,3.193640083019723,0.0,False,18.6,65.5
Groveland,Mercer Island,GROVELDSB,2020-07-15,Wed,08:55,1.0,1.0,1.0,2.388990802923926,0.0,False,20.0,68.0
Groveland,Mercer Island,GROVELDSB,2020-07-22,Wed,09:25,5.0,3.0,3.0,2.586936388975245,0.0,False,22.7,72.9
Groveland,Mercer Island,GROVELDSB,2020-07-29,Wed,09:25,1.0,1.0,1.0,1.9315817081894688,0.0,False,22.4,72.3
Groveland,Mercer Island,GROVELDSB,2020-08-05,Wed,09:05,1.0,1.0,1.0,1.5211063662756792,0.0,False,22.8,73.0
Groveland,Mercer Island,GROVELDSB,2020-08-12,Wed,09:55,1.0,1.0,3.0,1.3868268816226086,0.0,False,22.2,72.0
Groveland,Mercer Island,GROVELDSB,2020-08-19,Wed,09:07,4.0,2.0,3.0,1.714100706874789,0.0,False,22.6,72.7
Groveland,Mercer Island,GROVELDSB,2020-08-26,Wed,09:00,6.0,10.0,15.0,2.0930117529790264,0.0,False,21.4,70.5
Groveland,Mercer Island,GROVELDSB,2020-09-02,Wed,08:19,3.0,1.0,1.0,2.2520589306336407,0.0,False,21.8,71.2
Groveland,Mercer Island,GROVELDSB,2021-06-23,Wed,10:53,14.0,1.0,2.0,3.0365889718756627,0.0,False,21.2,70.2
Groveland,Mercer Island,GROVELDSB,2021-06-30,Wed,12:49,6.0,5.0,38.0,5.632188054145155,0.0,False,25.2,77.4
Groveland,Mercer Island,GROVELDSB,2021-07-07,Wed,09:13,13.0,12.0,6.0,6.770070517983859,0.0,False,23.3,73.9
Groveland,Mercer Island,GROVELDSB,2021-07-14,Wed,09:20,1.0,5.0,2.0,5.084850955337923,0.0,False,23.3,73.9
Groveland,Mercer Island,GROVELDSB,2021-07-21,Wed,08:20,1.0,1.0,5.0,4.089032688341375,0.0,False,22.3,72.1
Groveland,Mercer Island,GROVELDSB,2021-07-28,Wed,13:58,1.0,1.0,1.0,3.274487827211799,0.0,False,24.7,76.5
Groveland,Mercer Island,GROVELDSB,2021-08-04,Wed,13:43,23.0,1.0,1.0,2.524245433518164,0.0,False,25.3,77.5
Groveland,Mercer Island,GROVELDSB,2021-08-11,Wed,09:35,1.0,1.0,1.0,1.599729386372433,0.0,False,22.9,73.2
Groveland,Mercer Island,GROVELDSB,2021-08-18,Wed,09:35,4.0,4.0,5.0,1.837606514566429,0.0,False,22.6,72.7
Groveland,Mercer Island,GROVELDSB,2021-08-25,Wed,09:24,1.0,1.0,1.0,1.6506481957979342,0.0,False,21.3,70.3
Groveland,Mercer Island,GROVELDSB,2022-06-22,Wed,09:23,60.0,32.0,4.0,19.72969659464376,0.0,False,18.0,64.4
Groveland,Mercer Island,GROVELDSB,2022-06-28,Tue,13:13,2.0,10.0,2.0,8.214293227304463,0.0,False,19.8,67.6
Groveland,Mercer Island,GROVELDSB,2022-07-06,Wed,08:51,1.0,1.0,1.0,4.0711159141331486,0.0,False,19.4,66.9
Groveland,Mercer Island,GROVELDSB,2022-07-12,Tue,08:46,1.0,3.0,1.0,3.14083560495004,0.0,False,20.9,69.6
Groveland,Mercer Island,GROVELDSB,2022-07-19,Tue,08:58,2.0,1.0,1.0,2.616404158842603,0.0,False,21.0,69.8
Groveland,Mercer Island,GROVELDSB,2022-07-26,Tue,13:42,2.0,1.0,1.0,1.509209102242214,0.0,False,25.1,77.2
Groveland,Mercer Island,GROVELDSB,2022-08-02,Tue,09:51,49.0,95.0,110.0,2.835086024200733,0.0,False,24.8,76.6
Groveland,Mercer Island,GROVELDSB,2022-08-09,Tue,08:29,5.0,1.0,1.0,3.156198007964421,0.0,False,23.2,73.8
Groveland,Mercer Island,GROVELDSB,2022-08-16,Tue,09:20,2.0,1.0,1.0,3.072025555119132,0.0,False,22.7,72.9
Groveland,Mercer Island,GROVELDSB,2022-08-23,Tue,13:06,2.0,3.0,2.0,3.461796815997796,0.0,False,24.8,76.6
Groveland,Mercer Island,GROVELDSB,2023-06-20,Tue,09:17,3.0,3.0,3.0,3.0000000000000004,0.0,False,17.8,64.0
Groveland,Mercer Island,GROVELDSB,2023-06-27,Tue,13:07,2.0,1.0,1.0,1.9441612972396656,0.0,False,20.3,68.5
Groveland,Mercer Island,GROVELDSB,2023-07-05,Wed,12:25,2.0,1.0,1.0,1.682426006079768,0.0,False,23.4,74.1
Groveland,Mercer Island,GROVELDSB,2023-07-11,Tue,08:30,1.0,1.0,1.0,1.477243132305391,0.0,False,21.4,70.5
Groveland,Mercer Island,GROVELDSB,2023-07-18,Tue,13:15,1.0,1.0,1.0,1.366348812548757,0.0,False,23.1,73.6
Groveland,Mercer Island,GROVELDSB,2023-07-25,Tue,13:30,1.0,2.0,5.0,1.2788040393997409,0.0,False,23.0,73.4
Groveland,Mercer Island,GROVELDSB,2023-08-01,Tue,12:59,1.0,2.0,4.0,1.4026242145480263,0.0,False,23.9,75.0
Groveland,Mercer Island,GROVELDSB,2023-08-08,Tue,09:43,2.0,4.0,2.0,1.6111921279303263,0.0,False,22.9,73.2
Groveland,Mercer Island,GROVELDSB,2023-08-15,Tue,09:36,1.0,1.0,1.0,1.6111921279303263,0.0,False,23.5,74.3
Groveland,Mercer Island,GROVELDSB,2023-08-22,Tue,09:01,6.0,7.0,5.0,2.3012401942648317,0.0,False,22.7,72.9
Groveland,Mercer Island,GROVELDSB,2024-06-17,Mon,11:25,1.0,1.0,4.0,1.5874010519681994,0.0,False,15.9,60.6
Groveland,Mercer Island,GROVELDSB,2024-06-25,Tue,07:51,1.0,1.0,1.0,1.2599210498948732,0.0,False,17.5,63.5
Groveland,Mercer Island,GROVELDSB,2024-07-02,Tue,08:27,1.0,1.0,1.0,1.1665290395761163,0.0,False,19.3,66.7
Groveland,Mercer Island,GROVELDSB,2024-07-09,Tue,07:38,1.0,4.0,5.0,1.4407573116637051,0.0,False,23.3,73.9
Groveland,Mercer Island,GROVELDSB,2024-07-16,Tue,08:43,1.0,1.0,2.0,1.4026242145480263,0.0,False,24.3,75.7
Groveland,Mercer Island,GROVELDSB,2024-07-23,Tue,08:29,4.0,4.0,5.0,1.7126817311769775,0.0,False,23.1,73.6
Groveland,Mercer Island,GROVELDSB,2024-07-30,Tue,08:34,6.0,13.0,38.0,2.9183354577169998,0.0,False,22.1,71.8
Groveland,Mercer Island,GROVELDSB,2024-08-06,Tue,08:41,21.0,20.0,29.0,5.464012670098295,0.0,False,22.7,72.9
Groveland,Mercer Island,GROVELDSB,2024-08-13,Tue,08:45,1.0,1.0,1.0,4.474828183290256,0.0,False,21.8,71.2
Groveland,Mercer Island,GROVELDSB,2024-08-20,Tue,07:45,7.0,6.0,7.0,6.241143769504117,0.0,False,21.9,71.4
Groveland,Mercer Island,GROVELDSB,2025-06-16,Mon,09:13,1.0,1.0,1.0,1.0,0.0,False,19.0,66.2
Groveland,Mercer Island,GROVELDSB,2025-06-24,Tue,09:16,1.0,1.0,1.0,1.0,0.0,False,18.9,66.0
Groveland,Mercer Island,GROVELDSB,2025-07-01,Tue,08:18,32.0,15.0,18.0,2.737728744567045,0.0,False,20.8,69.4
Groveland,Mercer Island,GROVELDSB,2025-07-08,Tue,08:28,1.0,1.0,1.0,2.128348843973986,0.0,False,21.7,71.1
Groveland,Mercer Island,GROVELDSB,2025-07-15,Tue,08:26,2.0,1.0,1.0,1.916473929999829,0.0,False,22.4,72.3
Groveland,Mercer Island,GROVELDSB,2025-07-22,Tue,08:10,6.0,3.0,4.0,2.548737344260224,0.0,False,22.5,72.5
Groveland,Mercer Island,GROVELDSB,2025-07-29,Tue,08:37,4.0,4.0,5.0,3.413483029919101,0.0,False,21.9,71.4
Groveland,Mercer Island,GROVELDSB,2025-08-05,Tue,08:18,7.0,1.0,5.0,2.364293391011409,0.0,False,22.3,72.1
Groveland,Mercer Island,GROVELDSB,2025-08-12,Tue,07:12,1.0,1.0,1.0,2.364293391011409,0.0,False,22.6,72.7
Groveland,Mercer Island,GROVELDSB,2025-08-19,Tue,08:58,4.0,1.0,6.0,2.790273565104169,0.0,False,21.5,70.7
Groveland,Mercer Island,GROVELDSB,2026-06-16,Tue,09:21,1.0,1.0,1.0,1.0,0.0,False,20.1,68.2
Groveland,Mercer Island,GROVELDSB,2026-06-23,Tue,08:11,7.0,1.0,1.0,1.3830875542684884,0.0,False,22.1,71.8
Groveland,Mercer Island,GROVELDSB,2026-06-30,Tue,08:33,5.0,2.0,1.0,1.6032856051269204,0.0,False,18.8,65.8
Groveland,Mercer Island,GROVELDSB,2026-07-07,Tue,09:01,13.0,6.0,4.0,2.2993463092169786,0.0,False,20.1,68.2
Groveland,Mercer Island,GROVELDSB,2026-07-14,Tue,08:02,1.0,2.0,1.0,2.03869461282452,0.0,False,20.9,69.6
Groveland,Mercer Island,GROVELDSB,2026-07-21,Tue,08:10,1.0,2.0,2.0,2.236091177314797,0.0,False,22.1,71.8
Groveland,Mercer Island,GROVELDSB,2026-07-28,Tue,12:56,13.0,13.0,11.0,3.2441550163853425,0.0,False,22.2,72.0
Groveland,Mercer Island,GROVELDSB,2026-08-04,Tue,13:07,1.0,1.0,1.0,2.7824984519467835,0.0,False,22.1,71.8
Groveland,Mercer Island,GROVELDSB,2026-08-11,Tue,08:03,5.0,3.0,5.0,2.530241896741353,0.0,False,22.5,72.5
Groveland,Mercer Island,GROVELDSB,2026-08-18,Tue,12:57,2.0,8.0,1.0,2.90648470453137,0.0,False,23.8,74.8
Houghton,Kirkland,A422SB,2019-05-13,Mon,15:46,2.0,3.0,25.0,5.313292845913055,0.0,False,17.7,63.9
Houghton,Kirkland,A422SB,2019-05-20,Mon,15:09,12.0,9.0,7.0,6.957216352876797,0.0,False,17.3,63.1
Houghton,Kirkland,A422SB,2019-05-28,Tue,12:36,14.0,12.0,16.0,8.76337444442282,0.0,False,17.8,64.0
Houghton,Kirkland,A422SB,2019-06-03,Mon,16:15,1.0,6.0,12.0,7.274132953057726,0.0,False,21.2,70.2
Houghton,Kirkland,A422SB,2019-06-10,Mon,16:13,190.0,220.0,130.0,13.754124883621436,0.0,False,21.3,70.3
Houghton,Kirkland,A422SB,2019-06-17,Mon,16:10,21.0,20.0,2700.0,24.946009477027328,1.0,True,23.1,73.6
Houghton,Kirkland,A422SB,2019-06-24,Mon,16:19,3.0,110.0,80.0,31.61354694344172,1.0,False,21.8,71.2
Houghton,Kirkland,A422SB,2019-06-26,Wed,15:03,18.0,120.0,16.0,,,False,21.8,71.2
Houghton,Kirkland,A422SB,2019-07-01,Mon,13:06,28.0,59.0,69.0,40.58528029685972,1.0,False,22.5,72.5
Houghton,Kirkland,A422SB,2019-07-08,Mon,14:41,4.0,1.0,140.0,46.53277133466742,1.0,False,22.8,73.0
Houghton,Kirkland,A422SB,2019-07-15,Mon,15:15,230.0,130.0,260.0,47.65705981866843,1.0,False,22.6,72.7
Houghton,Kirkland,A422SB,2019-07-22,Mon,15:20,150.0,210.0,690.0,58.02703115012896,1.0,True,23.8,74.8
Houghton,Kirkland,A422SB,2019-07-29,Mon,14:22,71.0,96.0,67.0,70.17197743784729,1.0,False,24.6,76.3
Houghton,Kirkland,A422SB,2019-08-05,Mon,15:43,93.0,500.0,390.0,98.38773064089894,3.0,True,25.4,77.7
Houghton,Kirkland,A422SB,2019-08-08,Thu,10:23,15.0,6.0,5600.0,,,True,22.8,73.0
Houghton,Kirkland,A422SB,2019-08-12,Mon,12:50,9.0,14.0,36.0,113.11146085265868,3.0,False,25.4,77.7
Houghton,Kirkland,A422SB,2019-08-15,Thu,07:45,23.0,44.0,6.0,,,False,22.9,73.2
Houghton,Kirkland,A422SB,2019-08-19,Mon,14:47,4.0,12.0,43.0,65.32974382076878,3.0,False,24.2,75.6
Houghton,Kirkland,A422SB,2019-08-26,Mon,15:56,200.0,53.0,77.0,52.49123025263783,2.0,False,23.8,74.8
Houghton,Kirkland,A422SB,2019-09-03,Tue,11:04,5.0,17.0,210.0,42.28850583499923,2.0,False,23.3,73.9
Houghton,Kirkland,A422SB,2019-09-09,Mon,13:38,42.0,32.0,17.0,27.09636596751057,0.0,False,21.9,71.4
Houghton,Kirkland,A422SB,2019-09-16,Mon,16:38,31.0,41.0,61.0,32.741447221006446,0.0,False,21.6,70.9
Houghton,Kirkland,A422SB,2019-09-23,Mon,13:12,,,,,,,19.3,66.7
Houghton,Kirkland,A422SB,2019-09-30,Mon,12:45,,,,,,,18.4,65.1
Houghton,Kirkland,A422SB,2019-10-07,Mon,12:42,,,,,,,16.7,62.1
Houghton,Kirkland,A422SB,2019-10-14,Mon,12:52,,,,,,,16.0,60.8
Houghton,Kirkland,A422SB,2019-10-21,Mon,12:55,,,,,,,13.8,56.8
Houghton,Kirkland,A422SB,2020-05-12,Tue,12:23,2.0,6.0,10.0,4.93242414866094,0.0,False,16.8,62.2
Houghton,Kirkland,A422SB,2020-05-19,Tue,13:17,52.0,32.0,40.0,14.138361870946104,0.0,False,17.0,62.6
Houghton,Kirkland,A422SB,2020-05-26,Tue,11:51,9.0,5.0,51.0,13.815068024296288,0.0,False,17.2,63.0
Houghton,Kirkland,A422SB,2020-06-02,Tue,11:57,6.0,14.0,210.0,16.186004339804985,0.0,False,18.7,65.7
Houghton,Kirkland,A422SB,2020-06-09,Tue,10:24,100.0,5.0,23.0,17.299155852249815,0.0,False,16.9,62.4
Houghton,Kirkland,A422SB,2020-06-16,Tue,14:12,32.0,480.0,500.0,36.1773631711064,2.0,True,17.8,64.0
Houghton,Kirkland,A422SB,2020-06-23,Tue,13:26,70.0,1400.0,180.0,52.479448300028665,3.0,True,22.3,72.1
Houghton,Kirkland,A422SB,2020-06-29,Mon,13:21,16.0,860.0,300.0,86.49408207229118,4.0,True,20.0,68.0
Houghton,Kirkland,A422SB,2020-07-07,Tue,13:10,13.0,15.0,16.0,77.06019936472694,4.0,False,19.9,67.8
Houghton,Kirkland,A422SB,2020-07-14,Tue,12:47,500.0,100.0,190.0,120.58645073039756,5.0,True,22.1,71.8
Houghton,Kirkland,A422SB,2020-07-21,Tue,11:30,11.0,7.0,15.0,67.05737728750238,3.0,False,23.7,74.7
Houghton,Kirkland,A422SB,2020-07-28,Tue,13:09,13.0,29.0,33.0,41.33681496274698,2.0,False,24.3,75.7
Houghton,Kirkland,A422SB,2020-08-04,Tue,13:22,82.0,68.0,36.0,33.79061135504354,1.0,False,25.0,77.0
Houghton,Kirkland,A422SB,2020-08-11,Tue,14:16,120.0,37.0,42.0,44.384148630609474,1.0,False,23.8,74.8
Houghton,Kirkland,A422SB,2020-08-18,Tue,11:05,2.0,6.0,4.0,19.68471218305886,0.0,False,23.3,73.9
Houghton,Kirkland,A422SB,2020-08-25,Tue,12:40,5.0,27.0,36.0,21.66370275805821,0.0,False,23.2,73.8
Houghton,Kirkland,A422SB,2020-09-01,Tue,12:50,79.0,39.0,14.0,23.535873318188475,0.0,False,23.8,74.8
Houghton,Kirkland,A422SB,2020-09-08,Tue,12:29,49.0,18.0,32.0,20.65046669172848,0.0,False,22.4,72.3
Houghton,Kirkland,A422SB,2020-09-22,Tue,11:53,,,,,,,21.3,70.3
Houghton,Kirkland,A422SB,2020-09-29,Tue,12:25,,,,,,,20.2,68.4
Houghton,Kirkland,A422SB,2020-10-06,Tue,10:55,,,,,,,18.7,65.7
Houghton,Kirkland,A422SB,2020-10-13,Tue,12:40,,,,,,,17.3,63.1
Houghton,Kirkland,A422SB,2020-10-20,Tue,12:50,,,,,,,16.6,61.9
Houghton,Kirkland,A422SB,2020-10-27,Tue,12:22,,,,,,,14.7,58.5
Houghton,Kirkland,A422SB,2021-05-18,Tue,12:59,2.0,2.0,2.0,2.0,0.0,False,16.8,62.2
Houghton,Kirkland,A422SB,2021-05-25,Tue,12:10,4.0,3.0,11.0,3.1911262493544466,0.0,False,16.9,62.4
Houghton,Kirkland,A422SB,2021-06-01,Tue,12:47,160.0,160.0,56.0,10.471531711939962,0.0,False,20.4,68.7
Houghton,Kirkland,A422SB,2021-06-08,Tue,12:14,7.0,15.0,17.0,10.863693666576337,0.0,False,19.0,66.2
Houghton,Kirkland,A422SB,2021-06-15,Tue,12:52,450.0,50.0,60.0,17.277103169576844,1.0,True,19.6,67.3
Houghton,Kirkland,A422SB,2021-06-22,Tue,10:43,31.0,78.0,29.0,31.646222736148168,1.0,False,22.0,71.6
Houghton,Kirkland,A422SB,2021-06-29,Tue,11:24,52.0,69.0,55.0,51.518668082547954,1.0,False,26.5,79.7
Houghton,Kirkland,A422SB,2021-07-06,Tue,12:35,91.0,390.0,340.0,59.38021352063971,3.0,True,24.9,76.8
Houghton,Kirkland,A422SB,2021-07-13,Tue,13:15,11.0,16.0,36.0,64.61304644702085,3.0,False,25.8,78.4
Houghton,Kirkland,A422SB,2021-07-20,Tue,12:38,2300.0,14.0,25.0,62.423918309931125,3.0,True,23.6,74.5
Houghton,Kirkland,A422SB,2021-07-27,Tue,12:36,520.0,420.0,78.0,90.02930310623725,5.0,True,24.1,75.4
Houghton,Kirkland,A422SB,2021-08-03,Tue,11:16,41.0,50.0,470.0,100.06748729378938,6.0,True,24.6,76.3
Houghton,Kirkland,A422SB,2021-08-10,Tue,10:59,180.0,210.0,200.0,96.99636371197674,4.0,False,23.8,74.8
Houghton,Kirkland,A422SB,2021-08-17,Tue,09:32,7.0,6.0,6.0,78.23380949212839,4.0,False,22.8,73.0
Houghton,Kirkland,A422SB,2021-08-24,Tue,13:10,96.0,31.0,38.0,68.63872184371752,3.0,False,23.1,73.6
Houghton,Kirkland,A422SB,2021-08-31,Tue,11:06,50.0,23.0,39.0,46.195201776595546,1.0,False,20.5,68.9
Houghton,Kirkland,A422SB,2021-09-07,Tue,12:59,290.0,21.0,23.0,40.6221677933824,0.0,False,22.5,72.5
Houghton,Kirkland,A422SB,2021-09-14,Tue,11:55,190.0,56.0,340.0,38.674349030275685,1.0,True,20.6,69.1
Houghton,Kirkland,A422SB,2021-09-21,Tue,13:03,120.0,25.0,20.0,55.702291238814674,1.0,False,20.5,68.9
Houghton,Kirkland,A422SB,2021-09-28,Tue,12:57,,,,,,,18.0,64.4
Houghton,Kirkland,A422SB,2021-10-05,Tue,12:05,,,,,,,17.1,62.8
Houghton,Kirkland,A422SB,2021-10-12,Tue,12:19,,,,,,,15.7,60.3
Houghton,Kirkland,A422SB,2021-10-19,Tue,11:36,,,,,,,15.1,59.2
Houghton,Kirkland,A422SB,2021-10-26,Tue,11:12,,,,,,,13.6,56.5
Houghton,Kirkland,A422SB,2022-05-16,Mon,11:44,8.0,5.0,7.0,6.542132620377179,0.0,False,14.2,57.6
Houghton,Kirkland,A422SB,2022-05-23,Mon,11:49,76.0,1.0,1.0,5.264154219313575,0.0,False,16.5,61.7
Houghton,Kirkland,A422SB,2022-05-31,Tue,11:53,160.0,200.0,460.0,18.93738188359177,1.0,True,15.4,59.7
Houghton,Kirkland,A422SB,2022-06-06,Mon,11:54,23.0,29.0,23.0,20.26800916316723,1.0,False,17.1,62.8
Houghton,Kirkland,A422SB,2022-06-13,Mon,13:02,150.0,56.0,180.0,28.66942567657275,1.0,False,17.6,63.7
Houghton,Kirkland,A422SB,2022-06-21,Tue,12:04,15.0,48.0,34.0,38.62447165861257,1.0,False,19.1,66.4
Houghton,Kirkland,A422SB,2022-06-27,Mon,12:03,1.0,11.0,49.0,44.012992382765816,1.0,False,23.0,73.4
Houghton,Kirkland,A422SB,2022-07-05,Tue,12:50,15.0,14.0,41.0,26.795009750382917,0.0,False,21.4,70.5
Houghton,Kirkland,A422SB,2022-07-11,Mon,11:50,250.0,460.0,37.0,38.98734361276849,1.0,True,23.0,73.4
Houghton,Kirkland,A422SB,2022-07-18,Mon,11:31,7.0,27.0,25.0,26.540777865736548,1.0,False,20.6,69.1
Houghton,Kirkland,A422SB,2022-07-25,Mon,12:13,83.0,920.0,140.0,39.80391742643154,2.0,True,24.4,75.9
Houghton,Kirkland,A422SB,2022-08-01,Mon,13:12,26.0,46.0,80.0,56.21790320100119,2.0,False,27.2,81.0
Houghton,Kirkland,A422SB,2022-08-08,Mon,13:28,76.0,86.0,220.0,79.07819508764283,2.0,False,25.8,78.4
Houghton,Kirkland,A422SB,2022-08-15,Mon,12:18,29.0,330.0,510.0,79.80478248166581,3.0,True,24.9,76.8
Houghton,Kirkland,A422SB,2022-08-22,Mon,13:30,22.0,19.0,84.0,91.22191153394684,3.0,False,25.6,78.1
Houghton,Kirkland,A422SB,2022-08-29,Mon,13:31,480.0,35.0,72.0,78.8876508033937,3.0,True,25.1,77.2
Houghton,Kirkland,A422SB,2022-09-06,Tue,12:25,1000.0,26.0,7.0,82.34281404374507,4.0,True,23.3,73.9
Houghton,Kirkland,A422SB,2022-09-12,Mon,12:06,33.0,28.0,240.0,72.69462000597017,4.0,False,21.5,70.7
Houghton,Kirkland,A422SB,2022-09-19,Mon,12:34,50.0,32.0,57.0,55.75319827514091,2.0,False,21.1,70.0
Houghton,Kirkland,A422SB,2022-09-26,Mon,11:45,,,,,,,20.0,68.0
Houghton,Kirkland,A422SB,2022-10-03,Mon,11:47,,,,,,,20.0,68.0
Houghton,Kirkland,A422SB,2022-10-11,Tue,11:32,,,,,,,19.1,66.4
Houghton,Kirkland,A422SB,2022-10-17,Mon,11:28,,,,,,,18.6,65.5
Houghton,Kirkland,A422SB,2022-10-24,Mon,12:44,,,,,,,16.1,61.0
Houghton,Kirkland,A422SB,2023-05-15,Mon,11:28,5.0,5.0,5.0,4.999999999999999,0.0,False,18.4,65.1
Houghton,Kirkland,A422SB,2023-05-22,Mon,12:42,26.0,10.0,25.0,9.659853980285169,0.0,False,19.3,66.7
Houghton,Kirkland,A422SB,2023-05-30,Tue,13:47,5.0,11.0,4.0,8.258786283779012,0.0,False,20.4,68.7
Houghton,Kirkland,A422SB,2023-06-05,Mon,12:30,34.0,17.0,16.0,10.427763093821568,0.0,False,19.6,67.3
Houghton,Kirkland,A422SB,2023-06-12,Mon,13:36,14.0,1.0,160.0,10.911960686886855,0.0,False,20.8,69.4
Houghton,Kirkland,A422SB,2023-06-20,Tue,11:21,33.0,43.0,47.0,16.584949062990304,0.0,False,17.7,63.9
Houghton,Kirkland,A422SB,2023-06-26,Mon,12:30,270.0,240.0,1000.0,30.640199261188688,1.0,True,21.3,70.3
Houghton,Kirkland,A422SB,2023-07-05,Wed,13:34,44.0,63.0,330.0,67.44258432496197,2.0,True,24.2,75.6
Houghton,Kirkland,A422SB,2023-07-10,Mon,11:04,20.0,17.0,25.0,53.10172442774481,2.0,False,22.1,71.8
Houghton,Kirkland,A422SB,2023-07-17,Mon,13:21,630.0,940.0,4800.0,135.52083413205906,5.0,True,23.8,74.8
Houghton,Kirkland,A422SB,2023-07-25,Tue,08:37,50.0,39.0,42.0,137.38932061655777,5.0,False,21.9,71.4
Houghton,Kirkland,A422SB,2023-07-31,Mon,13:59,240.0,68.0,330.0,116.39390756736148,5.0,True,24.6,76.3
Houghton,Kirkland,A422SB,2023-08-07,Mon,12:00,460.0,72.0,38.0,118.8962158665267,5.0,True,22.7,72.9
Houghton,Kirkland,A422SB,2023-08-14,Mon,13:36,38.0,16.0,41.0,127.73775127852984,5.0,False,24.8,76.6
Houghton,Kirkland,A422SB,2023-08-21,Mon,11:31,720.0,810.0,32.0,91.36989448010196,4.0,True,23.6,74.5
Houghton,Kirkland,A422SB,2023-08-28,Mon,11:01,41.0,16.0,50.0,85.96251625856998,4.0,False,22.3,72.1
Houghton,Kirkland,A422SB,2023-09-05,Tue,10:50,730.0,610.0,630.0,111.88187333017876,6.0,True,20.6,69.1
Houghton,Kirkland,A422SB,2023-09-11,Mon,10:59,24.0,28.0,41.0,86.71848390525201,5.0,False,22.6,72.7
Houghton,Kirkland,A422SB,2023-09-18,Mon,11:29,880.0,56.0,250.0,131.13135875591465,6.0,True,20.0,68.0
Houghton,Kirkland,A422SB,2023-09-25,Mon,12:55,550.0,67.0,84.0,116.32949611688495,5.0,True,18.6,65.5
Houghton,Kirkland,A422SB,2023-10-02,Mon,10:26,,,,,,,17.0,62.6
Houghton,Kirkland,A422SB,2023-10-10,Tue,11:00,,,,,,,,
Houghton,Kirkland,A422SB,2023-10-16,Mon,12:08,,,,,,,16.3,61.3
Houghton,Kirkland,A422SB,2023-10-23,Mon,10:26,,,,,,,15.3,59.5
Houghton,Kirkland,A422SB,2024-05-13,Mon,11:00,5.0,13.0,32.0,12.765008597719817,0.0,False,16.6,61.9
Houghton,Kirkland,A422SB,2024-05-20,Mon,12:30,22.0,35.0,55.0,21.093701288747138,0.0,False,16.9,62.4
Houghton,Kirkland,A422SB,2024-05-28,Tue,11:53,140.0,130.0,110.0,38.27641040759293,0.0,False,15.1,59.2
Houghton,Kirkland,A422SB,2024-06-03,Mon,12:38,250.0,240.0,290.0,61.7415468478293,0.0,False,15.4,59.7
Houghton,Kirkland,A422SB,2024-06-10,Mon,12:10,96.0,150.0,320.0,75.28287037080399,0.0,False,17.7,63.9
Houghton,Kirkland,A422SB,2024-06-17,Mon,10:28,25.0,450.0,27.0,104.95255916080951,1.0,True,16.7,62.1
Houghton,Kirkland,A422SB,2024-06-24,Mon,12:12,120.0,370.0,320.0,154.65774316142512,2.0,True,18.4,65.1
Houghton,Kirkland,A422SB,2024-07-01,Mon,12:45,120.0,120.0,67.0,147.31146545645908,2.0,False,20.5,68.9
Houghton,Kirkland,A422SB,2024-07-08,Mon,12:05,230.0,130.0,120.0,132.5938646519714,2.0,False,24.7,76.5
Houghton,Kirkland,A422SB,2024-07-15,Mon,12:26,9.0,1200.0,1300.0,142.81716400109124,4.0,True,25.1,77.2
Houghton,Kirkland,A422SB,2024-07-22,Mon,11:40,210.0,350.0,1600.0,212.47433262486885,5.0,True,23.4,74.1
Houghton,Kirkland,A422SB,2024-07-29,Mon,11:33,560.0,160.0,340.0,223.557926232144,6.0,True,24.3,75.7
Houghton,Kirkland,A422SB,2024-08-05,Mon,13:21,43.0,40.0,480.0,221.2477681019338,7.0,True,25.0,77.0
Houghton,Kirkland,A422SB,2024-08-12,Mon,10:57,24.0,25.0,28.0,154.7305329750154,7.0,False,22.6,72.7
Houghton,Kirkland,A422SB,2024-08-19,Mon,11:00,32.0,15.0,23.0,96.07627410494888,5.0,False,23.1,73.6
Houghton,Kirkland,A422SB,2024-08-26,Mon,10:57,92.0,1200.0,300.0,88.29342277113022,4.0,True,21.7,71.1
Houghton,Kirkland,A422SB,2024-09-03,Tue,12:55,33.0,16.0,270.0,61.74603436325447,2.0,False,22.0,71.6
Houghton,Kirkland,A422SB,2024-09-09,Mon,12:00,73.0,82.0,210.0,63.50113558513623,1.0,False,21.6,70.9
Houghton,Kirkland,A422SB,2024-09-16,Mon,12:03,250.0,1800.0,86.0,106.3999941376014,2.0,True,20.3,68.5
Houghton,Kirkland,A422SB,2024-09-23,Mon,09:52,780.0,260.0,4900.0,227.62918031684072,4.0,True,19.5,67.1
Houghton,Kirkland,A422SB,2024-09-30,Mon,10:56,9.0,4.0,77.0,121.73294471369296,3.0,False,18.2,64.8
Houghton,Kirkland,A422SB,2024-10-07,Mon,10:46,,,,,,,17.4,63.3
Houghton,Kirkland,A422SB,2024-10-15,Tue,12:08,,,,,,,17.0,62.6
Houghton,Kirkland,A422SB,2024-10-21,Mon,11:37,,,,,,,15.5,59.9
Houghton,Kirkland,A422SB,2025-05-12,Mon,12:52,38.0,13.0,9.0,16.4433317700741,0.0,False,16.3,61.3
Houghton,Kirkland,A422SB,2025-05-19,Mon,11:49,290.0,260.0,230.0,65.2396225977658,0.0,False,15.2,59.4
Houghton,Kirkland,A422SB,2025-05-27,Tue,12:16,4.0,5.0,3.0,25.541515032970853,0.0,False,19.0,66.2
Houghton,Kirkland,A422SB,2025-06-02,Mon,11:42,3.0,5.0,230.0,22.400269778561285,0.0,False,21.0,69.8
Houghton,Kirkland,A422SB,2025-06-09,Mon,10:39,62.0,27.0,18.0,23.922384308784764,0.0,False,23.1,73.6
Houghton,Kirkland,A422SB,2025-06-16,Mon,12:35,400.0,87.0,31.0,34.498686618740976,1.0,True,20.9,69.6
Houghton,Kirkland,A422SB,2025-06-23,Mon,10:28,1500.0,300.0,2100.0,45.03581951944901,3.0,True,20.1,68.2
Houghton,Kirkland,A422SB,2025-06-30,Mon,12:46,74.0,150.0,1100.0,101.73312009798556,4.0,True,22.6,72.7
Houghton,Kirkland,A422SB,2025-07-07,Mon,12:09,41.0,50.0,8.0,112.8748920049634,4.0,False,22.9,73.2
Houghton,Kirkland,A422SB,2025-07-14,Mon,11:13,21.0,45.0,76.0,119.60385485493444,4.0,False,22.9,73.2
Houghton,Kirkland,A422SB,2025-07-21,Mon,12:20,16.0,19.0,140.0,96.41602502274766,3.0,False,24.4,75.9
Houghton,Kirkland,A422SB,2025-07-28,Mon,12:55,490.0,670.0,550.0,86.34343859639117,4.0,True,24.3,75.7
Houghton,Kirkland,A422SB,2025-08-04,Mon,11:33,280.0,190.0,540.0,91.4117427618296,4.0,True,22.3,72.1
Houghton,Kirkland,A422SB,2025-08-11,Mon,12:14,2400.0,41.0,72.0,136.9937977214467,5.0,True,24.0,75.2
Houghton,Kirkland,A422SB,2025-08-18,Mon,12:41,320.0,440.0,690.0,221.5378797489004,7.0,True,23.6,74.5
Houghton,Kirkland,A422SB,2025-08-25,Mon,12:28,76.0,240.0,86.0,281.7622279343692,7.0,False,24.8,76.6
Houghton,Kirkland,A422SB,2025-09-02,Tue,13:01,17.0,13.0,9.0,131.62837507644815,4.0,False,23.5,74.3
Houghton,Kirkland,A422SB,2025-09-08,Mon,10:50,5.0,4.0,1700.0,83.99003361070415,4.0,True,22.4,72.3
Houghton,Kirkland,A422SB,2025-09-15,Mon,12:22,700.0,500.0,720.0,106.56942391691948,6.0,True,21.7,71.1
Houghton,Kirkland,A422SB,2025-09-22,Mon,11:46,390.0,7.0,62.0,69.77600881283836,5.0,True,21.1,70.0
Houghton,Kirkland,A422SB,2025-09-29,Mon,10:37,20.0,34.0,5.0,46.35570242533209,5.0,False,19.7,67.5
Houghton,Kirkland,A422SB,2025-10-06,Mon,11:11,,,,,,,18.6,65.5
Houghton,Kirkland,A422SB,2025-10-14,Tue,12:09,,,,,,,16.8,62.2
Houghton,Kirkland,A422SB,2025-10-20,Mon,11:51,,,,,,,15.9,60.6
Houghton,Kirkland,A422SB,2026-05-11,Mon,12:12,33.0,21.0,6.0,16.080325232896094,0.0,False,17.2,63.0
Houghton,Kirkland,A422SB,2026-05-18,Mon,09:49,23.0,6.0,2.0,10.23211928616282,0.0,False,16.1,61.0
Houghton,Kirkland,A422SB,2026-05-26,Tue,12:08,760.0,710.0,570.0,41.34429549506833,3.0,True,16.5,61.7
Houghton,Kirkland,A422SB,2026-06-01,Mon,12:41,250.0,77.0,47.0,51.13156430623823,3.0,False,18.8,65.8
Houghton,Kirkland,A422SB,2026-06-08,Mon,12:06,82.0,63.0,20.0,50.26089565854868,3.0,False,17.7,63.9
Houghton,Kirkland,A422SB,2026-06-15,Mon,08:44,1.0,1.0,1.0,28.83840640762801,3.0,False,20.9,69.6
Houghton,Kirkland,A422SB,2026-06-22,Mon,09:48,110.0,39.0,22.0,42.55030236923115,3.0,False,21.2,70.2
Houghton,Kirkland,A422SB,2026-06-29,Mon,09:45,5.0,5.0,4.0,15.717116205107825,0.0,False,19.6,67.3
Houghton,Kirkland,A422SB,2026-07-06,Mon,09:41,760.0,490.0,250.0,21.4059383398101,2.0,True,20.3,68.5
Houghton,Kirkland,A422SB,2026-07-13,Mon,11:00,86.0,3800.0,410.0,34.51911906533683,4.0,True,22.0,71.6
Houghton,Kirkland,A422SB,2026-07-20,Mon,11:35,2100.0,370.0,55.0,111.3726665169762,6.0,True,22.6,72.7
Houghton,Kirkland,A422SB,2026-07-27,Mon,12:12,110.0,73.0,90.0,127.56077717975722,6.0,False,22.8,73.0
Houghton,Kirkland,A422SB,2026-08-03,Mon,11:48,260.0,31.0,43.0,219.6362683598308,6.0,False,22.2,72.0
Houghton,Kirkland,A422SB,2026-08-10,Mon,09:23,51.0,48.0,180.0,153.71385187415828,4.0,False,22.6,72.7
Houghton,Kirkland,A422SB,2026-08-17,Mon,12:22,16.0,340.0,43.0,100.65756857290852,3.0,True,23.8,74.8
Houghton,Kirkland,A422SB,2026-08-24,Mon,09:41,16.0,610.0,260.0,83.3852175398015,2.0,True,22.5,72.5
Houghton,Kirkland,A422SB,2026-08-31,Mon,00:00,60.0,120.0,100.0,83.36441282062809,2.0,False,,
Idylwood,Redmond,0602SB,2019-05-13,Mon,14:51,7.0,12.0,12.0,10.026595869929167,0.0,False,19.9,67.8
Idylwood,Redmond,0602SB,2019-05-20,Mon,12:21,59.0,56.0,82.0,25.47137582717517,0.0,False,17.3,63.1
Idylwood,Redmond,0602SB,2019-05-28,Tue,09:12,15.0,14.0,15.0,21.186998794640377,0.0,False,18.3,64.9
Idylwood,Redmond,0602SB,2019-06-03,Mon,14:01,25.0,12.0,29.0,21.03029440527787,0.0,False,21.2,70.2
Idylwood,Redmond,0602SB,2019-06-10,Mon,12:18,23.0,840.0,57.0,28.91135283111219,1.0,True,21.3,70.3
Idylwood,Redmond,0602SB,2019-06-17,Mon,13:24,27.0,3000.0,32.0,48.79927593548982,2.0,True,23.9,75.0
Idylwood,Redmond,0602SB,2019-06-20,Thu,07:56,10.0,16.0,8.0,,,False,19.9,67.8
Idylwood,Redmond,0602SB,2019-06-24,Mon,14:09,140.0,52.0,9.0,44.39302212777321,2.0,False,21.6,70.9
Idylwood,Redmond,0602SB,2019-07-01,Mon,13:21,100.0,980.0,3700.0,96.54338628371572,4.0,True,22.9,73.2
Idylwood,Redmond,0602SB,2019-07-08,Mon,13:50,41.0,1.0,460.0,101.65389490916148,5.0,True,21.9,71.4
Idylwood,Redmond,0602SB,2019-07-11,Thu,07:22,8.0,9.0,5.0,,,False,21.1,70.0
Idylwood,Redmond,0602SB,2019-07-15,Mon,16:24,2900.0,69.0,12.0,107.07640472822392,5.0,True,22.7,72.9
Idylwood,Redmond,0602SB,2019-07-22,Mon,15:55,650.0,1000.0,1100.0,155.74179776687637,7.0,True,23.3,73.9
Idylwood,Redmond,0602SB,2019-07-29,Mon,16:30,170.0,75.0,190.0,198.1213035075811,7.0,False,24.2,75.6
Idylwood,Redmond,0602SB,2019-08-01,Thu,08:20,100.0,12.0,49.0,,,False,23.4,74.1
Idylwood,Redmond,0602SB,2019-08-05,Mon,16:39,250.0,320.0,330.0,166.37047319016472,6.0,True,25.3,77.5
Idylwood,Redmond,0602SB,2019-08-12,Mon,13:20,110.0,42.0,110.0,207.22514394663148,5.0,False,24.0,75.2
Idylwood,Redmond,0602SB,2019-08-19,Mon,16:42,31.0,11.0,31.0,144.3294530621806,4.0,False,24.4,75.9
Idylwood,Redmond,0602SB,2019-08-26,Mon,13:25,78.0,100.0,150.0,94.10519967305714,1.0,False,23.3,73.9
Idylwood,Redmond,0602SB,2019-09-03,Tue,12:50,57.0,180.0,50.0,84.85364950796276,1.0,False,24.7,76.5
Idylwood,Redmond,0602SB,2019-09-09,Mon,14:33,16.0,6.0,16.0,44.291767522926094,0.0,False,22.3,72.1
Idylwood,Redmond,0602SB,2019-09-16,Mon,14:39,91.0,15.0,83.0,40.074497367499454,0.0,False,22.1,71.8
Idylwood,Redmond,0602SB,2019-09-23,Mon,13:40,,,,,,,19.9,67.8
Idylwood,Redmond,0602SB,2019-09-30,Mon,13:10,,,,,,,19.1,66.4
Idylwood,Redmond,0602SB,2019-10-07,Mon,13:28,,,,,,,17.1,62.8
Idylwood,Redmond,0602SB,2019-10-14,Mon,13:15,,,,,,,16.6,61.9
Idylwood,Redmond,0602SB,2019-10-21,Mon,13:26,,,,,,,14.0,57.2
Idylwood,Redmond,0602SB,2020-05-13,Wed,09:31,2.0,7.0,3.0,3.4760266448864496,0.0,False,16.6,61.9
Idylwood,Redmond,0602SB,2020-05-20,Wed,11:30,1.0,1.0,1.0,1.8644105355008187,0.0,False,16.7,62.1
Idylwood,Redmond,0602SB,2020-05-27,Wed,11:38,12.0,19.0,23.0,3.923348490389477,0.0,False,19.0,66.2
Idylwood,Redmond,0602SB,2020-06-03,Wed,12:58,140.0,53.0,120.0,8.730546445183016,0.0,False,18.7,65.7
Idylwood,Redmond,0602SB,2020-06-10,Wed,11:53,5.0,2.0,6.0,7.436636576827751,0.0,False,19.2,66.6
Idylwood,Redmond,0602SB,2020-06-17,Wed,12:55,5.0,3.0,1.0,6.943301481133115,0.0,False,19.8,67.6
Idylwood,Redmond,0602SB,2020-06-24,Wed,12:40,25.0,89.0,150.0,16.210414051519322,0.0,False,20.7,69.3
Idylwood,Redmond,0602SB,2020-06-30,Tue,10:35,11.0,14.0,9.0,14.834314346667618,0.0,False,19.9,67.8
Idylwood,Redmond,0602SB,2020-07-08,Wed,12:40,16.0,25.0,12.0,10.47235968415803,0.0,False,21.0,69.8
Idylwood,Redmond,0602SB,2020-07-15,Wed,13:00,560.0,290.0,240.0,25.55961362749148,1.0,True,22.2,72.0
Idylwood,Redmond,0602SB,2020-07-22,Wed,12:40,8.0,8.0,7.0,32.05531641907555,1.0,False,23.8,74.8
Idylwood,Redmond,0602SB,2020-07-29,Wed,13:41,130.0,95.0,15.0,30.82164857279181,1.0,False,25.2,77.4
Idylwood,Redmond,0602SB,2020-08-05,Wed,13:43,35.0,260.0,63.0,46.05715543921934,1.0,False,26.1,79.0
Idylwood,Redmond,0602SB,2020-08-12,Wed,14:33,26.0,40.0,6.0,46.869825352911896,1.0,False,24.2,75.6
Idylwood,Redmond,0602SB,2020-08-19,Wed,13:25,21.0,56.0,29.0,29.310768505449417,0.0,False,25.4,77.7
Idylwood,Redmond,0602SB,2020-08-26,Wed,13:20,36.0,75.0,41.0,42.32060288742321,0.0,False,24.2,75.6
Idylwood,Redmond,0602SB,2020-09-02,Wed,11:47,7.0,89.0,110.0,39.60591158092162,0.0,False,23.9,75.0
Idylwood,Redmond,0602SB,2020-09-09,Wed,13:09,12.0,7.0,13.0,26.086514769105577,0.0,False,22.9,73.2
Idylwood,Redmond,0602SB,2020-09-22,Tue,12:15,,,,,,,21.7,71.1
Idylwood,Redmond,0602SB,2020-09-29,Tue,13:03,,,,,,,19.8,67.6
Idylwood,Redmond,0602SB,2020-10-06,Tue,10:36,,,,,,,18.8,65.8
Idylwood,Redmond,0602SB,2020-10-13,Tue,13:08,,,,,,,17.3,63.1
Idylwood,Redmond,0602SB,2020-10-20,Tue,13:20,,,,,,,16.9,62.4
Idylwood,Redmond,0602SB,2020-10-27,Tue,12:48,,,,,,,14.9,58.8
Idylwood,Redmond,0602SB,2021-05-19,Wed,11:40,13.0,13.0,11.0,12.29588511086289,0.0,False,17.9,64.2
Idylwood,Redmond,0602SB,2021-05-26,Wed,09:44,160.0,130.0,77.0,37.929074146699016,0.0,False,17.0,62.6
Idylwood,Redmond,0602SB,2021-06-02,Wed,12:00,16.0,14.0,17.0,28.21651521247348,0.0,False,21.0,69.8
Idylwood,Redmond,0602SB,2021-06-09,Wed,12:00,12.0,13.0,14.0,23.23531610967305,0.0,False,19.1,66.4
Idylwood,Redmond,0602SB,2021-06-16,Wed,13:29,68.0,170.0,58.0,30.29316079560489,0.0,False,21.2,70.2
Idylwood,Redmond,0602SB,2021-06-23,Wed,11:45,5.0,5.0,1.0,22.72943453008384,0.0,False,23.3,73.9
Idylwood,Redmond,0602SB,2021-06-30,Wed,09:03,7.0,1.0,3.0,10.742358628294776,0.0,False,26.3,79.3
Idylwood,Redmond,0602SB,2021-07-07,Wed,12:11,1.0,1.0,5.0,6.902151981194571,0.0,False,24.8,76.6
Idylwood,Redmond,0602SB,2021-07-14,Wed,11:01,12.0,13.0,12.0,6.831583778791565,0.0,False,24.5,76.1
Idylwood,Redmond,0602SB,2021-07-21,Wed,11:40,120.0,160.0,53.0,7.024263853854359,0.0,False,23.1,73.6
Idylwood,Redmond,0602SB,2021-07-28,Wed,09:39,50.0,42.0,37.0,12.00695502937866,0.0,False,24.1,75.4
Idylwood,Redmond,0602SB,2021-08-04,Wed,09:38,14.0,32.0,160.0,20.65276154935827,0.0,False,24.8,76.6
Idylwood,Redmond,0602SB,2021-08-11,Wed,12:32,3.0,5.0,5.0,24.73911815294321,0.0,False,25.1,77.2
Idylwood,Redmond,0602SB,2021-08-18,Wed,11:57,400.0,150.0,390.0,46.39931285497135,2.0,True,24.7,76.5
Idylwood,Redmond,0602SB,2021-08-25,Wed,12:16,32.0,23.0,14.0,34.1617517524232,2.0,False,22.9,73.2
Idylwood,Redmond,0602SB,2021-09-01,Wed,11:07,21.0,27.0,57.0,32.22126540130971,2.0,False,21.4,70.5
Idylwood,Redmond,0602SB,2021-09-08,Wed,11:59,13.0,1.0,1.0,18.14313292869841,2.0,False,21.3,70.3
Idylwood,Redmond,0602SB,2021-09-15,Wed,12:00,2.0,19.0,13.0,20.57263850470984,2.0,False,20.7,69.3
Idylwood,Redmond,0602SB,2021-09-22,Wed,11:51,7.0,49.0,73.0,13.039173668684308,0.0,False,19.6,67.3
Idylwood,Redmond,0602SB,2021-09-28,Tue,13:22,,,,,,,19.0,66.2
Idylwood,Redmond,0602SB,2021-10-05,Tue,12:35,,,,,,,17.1,62.8
Idylwood,Redmond,0602SB,2021-10-12,Tue,13:19,,,,,,,15.9,60.6
Idylwood,Redmond,0602SB,2021-10-19,Tue,12:34,,,,,,,15.6,60.1
Idylwood,Redmond,0602SB,2021-10-26,Tue,11:37,,,,,,,13.8,56.8
Idylwood,Redmond,0602SB,2022-05-17,Tue,11:23,2.0,4.0,4.0,3.1748021039363987,0.0,False,14.1,57.4
Idylwood,Redmond,0602SB,2022-05-24,Tue,10:54,1.0,1.0,22.0,2.9826029508262177,0.0,False,15.1,59.2
Idylwood,Redmond,0602SB,2022-05-31,Tue,12:44,28.0,16.0,12.0,5.381364822520331,0.0,False,18.0,64.4
Idylwood,Redmond,0602SB,2022-06-07,Tue,12:50,31.0,79.0,71.0,9.657319233938646,0.0,False,20.0,68.0
Idylwood,Redmond,0602SB,2022-06-14,Tue,12:10,470.0,12.0,1100.0,17.407245571651384,2.0,True,18.1,64.6
Idylwood,Redmond,0602SB,2022-06-22,Wed,11:23,76.0,59.0,260.0,35.06140545652296,2.0,False,18.7,65.7
Idylwood,Redmond,0602SB,2022-06-28,Tue,09:05,4.0,9.0,14.0,43.20126973578837,2.0,False,21.1,70.0
Idylwood,Redmond,0602SB,2022-07-06,Wed,11:12,24.0,36.0,18.0,46.37155333198835,2.0,False,20.8,69.4
Idylwood,Redmond,0602SB,2022-07-12,Tue,12:18,300.0,460.0,320.0,67.07650709610968,3.0,True,23.0,73.4
Idylwood,Redmond,0602SB,2022-07-19,Tue,11:12,72.0,17.0,26.0,47.19644686152366,1.0,False,23.1,73.6
Idylwood,Redmond,0602SB,2022-07-26,Tue,09:36,19.0,14.0,14.0,32.176145647655616,1.0,False,24.2,75.6
Idylwood,Redmond,0602SB,2022-08-02,Tue,14:05,320.0,85.0,58.0,55.02648561349535,1.0,False,27.2,81.0
Idylwood,Redmond,0602SB,2022-08-09,Tue,11:35,69.0,330.0,54.0,73.63819693392591,2.0,True,24.4,75.9
Idylwood,Redmond,0602SB,2022-08-16,Tue,12:52,23.0,46.0,110.0,49.56324871405413,1.0,False,25.2,77.4
Idylwood,Redmond,0602SB,2022-08-23,Tue,09:08,9.0,23.0,6.0,39.9255481368491,1.0,False,24.3,75.7
Idylwood,Redmond,0602SB,2022-08-30,Tue,12:44,37.0,68.0,64.0,51.32271426383491,1.0,False,24.5,76.1
Idylwood,Redmond,0602SB,2022-09-07,Wed,12:48,14.0,5.0,4.0,28.857166953804143,1.0,False,23.6,74.5
Idylwood,Redmond,0602SB,2022-09-13,Tue,10:53,23.0,10.0,19.0,19.81384076857317,0.0,False,22.2,72.0
Idylwood,Redmond,0602SB,2022-09-20,Tue,11:18,24.0,15.0,350.0,19.91902827101543,1.0,True,21.0,69.8
Idylwood,Redmond,0602SB,2022-09-26,Mon,12:11,,,,,,,20.2,68.4
Idylwood,Redmond,0602SB,2022-10-03,Mon,12:52,,,,,,,20.5,68.9
Idylwood,Redmond,0602SB,2022-10-11,Tue,12:30,,,,,,,19.9,67.8
Idylwood,Redmond,0602SB,2022-10-17,Mon,12:29,,,,,,,18.9,66.0
Idylwood,Redmond,0602SB,2022-10-24,Mon,13:10,,,,,,,16.2,61.2
Idylwood,Redmond,0602SB,2023-05-16,Tue,11:02,13.0,42.0,7.0,15.634964310916406,0.0,False,20.6,69.1
Idylwood,Redmond,0602SB,2023-05-23,Tue,10:14,1.0,4.0,4.0,6.276754041649023,0.0,False,18.7,65.7
Idylwood,Redmond,0602SB,2023-05-31,Wed,12:16,17.0,19.0,18.0,8.914529168018966,0.0,False,19.7,67.5
Idylwood,Redmond,0602SB,2023-06-06,Tue,12:00,10.0,1.0,1.0,6.250390353946434,0.0,False,19.9,67.8
Idylwood,Redmond,0602SB,2023-06-13,Tue,08:17,38.0,42.0,27.0,8.824406169772542,0.0,False,21.2,70.2
Idylwood,Redmond,0602SB,2023-06-20,Tue,09:48,4.0,3.0,12.0,7.0918075809360825,0.0,False,18.0,64.4
Idylwood,Redmond,0602SB,2023-06-27,Tue,09:17,2.0,5.0,5.0,7.651506385126766,0.0,False,20.1,68.2
Idylwood,Redmond,0602SB,2023-07-05,Wed,11:35,15.0,110.0,64.0,9.283096627868549,0.0,False,23.6,74.5
Idylwood,Redmond,0602SB,2023-07-11,Tue,10:59,4.0,28.0,4.0,11.961291433855695,0.0,False,23.6,74.5
Idylwood,Redmond,0602SB,2023-07-18,Tue,09:46,7.0,16.0,30.0,10.090381358856185,0.0,False,22.9,73.2
Idylwood,Redmond,0602SB,2023-07-25,Tue,09:09,3.0,5.0,13.0,10.296407486136212,0.0,False,23.2,73.8
Idylwood,Redmond,0602SB,2023-08-01,Tue,10:28,5.0,3.0,5.0,10.57852554083744,0.0,False,23.5,74.3
Idylwood,Redmond,0602SB,2023-08-08,Tue,08:20,10.0,4.0,1.0,6.256309288829135,0.0,False,23.1,73.6
Idylwood,Redmond,0602SB,2023-08-15,Tue,13:34,320.0,340.0,160.0,12.655605680982214,1.0,True,25.7,78.3
Idylwood,Redmond,0602SB,2023-08-22,Tue,10:59,2.0,8.0,5.0,9.86430098916098,1.0,False,23.7,74.7
Idylwood,Redmond,0602SB,2023-08-29,Tue,10:32,4.0,5.0,2.0,8.875673966259251,1.0,False,22.4,72.3
Idylwood,Redmond,0602SB,2023-09-06,Wed,10:06,1.0,5.0,9.0,8.578501352938058,1.0,False,20.8,69.4
Idylwood,Redmond,0602SB,2023-09-12,Tue,11:53,5.0,2.0,11.0,9.176990251238443,1.0,False,21.6,70.9
Idylwood,Redmond,0602SB,2023-09-19,Tue,10:30,26.0,61.0,13.0,5.855987137943248,0.0,False,20.5,68.9
Idylwood,Redmond,0602SB,2023-09-25,Mon,13:23,,,,,,,19.4,66.9
Idylwood,Redmond,0602SB,2023-10-02,Mon,10:53,,,,,,,17.4,63.3
Idylwood,Redmond,0602SB,2023-10-10,Tue,11:20,,,,,,,,
Idylwood,Redmond,0602SB,2023-10-16,Mon,12:34,,,,,,,16.9,62.4
Idylwood,Redmond,0602SB,2023-10-23,Mon,10:46,,,,,,,15.8,60.4
Idylwood,Redmond,0602SB,2024-05-14,Tue,09:09,3.0,7.0,33.0,8.849344009597905,0.0,False,14.8,58.6
Idylwood,Redmond,0602SB,2024-05-21,Tue,11:19,41.0,48.0,110.0,23.051109599687244,0.0,False,15.5,59.9
Idylwood,Redmond,0602SB,2024-05-29,Wed,10:10,1.0,5.0,3.0,10.943041099273715,0.0,False,15.9,60.6
Idylwood,Redmond,0602SB,2024-06-04,Tue,09:56,12.0,5.0,12.0,10.41033161946178,0.0,False,16.2,61.2
Idylwood,Redmond,0602SB,2024-06-11,Tue,10:40,43.0,34.0,42.0,13.588914376184157,0.0,False,18.9,66.0
Idylwood,Redmond,0602SB,2024-06-17,Mon,08:18,14.0,13.0,13.0,14.7481267881865,0.0,False,17.2,63.0
Idylwood,Redmond,0602SB,2024-06-25,Tue,11:09,8.0,31.0,17.0,11.34233275087209,0.0,False,20.6,69.1
Idylwood,Redmond,0602SB,2024-07-02,Tue,11:16,540.0,560.0,1000.0,34.80714634741617,3.0,True,20.8,69.4
Idylwood,Redmond,0602SB,2024-07-09,Tue,12:10,5.0,32.0,10.0,36.7102705322068,3.0,False,26.0,78.8
Idylwood,Redmond,0602SB,2024-07-16,Tue,11:40,14.0,59.0,33.0,34.77555527564112,3.0,False,26.2,79.2
Idylwood,Redmond,0602SB,2024-07-23,Tue,11:06,26.0,35.0,51.0,42.40794179550898,3.0,False,24.5,76.1
Idylwood,Redmond,0602SB,2024-07-30,Tue,12:29,1500.0,490.0,140.0,83.16645309866963,5.0,True,22.7,72.9
Idylwood,Redmond,0602SB,2024-08-06,Tue,12:41,35.0,47.0,17.0,44.7730880417849,2.0,False,24.1,75.4
Idylwood,Redmond,0602SB,2024-08-13,Tue,13:18,29.0,250.0,130.0,68.50061556460926,2.0,False,23.9,75.0
Idylwood,Redmond,0602SB,2024-08-20,Tue,12:00,39.0,41.0,38.0,72.26095203354154,2.0,False,23.1,73.6
Idylwood,Redmond,0602SB,2024-08-27,Tue,12:48,110.0,14.0,5.0,64.10554885524121,2.0,False,22.3,72.1
Idylwood,Redmond,0602SB,2024-09-04,Wed,11:54,25.0,15.0,200.0,39.60396628269095,0.0,False,22.8,73.0
Idylwood,Redmond,0602SB,2024-09-10,Tue,10:16,38.0,7.0,34.0,36.73288710896831,0.0,False,21.8,71.2
Idylwood,Redmond,0602SB,2024-09-17,Tue,11:22,6.0,2.0,4.0,19.004322395910435,0.0,False,20.2,68.4
Idylwood,Redmond,0602SB,2024-09-23,Mon,10:50,,,,,,,20.1,68.2
Idylwood,Redmond,0602SB,2024-09-30,Mon,11:19,,,,,,,19.3,66.7
Idylwood,Redmond,0602SB,2024-10-07,Mon,12:09,,,,,,,18.6,65.5
Idylwood,Redmond,0602SB,2024-10-15,Tue,12:35,,,,,,,17.5,63.5
Idylwood,Redmond,0602SB,2024-10-21,Mon,12:01,,,,,,,16.2,61.2
Idylwood,Redmond,0602SB,2025-05-13,Tue,13:56,69.0,59.0,31.0,50.15962319973151,0.0,False,16.4,61.5
Idylwood,Redmond,0602SB,2025-05-20,Tue,11:50,12.0,17.0,24.0,29.184395415861825,0.0,False,15.8,60.4
Idylwood,Redmond,0602SB,2025-05-28,Wed,11:42,25.0,16.0,22.0,26.00416939224477,0.0,False,19.2,66.6
Idylwood,Redmond,0602SB,2025-06-03,Tue,12:13,4.0,6.0,18.0,19.094394248995428,0.0,False,19.5,67.1
Idylwood,Redmond,0602SB,2025-06-10,Tue,12:03,13.0,90.0,110.0,23.193339121832828,0.0,False,24.1,75.4
Idylwood,Redmond,0602SB,2025-06-16,Mon,12:33,210.0,210.0,160.0,30.32934256928998,0.0,False,21.6,70.9
Idylwood,Redmond,0602SB,2025-06-24,Tue,13:50,120.0,120.0,21.0,39.92507019016739,0.0,False,20.9,69.6
Idylwood,Redmond,0602SB,2025-07-01,Tue,11:29,99.0,80.0,360.0,58.69692574835596,1.0,True,22.3,72.1
Idylwood,Redmond,0602SB,2025-07-08,Tue,12:37,180.0,35.0,160.0,98.4344550609636,1.0,False,23.8,74.8
Idylwood,Redmond,0602SB,2025-07-15,Tue,11:57,58.0,300.0,130.0,119.16299541666976,1.0,False,24.6,76.3
Idylwood,Redmond,0602SB,2025-07-22,Tue,10:53,56.0,100.0,52.0,96.34967739001624,1.0,False,23.6,74.5
Idylwood,Redmond,0602SB,2025-07-29,Tue,11:24,19.0,11.0,80.0,79.43780412561333,1.0,False,25.3,77.5
Idylwood,Redmond,0602SB,2025-08-05,Tue,10:48,220.0,1100.0,5900.0,120.22733216954582,2.0,True,23.2,73.8
Idylwood,Redmond,0602SB,2025-08-12,Tue,10:47,100.0,8.0,16.0,89.86415730678745,2.0,False,24.1,75.4
Idylwood,Redmond,0602SB,2025-08-19,Tue,11:20,110.0,530.0,83.0,94.53735396669204,3.0,True,24.3,75.7
Idylwood,Redmond,0602SB,2025-08-26,Tue,10:01,110.0,58.0,150.0,102.34142984644254,3.0,False,23.2,73.8
Idylwood,Redmond,0602SB,2025-09-03,Wed,13:35,78.0,120.0,60.0,129.35926384168633,3.0,False,25.4,77.7
Idylwood,Redmond,0602SB,2025-09-09,Tue,11:52,9.0,7.0,17.0,50.52104692126454,1.0,False,22.8,73.0
Idylwood,Redmond,0602SB,2025-09-16,Tue,13:16,120.0,24.0,99.0,62.13364844219586,1.0,False,22.8,73.0
Idylwood,Redmond,0602SB,2025-09-22,Mon,12:48,,,,,,,21.8,71.2
Idylwood,Redmond,0602SB,2025-09-29,Mon,12:26,,,,,,,20.1,68.2
Idylwood,Redmond,0602SB,2025-10-06,Mon,11:44,,,,,,,19.5,67.1
Idylwood,Redmond,0602SB,2025-10-14,Tue,12:56,,,,,,,17.5,63.5
Idylwood,Redmond,0602SB,2025-10-20,Mon,12:39,,,,,,,16.1,61.0
Idylwood,Redmond,0602SB,2026-05-12,Tue,10:57,1.0,1.0,7.0,1.9129311827723887,0.0,False,17.0,62.6
Idylwood,Redmond,0602SB,2026-05-19,Tue,11:23,43.0,67.0,9.0,7.524551771256607,0.0,False,17.0,62.6
Idylwood,Redmond,0602SB,2026-05-27,Wed,12:44,140.0,210.0,94.0,19.95445579148265,0.0,False,20.0,68.0
Idylwood,Redmond,0602SB,2026-06-02,Tue,11:59,50.0,120.0,45.0,26.769703623533523,0.0,False,20.2,68.4
Idylwood,Redmond,0602SB,2026-06-09,Tue,09:24,22.0,15.0,25.0,25.305316895472608,0.0,False,17.8,64.0
Idylwood,Redmond,0602SB,2026-06-16,Tue,12:31,520.0,28.0,41.0,53.94297896589357,1.0,True,21.8,71.2
Idylwood,Redmond,0602SB,2026-06-23,Tue,10:56,39.0,25.0,67.0,57.37039452544976,1.0,False,22.3,72.1
Idylwood,Redmond,0602SB,2026-06-30,Tue,11:05,2.0,4.0,3.0,26.379723569233136,1.0,False,20.9,69.6
Idylwood,Redmond,0602SB,2026-07-07,Tue,13:49,120.0,41.0,58.0,26.47720852407727,1.0,False,21.6,70.9
Idylwood,Redmond,0602SB,2026-07-14,Tue,10:55,84.0,36.0,41.0,31.71998515869876,1.0,False,23.0,73.4
Idylwood,Redmond,0602SB,2026-07-21,Tue,10:26,33.0,45.0,29.0,26.620216921038384,0.0,False,24.2,75.6
Idylwood,Redmond,0602SB,2026-07-28,Tue,08:41,6.0,3.0,14.0,18.37805999439128,0.0,False,23.1,73.6
Idylwood,Redmond,0602SB,2026-08-04,Tue,09:29,22.0,14.0,71.0,28.94717498937161,0.0,False,22.3,72.1
Idylwood,Redmond,0602SB,2026-08-11,Tue,12:14,15.0,41.0,12.0,22.687348251339834,0.0,False,24.8,76.6
Idylwood,Redmond,0602SB,2026-08-18,Tue,09:15,50.0,89.0,19.0,22.11567854411699,0.0,False,23.6,74.5
Idylwood,Redmond,0602SB,2026-08-25,Tue,11:05,32.0,110.0,180.0,26.45734841508735,0.0,False,24.0,75.2
Juanita,Kirkland,0806SB,2019-05-13,Mon,15:00,18.0,19.0,24.0,20.171852440793785,0.0,False,18.3,64.9
Juanita,Kirkland,0806SB,2019-05-20,Mon,14:36,72.0,140.0,84.0,43.68471710689535,0.0,False,16.5,61.7
Juanita,Kirkland,0806SB,2019-05-28,Tue,11:38,150.0,140.0,100.0,62.52041166494407,0.0,False,17.8,64.0
Juanita,Kirkland,0806SB,2019-06-03,Mon,15:41,5200.0,110.0,35.0,90.25509156629458,1.0,True,21.6,70.9
Juanita,Kirkland,0806SB,2019-06-06,Thu,07:12,190.0,360.0,300.0,,,True,17.0,62.6
Juanita,Kirkland,0806SB,2019-06-10,Mon,15:30,4.0,21.0,9.0,57.05304417026183,1.0,False,20.8,69.4
Juanita,Kirkland,0806SB,2019-06-12,Wed,13:08,210.0,180.0,13.0,,,False,22.0,71.6
Juanita,Kirkland,0806SB,2019-06-17,Mon,15:38,1100.0,260.0,17.0,87.32072423406618,2.0,True,24.2,75.6
Juanita,Kirkland,0806SB,2019-06-24,Mon,15:45,140.0,150.0,41.0,87.41813789495086,2.0,False,21.9,71.4
Juanita,Kirkland,0806SB,2019-07-01,Mon,11:19,100.0,260.0,71.0,86.67004952989737,2.0,False,24.4,75.9
Juanita,Kirkland,0806SB,2019-07-08,Mon,13:53,680.0,720.0,260.0,98.04506911793294,3.0,True,23.9,75.0
Juanita,Kirkland,0806SB,2019-07-11,Thu,08:11,1000.0,500.0,140.0,,,True,19.2,66.6
Juanita,Kirkland,0806SB,2019-07-15,Mon,14:28,7.0,77.0,80.0,128.38163060613533,3.0,False,24.3,75.7
Juanita,Kirkland,0806SB,2019-07-18,Thu,09:47,84.0,50.0,110.0,,,False,20.5,68.9
Juanita,Kirkland,0806SB,2019-07-22,Mon,14:28,240.0,130.0,190.0,130.08955761660715,2.0,False,24.2,75.6
Juanita,Kirkland,0806SB,2019-07-29,Mon,13:50,310.0,82.0,48.0,133.1486228680406,2.0,False,24.5,76.1
Juanita,Kirkland,0806SB,2019-08-05,Mon,14:53,41.0,32.0,38.0,104.657187917477,2.0,False,27.1,80.8
Juanita,Kirkland,0806SB,2019-08-12,Mon,12:12,54.0,51.0,180.0,72.29870309004212,0.0,False,26.0,78.8
Juanita,Kirkland,0806SB,2019-08-19,Mon,14:10,94.0,83.0,18.0,78.21988146587135,0.0,False,24.5,76.1
Juanita,Kirkland,0806SB,2019-08-26,Mon,15:22,280.0,38.0,20.0,62.65966212403931,0.0,False,24.8,76.6
Juanita,Kirkland,0806SB,2019-09-03,Tue,10:27,88.0,2.0,55.0,45.38913994955184,0.0,False,23.7,74.7
Juanita,Kirkland,0806SB,2019-09-09,Mon,13:10,700.0,860.0,480.0,80.87729920508131,3.0,True,19.5,67.1
Juanita,Kirkland,0806SB,2019-09-16,Mon,15:56,55.0,130.0,26.0,75.75817487983501,3.0,False,20.4,68.7
Juanita,Kirkland,0806SB,2019-09-23,Mon,12:39,,,,,,,17.0,62.6
Juanita,Kirkland,0806SB,2019-09-30,Mon,12:18,,,,,,,15.3,59.5
Juanita,Kirkland,0806SB,2019-10-07,Mon,12:14,,,,,,,15.5,59.9
Juanita,Kirkland,0806SB,2019-10-14,Mon,12:22,,,,,,,14.8,58.6
Juanita,Kirkland,0806SB,2019-10-21,Mon,12:30,,,,,,,12.3,54.1
Juanita,Kirkland,0806SB,2020-05-12,Tue,11:42,17.0,10.0,5.0,9.4726823718591,0.0,False,17.4,63.3
Juanita,Kirkland,0806SB,2020-05-19,Tue,11:34,100.0,210.0,25.0,27.64371275122897,0.0,False,16.7,62.1
Juanita,Kirkland,0806SB,2020-05-26,Tue,11:11,100.0,770.0,200.0,57.50129969493337,1.0,True,17.5,63.5
Juanita,Kirkland,0806SB,2020-06-02,Tue,11:17,29.0,68.0,50.0,54.43956614048626,1.0,False,18.6,65.5
Juanita,Kirkland,0806SB,2020-06-09,Tue,09:35,69.0,130.0,120.0,61.78219069384586,1.0,False,16.2,61.2
Juanita,Kirkland,0806SB,2020-06-16,Tue,13:33,2500.0,69.0,77.0,117.61264858151137,2.0,True,18.1,64.6
Juanita,Kirkland,0806SB,2020-06-23,Tue,12:40,160.0,720.0,41.0,136.16301701849503,3.0,True,22.8,73.0
Juanita,Kirkland,0806SB,2020-06-29,Mon,12:40,1300.0,420.0,220.0,156.1464587124763,4.0,True,18.0,64.4
Juanita,Kirkland,0806SB,2020-07-07,Tue,12:26,450.0,50.0,54.0,184.60583756143572,5.0,True,19.9,67.8
Juanita,Kirkland,0806SB,2020-07-14,Tue,12:05,58.0,59.0,19.0,153.10266764535336,5.0,False,22.5,72.5
Juanita,Kirkland,0806SB,2020-07-21,Tue,10:58,430.0,220.0,72.0,146.4352653167476,5.0,True,23.2,73.8
Juanita,Kirkland,0806SB,2020-07-28,Tue,12:19,120.0,41.0,14.0,110.46790859696772,4.0,False,24.5,76.1
Juanita,Kirkland,0806SB,2020-08-04,Tue,12:39,110.0,390.0,130.0,90.02334651929161,3.0,True,25.7,78.3
Juanita,Kirkland,0806SB,2020-08-11,Tue,13:26,34.0,23.0,41.0,70.65064137510122,2.0,False,22.9,73.2
Juanita,Kirkland,0806SB,2020-08-18,Tue,10:30,980.0,150.0,87.0,100.46997808468936,3.0,True,22.2,72.0
Juanita,Kirkland,0806SB,2020-08-25,Tue,12:01,32.0,72.0,49.0,76.44222196719846,2.0,False,22.9,73.2
Juanita,Kirkland,0806SB,2020-09-01,Tue,12:20,22.0,21.0,77.0,73.14802530781188,2.0,False,22.0,71.6
Juanita,Kirkland,0806SB,2020-09-08,Tue,11:53,16.0,15.0,14.0,44.62023453053018,1.0,False,21.7,71.1
Juanita,Kirkland,0806SB,2020-09-22,Tue,11:15,,,,,,,19.5,67.1
Juanita,Kirkland,0806SB,2020-09-29,Tue,11:58,,,,,,,19.3,66.7
Juanita,Kirkland,0806SB,2020-10-06,Tue,11:22,,,,,,,18.4,65.1
Juanita,Kirkland,0806SB,2020-10-13,Tue,11:58,,,,,,,17.2,63.0
Juanita,Kirkland,0806SB,2020-10-20,Tue,12:14,,,,,,,14.6,58.3
Juanita,Kirkland,0806SB,2020-10-27,Tue,11:52,,,,,,,12.4,54.3
Juanita,Kirkland,0806SB,2021-05-18,Tue,12:17,52.0,65.0,59.0,58.42376901979684,0.0,False,16.1,61.0
Juanita,Kirkland,0806SB,2021-05-25,Tue,12:44,36.0,29.0,44.0,45.74254400128811,0.0,False,16.4,61.5
Juanita,Kirkland,0806SB,2021-06-01,Tue,12:15,10.0,12.0,110.0,36.70470665992391,0.0,False,19.0,66.2
Juanita,Kirkland,0806SB,2021-06-08,Tue,11:23,160.0,72.0,32.0,43.39351756248647,0.0,False,20.1,68.2
Juanita,Kirkland,0806SB,2021-06-15,Tue,12:07,510.0,260.0,63.0,59.074332524792176,1.0,True,20.5,68.9
Juanita,Kirkland,0806SB,2021-06-22,Tue,09:57,560.0,150.0,120.0,76.73231093202726,2.0,True,20.7,69.3
Juanita,Kirkland,0806SB,2021-06-29,Tue,10:14,83.0,210.0,110.0,98.40429881460356,2.0,False,24.1,75.4
Juanita,Kirkland,0806SB,2021-07-06,Tue,12:03,16.0,40.0,1.0,80.42439587415244,2.0,False,25.0,77.0
Juanita,Kirkland,0806SB,2021-07-13,Tue,11:58,1100.0,78.0,38.0,93.00344498404412,3.0,True,24.8,76.6
Juanita,Kirkland,0806SB,2021-07-20,Tue,11:45,300.0,3800.0,820.0,127.37611864575332,4.0,True,23.3,73.9
Juanita,Kirkland,0806SB,2021-07-27,Tue,10:46,130.0,27.0,16.0,90.119570980139,3.0,False,23.3,73.9
Juanita,Kirkland,0806SB,2021-08-03,Tue,10:36,77.0,110.0,19.0,76.39804492411048,3.0,False,24.3,75.7
Juanita,Kirkland,0806SB,2021-08-10,Tue,10:00,41.0,59.0,39.0,106.57375754391484,3.0,False,23.3,73.9
Juanita,Kirkland,0806SB,2021-08-17,Tue,10:48,390.0,200.0,78.0,111.09934529376524,3.0,True,19.9,67.8
Juanita,Kirkland,0806SB,2021-08-24,Tue,11:15,17.0,40.0,29.0,54.19893008841706,1.0,False,20.5,68.9
Juanita,Kirkland,0806SB,2021-08-31,Tue,10:30,25.0,47.0,210.0,59.81995072165569,1.0,False,18.6,65.5
Juanita,Kirkland,0806SB,2021-09-07,Tue,12:26,8.0,34.0,23.0,48.17518223760839,1.0,False,22.1,71.8
Juanita,Kirkland,0806SB,2021-09-14,Tue,11:28,59.0,2500.0,1400.0,80.44604018127187,3.0,True,19.0,66.2
Juanita,Kirkland,0806SB,2021-09-21,Tue,12:19,25.0,51.0,47.0,59.11975070230951,2.0,False,,
Juanita,Kirkland,0806SB,2021-09-28,Tue,11:50,660.0,540.0,330.0,105.54449243079551,5.0,True,15.0,59.0
Juanita,Kirkland,0806SB,2021-10-05,Tue,11:25,17000.0,4200.0,5700.0,274.10900474284847,8.0,True,14.7,58.5
Juanita,Kirkland,0806SB,2021-10-12,Tue,11:41,110.0,50.0,82.0,364.5708629316164,8.0,False,12.1,53.8
Juanita,Kirkland,0806SB,2021-10-19,Tue,10:57,23.0,39.0,120.0,220.2514950702336,6.0,False,13.2,55.8
Juanita,Kirkland,0806SB,2021-10-26,Tue,10:45,,,,,,,11.8,53.2
Juanita,Kirkland,0806SB,2022-05-16,Mon,11:04,99.0,130.0,110.0,112.2855172716526,0.0,False,14.2,57.6
Juanita,Kirkland,0806SB,2022-05-23,Mon,11:13,3.0,6.0,42.0,31.98272800036549,0.0,False,16.5,61.7
Juanita,Kirkland,0806SB,2022-05-31,Tue,10:58,30.0,14.0,31.0,28.870612740980025,0.0,False,15.2,59.4
Juanita,Kirkland,0806SB,2022-06-06,Mon,10:47,200.0,260.0,280.0,49.234792912528896,0.0,False,18.4,65.1
Juanita,Kirkland,0806SB,2022-06-13,Mon,12:23,120.0,210.0,95.0,60.13019822242096,0.0,False,17.3,63.1
Juanita,Kirkland,0806SB,2022-06-21,Tue,11:19,14.0,11.0,5.0,36.43011999409812,0.0,False,19.9,67.8
Juanita,Kirkland,0806SB,2022-06-27,Mon,11:26,26.0,56.0,51.0,49.46233168682146,0.0,False,21.4,70.5
Juanita,Kirkland,0806SB,2022-07-05,Tue,12:01,36.0,48.0,48.0,55.961092556821214,0.0,False,21.8,71.2
Juanita,Kirkland,0806SB,2022-07-11,Mon,11:13,450.0,260.0,98.0,55.07690857944683,1.0,True,23.9,75.0
Juanita,Kirkland,0806SB,2022-07-18,Mon,10:58,390.0,110.0,180.0,59.549291549129954,2.0,True,20.2,68.4
Juanita,Kirkland,0806SB,2022-07-25,Mon,11:17,430.0,930.0,120.0,124.31381488855769,4.0,True,24.5,76.1
Juanita,Kirkland,0806SB,2022-08-01,Mon,11:51,81.0,97.0,79.0,143.2175412975464,4.0,False,25.5,77.9
Juanita,Kirkland,0806SB,2022-08-08,Mon,12:18,120.0,95.0,31.0,157.74719721822714,4.0,False,26.5,79.7
Juanita,Kirkland,0806SB,2022-08-15,Mon,11:40,52.0,220.0,24.0,123.00138648537484,3.0,False,25.0,77.0
Juanita,Kirkland,0806SB,2022-08-22,Mon,12:35,86.0,40.0,49.0,95.31874637504062,2.0,False,26.0,78.8
Juanita,Kirkland,0806SB,2022-08-29,Mon,12:51,50.0,47.0,140.0,68.37791779164162,0.0,False,24.1,75.4
Juanita,Kirkland,0806SB,2022-09-06,Tue,11:40,36.0,37.0,25.0,56.26261293417102,0.0,False,21.2,70.2
Juanita,Kirkland,0806SB,2022-09-12,Mon,11:32,150.0,320.0,40.0,62.982835668581934,0.0,False,20.8,69.4
Juanita,Kirkland,0806SB,2022-09-19,Mon,11:50,14.0,40.0,25.0,51.64816877589672,0.0,False,19.0,66.2
Juanita,Kirkland,0806SB,2022-09-26,Mon,11:01,,,,,,,19.5,67.1
Juanita,Kirkland,0806SB,2022-10-03,Mon,11:19,,,,,,,19.1,66.4
Juanita,Kirkland,0806SB,2022-10-11,Tue,11:05,,,,,,,17.7,63.9
Juanita,Kirkland,0806SB,2022-10-17,Mon,11:05,,,,,,,16.8,62.2
Juanita,Kirkland,0806SB,2022-10-24,Mon,12:12,,,,,,,14.0,57.2
Juanita,Kirkland,0806SB,2023-05-15,Mon,10:38,3.0,3.0,21.0,5.738793548317167,0.0,False,18.6,65.5
Juanita,Kirkland,0806SB,2023-05-22,Mon,12:04,24.0,84.0,100.0,18.343916097503907,0.0,False,17.1,62.8
Juanita,Kirkland,0806SB,2023-05-30,Tue,12:54,5.0,14.0,11.0,14.556240705404043,0.0,False,19.8,67.6
Juanita,Kirkland,0806SB,2023-06-05,Mon,11:38,20.0,15.0,11.0,14.638494585380185,0.0,False,18.1,64.6
Juanita,Kirkland,0806SB,2023-06-12,Mon,12:42,26.0,69.0,8.0,16.200358610695105,0.0,False,23.9,75.0
Juanita,Kirkland,0806SB,2023-06-20,Tue,11:00,470.0,350.0,260.0,36.85556934624733,2.0,True,15.5,59.9
Juanita,Kirkland,0806SB,2023-06-26,Mon,11:47,16.0,11.0,20.0,28.138866581338668,2.0,False,21.3,70.3
Juanita,Kirkland,0806SB,2023-07-05,Wed,12:42,92.0,83.0,36.0,53.84518787910814,2.0,False,24.6,76.3
Juanita,Kirkland,0806SB,2023-07-10,Mon,10:25,72.0,86.0,82.0,58.24971936088336,2.0,False,20.5,68.9
Juanita,Kirkland,0806SB,2023-07-17,Mon,12:40,38.0,31.0,38.0,62.838855726516734,2.0,False,23.1,73.6
Juanita,Kirkland,0806SB,2023-07-24,Mon,09:52,230.0,210.0,32.0,50.360742591083614,0.0,False,21.8,71.2
Juanita,Kirkland,0806SB,2023-07-31,Mon,13:10,6.0,36.0,23.0,51.53093868152079,0.0,False,25.5,77.9
Juanita,Kirkland,0806SB,2023-08-07,Mon,11:14,50.0,99.0,69.0,52.28219086141901,0.0,False,23.0,73.4
Juanita,Kirkland,0806SB,2023-08-14,Mon,12:46,41.0,82.0,86.0,50.35592007439412,0.0,False,26.0,78.8
Juanita,Kirkland,0806SB,2023-08-21,Mon,10:51,33.0,96.0,77.0,56.38198170137158,0.0,False,22.3,72.1
Juanita,Kirkland,0806SB,2023-08-28,Mon,10:28,130.0,190.0,75.0,57.06691692107057,0.0,False,20.5,68.9
Juanita,Kirkland,0806SB,2023-09-05,Tue,10:22,61.0,45.0,25.0,67.98364743383908,0.0,False,17.6,63.7
Juanita,Kirkland,0806SB,2023-09-11,Mon,10:24,45.0,74.0,42.0,64.05510445929747,0.0,False,20.6,69.1
Juanita,Kirkland,0806SB,2023-09-18,Mon,10:59,150.0,37.0,20.0,60.09461146798379,0.0,False,18.9,66.0
Juanita,Kirkland,0806SB,2023-09-25,Mon,12:28,,,,,,,16.7,62.1
Juanita,Kirkland,0806SB,2023-10-02,Mon,10:05,,,,,,,16.0,60.8
Juanita,Kirkland,0806SB,2023-10-10,Tue,10:39,,,,,,,,
Juanita,Kirkland,0806SB,2023-10-16,Mon,11:30,,,,,,,15.3,59.5
Juanita,Kirkland,0806SB,2023-10-23,Mon,10:06,,,,,,,13.8,56.8
Juanita,Kirkland,0806SB,2024-05-13,Mon,10:14,4.0,14.0,23.0,10.880243650829591,0.0,False,14.3,57.7
Juanita,Kirkland,0806SB,2024-05-20,Mon,11:43,16.0,14.0,16.0,12.903691675124056,0.0,False,16.1,61.0
Juanita,Kirkland,0806SB,2024-05-28,Tue,10:19,40.0,46.0,36.0,18.88669734327579,0.0,False,14.1,57.4
Juanita,Kirkland,0806SB,2024-06-03,Mon,11:56,1100.0,700.0,880.0,49.32095365895888,3.0,True,15.1,59.2
Juanita,Kirkland,0806SB,2024-06-10,Mon,11:35,100.0,74.0,37.0,52.10995945544819,3.0,False,17.7,63.9
Juanita,Kirkland,0806SB,2024-06-17,Mon,09:59,50.0,44.0,49.0,70.00046556225789,3.0,False,16.2,61.2
Juanita,Kirkland,0806SB,2024-06-24,Mon,11:34,210.0,110.0,94.0,107.29818703077284,3.0,False,19.2,66.6
Juanita,Kirkland,0806SB,2024-07-01,Mon,11:03,12.0,37.0,48.0,99.48539062694456,3.0,False,19.8,67.6
Juanita,Kirkland,0806SB,2024-07-08,Mon,11:25,230.0,52.0,91.0,64.78571475189857,0.0,False,25.2,77.4
Juanita,Kirkland,0806SB,2024-07-15,Mon,11:45,30.0,74.0,22.0,57.75222692449489,0.0,False,22.8,73.0
Juanita,Kirkland,0806SB,2024-07-22,Mon,11:07,29.0,58.0,99.0,59.45087216953186,0.0,False,23.3,73.9
Juanita,Kirkland,0806SB,2024-07-29,Mon,10:53,160.0,360.0,70.0,61.95508297415758,1.0,True,22.7,72.9
Juanita,Kirkland,0806SB,2024-08-05,Mon,12:41,110.0,48.0,13.0,66.9792809303261,1.0,False,24.6,76.3
Juanita,Kirkland,0806SB,2024-08-12,Mon,10:17,120.0,150.0,120.0,70.11095660215695,1.0,False,21.2,70.2
Juanita,Kirkland,0806SB,2024-08-19,Mon,10:19,180.0,250.0,120.0,95.94604993464252,1.0,False,21.9,71.4
Juanita,Kirkland,0806SB,2024-08-26,Mon,10:20,94.0,86.0,160.0,109.99664520487356,1.0,False,20.8,69.4
Juanita,Kirkland,0806SB,2024-09-03,Tue,12:22,29.0,27.0,120.0,85.6132411222342,0.0,False,20.8,69.4
Juanita,Kirkland,0806SB,2024-09-09,Mon,11:04,100.0,140.0,130.0,106.52230276425205,0.0,False,20.6,69.1
Juanita,Kirkland,0806SB,2024-09-16,Mon,11:10,50.0,68.0,86.0,93.22708838148954,0.0,False,17.4,63.3
Juanita,Kirkland,0806SB,2024-09-23,Mon,09:24,,,,,,,19.1,66.4
Juanita,Kirkland,0806SB,2024-09-30,Mon,10:31,,,,,,,15.9,60.6
Juanita,Kirkland,0806SB,2024-10-07,Mon,10:21,,,,,,,15.7,60.3
Juanita,Kirkland,0806SB,2024-10-15,Tue,11:27,,,,,,,16.1,61.0
Juanita,Kirkland,0806SB,2024-10-21,Mon,11:07,,,,,,,14.4,57.9
Juanita,Kirkland,0806SB,2025-05-12,Mon,12:13,29.0,16.0,6.0,14.067699311995328,0.0,False,16.9,62.4
Juanita,Kirkland,0806SB,2025-05-19,Mon,10:55,460.0,440.0,130.0,64.68503963128423,2.0,True,15.0,59.0
Juanita,Kirkland,0806SB,2025-05-27,Tue,11:46,12.0,26.0,1.0,30.50217819662378,2.0,False,20.0,68.0
Juanita,Kirkland,0806SB,2025-06-02,Mon,11:03,14.0,18.0,2.0,21.79970843902271,2.0,False,20.0,68.0
Juanita,Kirkland,0806SB,2025-06-09,Mon,10:02,84.0,63.0,18.0,25.27474043334965,2.0,False,22.5,72.5
Juanita,Kirkland,0806SB,2025-06-16,Mon,11:29,64.0,42.0,13.0,29.91807155533203,2.0,False,21.2,70.2
Juanita,Kirkland,0806SB,2025-06-23,Mon,09:49,14.0,14.0,15.0,16.310971462267574,0.0,False,20.0,68.0
Juanita,Kirkland,0806SB,2025-06-30,Mon,11:59,50.0,54.0,41.0,24.12566888448424,0.0,False,22.3,72.1
Juanita,Kirkland,0806SB,2025-07-07,Mon,11:30,33.0,95.0,21.0,33.38472346742136,0.0,False,24.4,75.9
Juanita,Kirkland,0806SB,2025-07-14,Mon,10:34,380.0,1300.0,410.0,55.64024251289991,3.0,True,23.6,74.5
Juanita,Kirkland,0806SB,2025-07-21,Mon,11:36,35.0,13.0,450.0,62.60068716736375,4.0,True,23.0,73.4
Juanita,Kirkland,0806SB,2025-07-28,Mon,12:03,16.0,20.0,16.0,64.9591912413553,4.0,False,24.6,76.3
Juanita,Kirkland,0806SB,2025-08-04,Mon,10:55,76.0,110.0,75.0,72.92032638513695,4.0,False,21.3,70.3
Juanita,Kirkland,0806SB,2025-08-11,Mon,11:33,37.0,39.0,52.0,73.55905243828381,4.0,False,24.8,76.6
Juanita,Kirkland,0806SB,2025-08-18,Mon,12:07,130.0,130.0,84.0,52.84612388260984,1.0,False,23.0,73.4
Juanita,Kirkland,0806SB,2025-08-25,Mon,11:45,89.0,390.0,410.0,70.11551191444428,2.0,True,25.3,77.5
Juanita,Kirkland,0806SB,2025-09-02,Tue,12:23,68.0,77.0,140.0,97.6198096934649,2.0,False,22.5,72.5
Juanita,Kirkland,0806SB,2025-09-08,Mon,10:19,160.0,130.0,380.0,115.58724594016049,3.0,True,21.1,70.0
Juanita,Kirkland,0806SB,2025-09-15,Mon,11:38,32.0,32.0,250.0,125.44150872435476,3.0,False,19.1,66.4
Juanita,Kirkland,0806SB,2025-09-22,Mon,10:55,,,,,,,18.5,65.3
Juanita,Kirkland,0806SB,2025-09-29,Mon,10:08,,,,,,,18.3,64.9
Juanita,Kirkland,0806SB,2025-10-06,Mon,10:45,,,,,,,15.8,60.4
Juanita,Kirkland,0806SB,2025-10-14,Tue,11:38,,,,,,,13.3,55.9
Juanita,Kirkland,0806SB,2025-10-20,Mon,11:21,,,,,,,13.6,56.5
Juanita,Kirkland,0806SB,2026-05-11,Mon,11:23,17.0,25.0,23.0,21.3815370496428,0.0,False,16.5,61.7
Juanita,Kirkland,0806SB,2026-05-18,Mon,09:18,2.0,4.0,4.0,8.239062374481701,0.0,False,15.5,59.9
Juanita,Kirkland,0806SB,2026-05-26,Tue,11:25,36.0,24.0,18.0,11.921728339360836,0.0,False,16.5,61.7
Juanita,Kirkland,0806SB,2026-06-01,Mon,12:08,140.0,17.0,160.0,18.72028664230335,0.0,False,18.4,65.1
Juanita,Kirkland,0806SB,2026-06-08,Mon,11:30,170.0,260.0,580.0,32.49176820296056,1.0,True,18.2,64.8
Juanita,Kirkland,0806SB,2026-06-15,Mon,09:36,400.0,280.0,180.0,54.04202289121638,2.0,True,19.4,66.9
Juanita,Kirkland,0806SB,2026-06-22,Mon,10:31,51.0,33.0,24.0,86.99105991071255,2.0,False,21.9,71.4
Juanita,Kirkland,0806SB,2026-06-29,Mon,10:30,56.0,49.0,56.0,101.3429825346519,2.0,False,17.8,64.0
Juanita,Kirkland,0806SB,2026-07-06,Mon,10:29,6.0,29.0,23.0,74.79955677306832,2.0,False,21.8,71.2
Juanita,Kirkland,0806SB,2026-07-13,Mon,10:20,84.0,99.0,55.0,57.19097294641329,1.0,False,22.2,72.0
Juanita,Kirkland,0806SB,2026-07-20,Mon,10:59,260.0,270.0,80.0,52.51982331126177,0.0,False,23.4,74.1
Juanita,Kirkland,0806SB,2026-07-27,Mon,11:11,23.0,57.0,13.0,49.58381845402716,0.0,False,21.8,71.2
Juanita,Kirkland,0806SB,2026-08-03,Mon,11:18,230.0,92.0,180.0,61.41687350241873,0.0,False,21.9,71.4
Juanita,Kirkland,0806SB,2026-08-10,Mon,10:13,260.0,160.0,210.0,102.53923518173411,0.0,False,22.4,72.3
Juanita,Kirkland,0806SB,2026-08-17,Mon,11:42,200.0,660.0,120.0,129.87391756393788,1.0,True,22.7,72.9
Juanita,Kirkland,0806SB,2026-08-24,Mon,10:35,57.0,79.0,71.0,107.28627185899964,1.0,False,21.5,70.7
Juanita,Kirkland,0806SB,2026-08-31,Mon,00:00,260.0,210.0,89.0,156.3915417551226,1.0,False,,
Kennydale,Renton,KNYDALESB,2019-05-13,Mon,15:51,1.0,1.0,3.0,1.4422495703074083,0.0,False,18.7,65.7
Kennydale,Renton,KNYDALESB,2019-05-20,Mon,15:47,4.0,3.0,1.0,1.81712059283214,0.0,False,16.2,61.2
Kennydale,Renton,KNYDALESB,2019-05-28,Tue,11:00,2.0,4.0,2.0,2.02634602718282,0.0,False,16.4,61.5
Kennydale,Renton,KNYDALESB,2019-06-03,Mon,14:25,23.0,7.0,5.0,2.9660936809891605,0.0,False,20.0,68.0
Kennydale,Renton,KNYDALESB,2019-06-10,Mon,16:31,12.0,2.0,1.0,2.949592183451476,0.0,False,19.1,66.4
Kennydale,Renton,KNYDALESB,2019-06-17,Mon,15:54,20.0,14.0,3.0,4.294433108893514,0.0,False,22.2,72.0
Kennydale,Renton,KNYDALESB,2019-06-24,Mon,15:13,10.0,43.0,2.0,5.709441877090157,0.0,False,21.2,70.2
Kennydale,Renton,KNYDALESB,2019-07-01,Mon,12:15,100.0,4.0,1.0,7.07602985677152,0.0,False,22.6,72.7
Kennydale,Renton,KNYDALESB,2019-07-08,Mon,13:20,19.0,10.0,51.0,8.352660890018345,0.0,False,21.5,70.7
Kennydale,Renton,KNYDALESB,2019-07-15,Mon,13:11,620.0,20.0,10.0,14.76971831861568,1.0,True,22.5,72.5
Kennydale,Renton,KNYDALESB,2019-07-22,Mon,14:43,69.0,79.0,88.0,22.550223498877585,1.0,False,23.2,73.8
Kennydale,Renton,KNYDALESB,2019-07-29,Mon,12:54,51.0,14.0,4.0,24.428764382267428,1.0,False,23.9,75.0
Kennydale,Renton,KNYDALESB,2019-08-05,Mon,15:08,48.0,8.0,14.0,29.048794793194176,1.0,False,25.3,77.5
Kennydale,Renton,KNYDALESB,2019-08-12,Mon,14:20,8.0,6.0,120.0,28.05873144611614,1.0,False,24.0,75.2
Kennydale,Renton,KNYDALESB,2019-08-19,Mon,12:28,12.0,7.0,31.0,21.68782425746635,0.0,False,23.3,73.9
Kennydale,Renton,KNYDALESB,2019-08-26,Mon,12:58,85.0,5.0,4.0,14.888421537480555,0.0,False,22.4,72.3
Kennydale,Renton,KNYDALESB,2019-09-03,Tue,09:45,4.0,3.0,1.0,10.337373134710152,0.0,False,22.3,72.1
Kennydale,Renton,KNYDALESB,2019-09-09,Mon,17:27,54.0,16.0,51.0,11.893741719926382,0.0,False,21.9,71.4
Kennydale,Renton,KNYDALESB,2019-09-16,Mon,15:03,7.0,15.0,58.0,11.937997691347189,0.0,False,20.9,69.6
Kennydale,Renton,KNYDALESB,2019-09-23,Mon,12:38,,,,,,,19.2,66.6
Kennydale,Renton,KNYDALESB,2019-09-30,Mon,09:45,,,,,,,17.5,63.5
Kennydale,Renton,KNYDALESB,2019-10-07,Mon,11:11,,,,,,,16.4,61.5
Kennydale,Renton,KNYDALESB,2019-10-14,Mon,10:14,,,,,,,14.8,58.6
Kennydale,Renton,KNYDALESB,2019-10-21,Mon,10:06,,,,,,,13.3,55.9
Kennydale,Renton,KNYDALESB,2020-05-19,Tue,12:57,1.0,1.0,1.0,1.0,0.0,False,16.5,61.7
Kennydale,Renton,KNYDALESB,2020-05-26,Tue,13:00,1.0,2.0,73.0,2.2946976768566785,0.0,False,15.7,60.3
Kennydale,Renton,KNYDALESB,2020-06-02,Tue,12:56,1.0,1.0,3.0,1.965608961049512,0.0,False,18.2,64.8
Kennydale,Renton,KNYDALESB,2020-06-09,Tue,12:55,9.0,97.0,160.0,4.455372583656533,0.0,False,15.6,60.1
Kennydale,Renton,KNYDALESB,2020-06-16,Tue,10:15,220.0,32.0,23.0,7.35180403295908,0.0,False,16.0,60.8
Kennydale,Renton,KNYDALESB,2020-06-23,Tue,13:09,15.0,31.0,12.0,13.066808771779142,0.0,False,20.5,68.9
Kennydale,Renton,KNYDALESB,2020-06-30,Tue,11:03,12.0,13.0,10.0,15.30221565596883,0.0,False,19.9,67.8
Kennydale,Renton,KNYDALESB,2020-07-07,Tue,08:33,1.0,3.0,3.0,16.465025281132217,0.0,False,18.9,66.0
Kennydale,Renton,KNYDALESB,2020-07-14,Tue,11:29,2.0,1.0,1.0,7.827482761421794,0.0,False,20.2,68.4
Kennydale,Renton,KNYDALESB,2020-07-21,Tue,12:09,1.0,3.0,4.0,4.152224594770985,0.0,False,24.1,75.4
Kennydale,Renton,KNYDALESB,2020-07-28,Tue,11:58,23.0,11.0,12.0,3.9871141947522775,0.0,False,23.5,74.3
Kennydale,Renton,KNYDALESB,2020-08-04,Tue,13:28,7.0,1.0,4.0,3.049726568997845,0.0,False,24.3,75.7
Kennydale,Renton,KNYDALESB,2020-08-11,Tue,13:11,27.0,740.0,71.0,6.772801149802414,1.0,True,23.2,73.8
Kennydale,Renton,KNYDALESB,2020-08-18,Tue,13:22,72.0,25.0,8.0,12.244014200631424,1.0,False,24.1,75.4
Kennydale,Renton,KNYDALESB,2020-08-25,Tue,13:53,12.0,3.0,1.0,13.174432244869204,1.0,False,23.1,73.6
Kennydale,Renton,KNYDALESB,2020-09-01,Tue,13:01,5.0,4.0,9.0,10.912643243393903,1.0,False,23.0,73.4
Kennydale,Renton,KNYDALESB,2020-09-08,Tue,13:04,1.0,3.0,5.0,10.467882504504155,1.0,False,22.5,72.5
Kennydale,Renton,KNYDALESB,2020-09-22,Tue,11:55,,,,,,,20.8,69.4
Kennydale,Renton,KNYDALESB,2020-09-29,Tue,11:29,,,,,,,18.3,64.9
Kennydale,Renton,KNYDALESB,2020-10-06,Tue,12:13,,,,,,,18.7,65.7
Kennydale,Renton,KNYDALESB,2020-10-13,Tue,11:58,,,,,,,16.4,61.5
Kennydale,Renton,KNYDALESB,2020-10-20,Tue,11:40,,,,,,,15.3,59.5
Kennydale,Renton,KNYDALESB,2020-10-27,Tue,11:40,,,,,,,13.9,57.0
Kennydale,Renton,KNYDALESB,2021-05-18,Tue,13:09,3.0,5.0,4.0,3.914867641168863,0.0,False,15.4,59.7
Kennydale,Renton,KNYDALESB,2021-05-25,Tue,09:55,13.0,16.0,14.0,7.4769378407572304,0.0,False,14.3,57.7
Kennydale,Renton,KNYDALESB,2021-06-01,Tue,12:55,20.0,21.0,170.0,13.236778901708218,0.0,False,17.7,63.9
Kennydale,Renton,KNYDALESB,2021-06-08,Tue,12:06,10.0,5.0,1.0,9.614297791558776,0.0,False,16.5,61.7
Kennydale,Renton,KNYDALESB,2021-06-15,Tue,12:50,76.0,200.0,98.0,15.771464886745216,0.0,False,18.5,65.3
Kennydale,Renton,KNYDALESB,2021-06-22,Tue,11:44,1.0,25.0,3.0,16.007838749978664,0.0,False,22.3,72.1
Kennydale,Renton,KNYDALESB,2021-06-29,Tue,12:53,8.0,3.0,3.0,12.50860204777626,0.0,False,26.3,79.3
Kennydale,Renton,KNYDALESB,2021-07-06,Tue,10:45,4.0,10.0,16.0,9.134979143229089,0.0,False,23.6,74.5
Kennydale,Renton,KNYDALESB,2021-07-13,Tue,12:39,1.0,14.0,5.0,9.342205778663285,0.0,False,24.9,76.8
Kennydale,Renton,KNYDALESB,2021-07-20,Tue,12:58,2.0,2.0,1.0,3.972361685425279,0.0,False,23.1,73.6
Kennydale,Renton,KNYDALESB,2021-07-27,Tue,09:54,1.0,1.0,1.0,2.9788230114626035,0.0,False,23.5,74.3
Kennydale,Renton,KNYDALESB,2021-08-03,Tue,12:56,1.0,2.0,11.0,2.752436948041441,0.0,False,25.6,78.1
Kennydale,Renton,KNYDALESB,2021-08-10,Tue,13:06,5.0,6.0,10.0,2.6168578445764696,0.0,False,23.8,74.8
Kennydale,Renton,KNYDALESB,2021-08-17,Tue,11:51,18.0,3.0,2.0,2.6936128724376767,0.0,False,23.3,73.9
Kennydale,Renton,KNYDALESB,2021-08-24,Tue,12:16,11.0,5.0,3.0,3.45167668487856,0.0,False,21.8,71.2
Kennydale,Renton,KNYDALESB,2021-08-31,Tue,12:52,7.0,17.0,9.0,5.495612133738459,0.0,False,21.2,70.2
Kennydale,Renton,KNYDALESB,2021-09-07,Tue,12:46,1.0,2.0,5.0,5.21420251793603,0.0,False,21.4,70.5
Kennydale,Renton,KNYDALESB,2021-09-14,Tue,10:09,1.0,2.0,2.0,3.91006350298921,0.0,False,19.8,67.6
Kennydale,Renton,KNYDALESB,2021-09-21,Tue,13:02,25.0,140.0,11.0,5.785216405105852,0.0,False,20.0,68.0
Kennydale,Renton,KNYDALESB,2021-09-28,Tue,11:32,,,,,,,17.7,63.9
Kennydale,Renton,KNYDALESB,2021-10-05,Tue,11:42,,,,,,,16.4,61.5
Kennydale,Renton,KNYDALESB,2021-10-12,Tue,10:40,,,,,,,14.9,58.8
Kennydale,Renton,KNYDALESB,2021-10-19,Tue,11:47,,,,,,,14.8,58.6
Kennydale,Renton,KNYDALESB,2021-10-26,Tue,12:13,,,,,,,12.7,54.9
Kennydale,Renton,KNYDALESB,2022-05-16,Mon,13:02,34.0,34.0,27.0,31.48525386892902,0.0,False,12.4,54.3
Kennydale,Renton,KNYDALESB,2022-05-23,Mon,12:44,2.0,4.0,2.0,8.907180711173169,0.0,False,15.1,59.2
Kennydale,Renton,KNYDALESB,2022-05-31,Tue,12:07,55.0,6.0,9.0,10.44773150896566,0.0,False,14.1,57.4
Kennydale,Renton,KNYDALESB,2022-06-06,Mon,12:08,12.0,17.0,15.0,11.343401077891446,0.0,False,17.0,62.6
Kennydale,Renton,KNYDALESB,2022-06-13,Mon,13:12,5.0,3.0,26.0,10.388007892345396,0.0,False,15.7,60.3
Kennydale,Renton,KNYDALESB,2022-06-21,Tue,11:57,1.0,150.0,46.0,9.393644139863106,0.0,False,18.4,65.1
Kennydale,Renton,KNYDALESB,2022-06-27,Mon,12:47,50.0,61.0,14.0,15.894783978062287,0.0,False,21.9,71.4
Kennydale,Renton,KNYDALESB,2022-07-05,Tue,12:05,16.0,36.0,15.0,17.06757353948259,0.0,False,20.4,68.7
Kennydale,Renton,KNYDALESB,2022-07-11,Mon,11:53,14.0,24.0,16.0,17.720976038895344,0.0,False,22.3,72.1
Kennydale,Renton,KNYDALESB,2022-07-18,Mon,13:33,770.0,66.0,11.0,28.768142477013377,1.0,True,22.0,71.6
Kennydale,Renton,KNYDALESB,2022-07-25,Mon,12:49,5.0,11.0,16.0,25.07768211970228,1.0,False,23.7,74.7
Kennydale,Renton,KNYDALESB,2022-08-01,Mon,13:17,21.0,1.0,6.0,17.006576789407777,1.0,False,27.5,81.5
Kennydale,Renton,KNYDALESB,2022-08-08,Mon,11:57,4.0,410.0,91.0,20.56403515176898,2.0,True,24.7,76.5
Kennydale,Renton,KNYDALESB,2022-08-15,Mon,12:05,23.0,10.0,4.0,18.280872039054277,2.0,False,23.4,74.1
Kennydale,Renton,KNYDALESB,2022-08-22,Mon,10:42,1.0,5.0,5.0,9.376291188171772,1.0,False,24.2,75.6
Kennydale,Renton,KNYDALESB,2022-08-29,Mon,12:28,16.0,48.0,20.0,11.345535241304416,1.0,False,23.6,74.5
Kennydale,Renton,KNYDALESB,2022-09-06,Tue,11:49,150.0,11.0,5.0,14.99329948875114,1.0,False,22.3,72.1
Kennydale,Renton,KNYDALESB,2022-09-12,Mon,11:43,20.0,23.0,71.0,13.548959524231046,0.0,False,21.6,70.9
Kennydale,Renton,KNYDALESB,2022-09-19,Mon,13:11,8.0,5.0,31.0,13.8212780045576,0.0,False,21.0,69.8
Kennydale,Renton,KNYDALESB,2022-09-26,Mon,10:44,,,,,,,19.6,67.3
Kennydale,Renton,KNYDALESB,2022-10-03,Mon,11:15,,,,,,,19.6,67.3
Kennydale,Renton,KNYDALESB,2022-10-11,Tue,11:25,,,,,,,19.2,66.6
Kennydale,Renton,KNYDALESB,2022-10-17,Mon,11:51,,,,,,,18.4,65.1
Kennydale,Renton,KNYDALESB,2022-10-24,Mon,11:01,,,,,,,16.4,61.5
Kennydale,Renton,KNYDALESB,2023-05-15,Mon,11:05,13.0,7.0,1.0,4.497941445275414,0.0,False,20.1,68.2
Kennydale,Renton,KNYDALESB,2023-05-22,Mon,11:26,50.0,27.0,7.0,9.751667095044551,0.0,False,18.4,65.1
Kennydale,Renton,KNYDALESB,2023-05-30,Tue,13:06,1.0,3.0,2.0,5.569896962624634,0.0,False,19.6,67.3
Kennydale,Renton,KNYDALESB,2023-06-05,Mon,13:39,2.0,2.0,2.0,4.311643748161838,0.0,False,20.1,68.2
Kennydale,Renton,KNYDALESB,2023-06-12,Mon,13:15,2.0,5.0,7.0,4.272881334749983,0.0,False,21.4,70.5
Kennydale,Renton,KNYDALESB,2023-06-20,Tue,10:10,3.0,14.0,8.0,4.661661030286525,0.0,False,17.5,63.5
Kennydale,Renton,KNYDALESB,2023-06-26,Mon,11:40,94.0,42.0,49.0,5.700987891409172,0.0,False,20.2,68.4
Kennydale,Renton,KNYDALESB,2023-07-05,Wed,11:29,83.0,68.0,6.0,15.216416940901766,0.0,False,23.9,75.0
Kennydale,Renton,KNYDALESB,2023-07-10,Mon,13:43,1.0,10.0,9.0,11.916061987544394,0.0,False,22.1,71.8
Kennydale,Renton,KNYDALESB,2023-07-17,Mon,08:22,5.0,7.0,5.0,12.666659251777478,0.0,False,23.2,73.8
Kennydale,Renton,KNYDALESB,2023-07-24,Mon,13:42,1.0,140.0,59.0,15.68091758678723,0.0,False,23.5,74.3
Kennydale,Renton,KNYDALESB,2023-07-31,Mon,12:26,1.0,1.0,4.0,7.639599474032159,0.0,False,23.4,74.1
Kennydale,Renton,KNYDALESB,2023-08-07,Mon,12:37,2.0,1.0,1.0,3.9916890820709776,0.0,False,23.7,74.7
Kennydale,Renton,KNYDALESB,2023-08-14,Mon,11:55,1.0,3.0,5.0,3.542256094160058,0.0,False,24.3,75.7
Kennydale,Renton,KNYDALESB,2023-08-21,Mon,11:08,1.0,1.0,1.0,2.5104067051781693,0.0,False,23.6,74.5
Kennydale,Renton,KNYDALESB,2023-08-28,Mon,11:32,69.0,39.0,43.0,2.9934423135065304,0.0,False,22.7,72.9
Kennydale,Renton,KNYDALESB,2023-09-05,Tue,13:08,1.0,3.0,1.0,2.936578698675899,0.0,False,21.6,70.9
Kennydale,Renton,KNYDALESB,2023-09-11,Mon,12:26,6.0,1.0,2.0,3.3091647861011837,0.0,False,21.5,70.7
Kennydale,Renton,KNYDALESB,2023-09-18,Mon,13:10,2.0,1.0,3.0,3.113071247467825,0.0,False,21.1,70.0
Kennydale,Renton,KNYDALESB,2023-09-25,Mon,09:43,,,,,,,18.9,66.0
Kennydale,Renton,KNYDALESB,2023-10-02,Mon,11:37,,,,,,,17.0,62.6
Kennydale,Renton,KNYDALESB,2023-10-10,Tue,13:49,,,,,,,,
Kennydale,Renton,KNYDALESB,2023-10-16,Mon,11:37,,,,,,,16.3,61.3
Kennydale,Renton,KNYDALESB,2023-10-23,Mon,10:16,,,,,,,15.3,59.5
Kennydale,Renton,KNYDALESB,2024-05-14,Tue,10:32,1.0,1.0,1.0,1.0,0.0,False,16.1,61.0
Kennydale,Renton,KNYDALESB,2024-05-21,Tue,09:17,2.0,6.0,3.0,1.81712059283214,0.0,False,15.1,59.2
Kennydale,Renton,KNYDALESB,2024-05-29,Wed,12:36,14.0,12.0,7.0,3.2664714687811496,0.0,False,14.4,57.9
Kennydale,Renton,KNYDALESB,2024-06-04,Tue,07:44,21.0,23.0,20.0,5.219640341943996,0.0,False,13.8,56.8
Kennydale,Renton,KNYDALESB,2024-06-11,Tue,07:30,12.0,74.0,20.0,7.201262808490971,0.0,False,17.0,62.6
Kennydale,Renton,KNYDALESB,2024-06-17,Mon,09:36,3.0,1.0,2.0,8.114941823988389,0.0,False,15.4,59.7
Kennydale,Renton,KNYDALESB,2024-06-25,Tue,08:52,2.0,2.0,4.0,7.687879652302797,0.0,False,18.5,65.3
Kennydale,Renton,KNYDALESB,2024-07-02,Tue,10:02,1.0,1.0,1.0,4.798580167317713,0.0,False,19.9,67.8
Kennydale,Renton,KNYDALESB,2024-07-09,Tue,08:24,2.0,1.0,1.0,2.7259399177064485,0.0,False,24.3,75.7
Kennydale,Renton,KNYDALESB,2024-07-16,Tue,10:01,49.0,1.0,1.0,1.840347436552621,0.0,False,25.0,77.0
Kennydale,Renton,KNYDALESB,2024-07-23,Tue,09:35,2.0,1.0,2.0,1.7912673226208338,0.0,False,23.2,73.8
Kennydale,Renton,KNYDALESB,2024-07-30,Tue,09:49,1.0,1.0,2.0,1.5593887767215069,0.0,False,21.9,71.4
Kennydale,Renton,KNYDALESB,2024-08-06,Tue,09:43,8.0,2.0,4.0,2.057625826854495,0.0,False,22.9,73.2
Kennydale,Renton,KNYDALESB,2024-08-13,Tue,10:54,4.0,2.0,1.0,2.2568554057588197,0.0,False,22.4,72.3
Kennydale,Renton,KNYDALESB,2024-08-20,Tue,08:44,4.0,8.0,4.0,2.4060500721642333,0.0,False,22.1,71.8
Kennydale,Renton,KNYDALESB,2024-08-27,Tue,09:43,5.0,5.0,5.0,3.02664391583254,0.0,False,20.2,68.4
Kennydale,Renton,KNYDALESB,2024-09-04,Wed,10:25,14.0,20.0,14.0,5.0170111633438665,0.0,False,20.6,69.1
Kennydale,Renton,KNYDALESB,2024-09-10,Tue,11:05,5.0,1.0,2.0,4.433020460480862,0.0,False,21.4,70.5
Kennydale,Renton,KNYDALESB,2024-09-17,Tue,12:47,1.0,1.0,1.0,3.859168458974858,0.0,False,19.8,67.6
Kennydale,Renton,KNYDALESB,2024-09-23,Mon,12:33,,,,,,,20.2,68.4
Kennydale,Renton,KNYDALESB,2024-09-30,Mon,09:50,,,,,,,17.8,64.0
Kennydale,Renton,KNYDALESB,2024-10-07,Mon,11:20,,,,,,,17.9,64.2
Kennydale,Renton,KNYDALESB,2024-10-15,Tue,11:21,,,,,,,16.8,62.2
Kennydale,Renton,KNYDALESB,2024-10-21,Mon,10:08,,,,,,,15.1,59.2
Kennydale,Renton,KNYDALESB,2025-05-13,Tue,10:37,3.0,2.0,2.0,2.289428485106664,0.0,False,15.3,59.5
Kennydale,Renton,KNYDALESB,2025-05-20,Tue,10:13,50.0,28.0,26.0,8.710580625377213,0.0,False,13.2,55.8
Kennydale,Renton,KNYDALESB,2025-05-28,Wed,09:20,2.0,1.0,1.0,4.572417173685906,0.0,False,17.0,62.6
Kennydale,Renton,KNYDALESB,2025-06-03,Tue,10:46,1.0,1.0,1.0,3.126866829707471,0.0,False,18.6,65.5
Kennydale,Renton,KNYDALESB,2025-06-10,Tue,09:22,5.0,1.0,1.0,2.771312550992632,0.0,False,22.5,72.5
Kennydale,Renton,KNYDALESB,2025-06-16,Mon,11:14,64.0,1.0,19.0,3.77052939222698,0.0,False,19.2,66.6
Kennydale,Renton,KNYDALESB,2025-06-24,Tue,11:07,1.0,1.0,1.0,1.8720994039283063,0.0,False,19.9,67.8
Kennydale,Renton,KNYDALESB,2025-07-01,Tue,09:48,2.0,3.0,23.0,2.4826691312139983,0.0,False,21.6,70.9
Kennydale,Renton,KNYDALESB,2025-07-08,Tue,10:04,7.0,77.0,190.0,5.357246981144433,0.0,False,22.5,72.5
Kennydale,Renton,KNYDALESB,2025-07-15,Tue,09:51,55.0,1.0,17.0,7.5927268424738115,0.0,False,23.3,73.9
Kennydale,Renton,KNYDALESB,2025-07-22,Tue,09:22,25.0,1.0,1.0,5.860457734096349,0.0,False,22.7,72.9
Kennydale,Renton,KNYDALESB,2025-07-29,Tue,09:42,14.0,2.0,8.0,8.406490748475823,0.0,False,22.4,72.3
Kennydale,Renton,KNYDALESB,2025-08-05,Tue,09:18,4.0,120.0,45.0,11.773883032690588,0.0,False,22.5,72.5
Kennydale,Renton,KNYDALESB,2025-08-12,Tue,08:27,3.0,1.0,1.0,5.870903963797853,0.0,False,22.9,73.2
Kennydale,Renton,KNYDALESB,2025-08-19,Tue,09:51,3.0,5.0,9.0,5.160278250216365,0.0,False,21.8,71.2
Kennydale,Renton,KNYDALESB,2025-08-26,Tue,08:00,4.0,6.0,5.0,5.729136933910224,0.0,False,23.6,74.5
Kennydale,Renton,KNYDALESB,2025-09-03,Wed,10:50,1.0,1.0,1.0,3.9939810628018297,0.0,False,23.3,73.9
Kennydale,Renton,KNYDALESB,2025-09-09,Tue,10:45,3.0,1.0,3.0,2.377160938102273,0.0,False,22.3,72.1
Kennydale,Renton,KNYDALESB,2025-09-16,Tue,11:39,1.0,1.0,1.0,2.209278680274506,0.0,False,21.5,70.7
Kennydale,Renton,KNYDALESB,2025-09-22,Mon,09:52,,,,,,,19.9,67.8
Kennydale,Renton,KNYDALESB,2025-09-29,Mon,12:48,,,,,,,19.8,67.6
Kennydale,Renton,KNYDALESB,2025-10-06,Mon,08:59,,,,,,,18.4,65.1
Kennydale,Renton,KNYDALESB,2025-10-14,Tue,10:59,,,,,,,16.2,61.2
Kennydale,Renton,KNYDALESB,2025-10-20,Mon,11:07,,,,,,,15.5,59.9
Kennydale,Renton,KNYDALESB,2026-05-12,Tue,09:36,2.0,1.0,21.0,3.4760266448864496,0.0,False,15.8,60.4
Kennydale,Renton,KNYDALESB,2026-05-19,Tue,10:00,1.0,1.0,1.0,1.8644105355008187,0.0,False,14.0,57.2
Kennydale,Renton,KNYDALESB,2026-05-27,Wed,09:56,1.0,1.0,1.0,1.5148200064111028,0.0,False,16.8,62.2
Kennydale,Renton,KNYDALESB,2026-06-02,Tue,10:49,1.0,1.0,1.0,1.3654341930319522,0.0,False,19.4,66.9
Kennydale,Renton,KNYDALESB,2026-06-09,Tue,08:23,11.0,2.0,21.0,1.931343034983151,0.0,False,16.1,61.0
Kennydale,Renton,KNYDALESB,2026-06-16,Tue,11:17,23.0,7.0,3.0,2.2728595892586365,0.0,False,21.3,70.3
Kennydale,Renton,KNYDALESB,2026-06-23,Tue,09:25,2.0,1.0,1.0,2.3803524898270734,0.0,False,22.0,71.6
Kennydale,Renton,KNYDALESB,2026-06-30,Tue,09:31,3.0,5.0,15.0,3.4154933283173152,0.0,False,18.5,65.3
Kennydale,Renton,KNYDALESB,2026-07-07,Tue,11:15,94.0,130.0,32.0,8.05875934728701,0.0,False,21.0,69.8
Kennydale,Renton,KNYDALESB,2026-07-14,Tue,09:38,35.0,19.0,14.0,9.845143121642902,0.0,False,21.8,71.2
Kennydale,Renton,KNYDALESB,2026-07-21,Tue,09:08,510.0,10.0,5.0,12.825123936144696,1.0,True,22.8,73.0
Kennydale,Renton,KNYDALESB,2026-07-28,Tue,11:32,2.0,6.0,1.0,14.4523450115639,1.0,False,22.4,72.3
Kennydale,Renton,KNYDALESB,2026-08-04,Tue,11:44,1.0,1.0,1.0,10.072242023398834,1.0,False,21.7,71.1
Kennydale,Renton,KNYDALESB,2026-08-11,Tue,09:35,2.0,1.0,1.0,4.470746791485583,1.0,False,22.9,73.2
Kennydale,Renton,KNYDALESB,2026-08-18,Tue,11:31,3.0,4.0,5.0,3.1939406723894472,1.0,False,23.3,73.9
Kennydale,Renton,KNYDALESB,2026-08-25,Tue,09:59,7.0,1.0,1.0,1.8488316568981016,0.0,False,22.5,72.5
Lake Meridian,Kent,A728SB,2025-05-12,Mon,11:44,11.0,12.0,41.0,17.557092449140274,0.0,False,17.8,64.0
Lake Meridian,Kent,A728SB,2025-05-19,Mon,11:44,12.0,11.0,9.0,13.63627354899294,0.0,False,16.6,61.9
Lake Meridian,Kent,A728SB,2025-05-27,Tue,12:27,23.0,10.0,13.0,13.888312845130132,0.0,False,20.5,68.9
Lake Meridian,Kent,A728SB,2025-06-02,Mon,12:32,16.0,5.0,13.0,12.835315932981109,0.0,False,21.5,70.7
Lake Meridian,Kent,A728SB,2025-06-09,Mon,13:01,370.0,130.0,170.0,22.26203443906165,1.0,True,25.3,77.5
Lake Meridian,Kent,A728SB,2025-06-16,Mon,10:17,26.0,8.0,23.0,22.079729192056227,1.0,False,21.7,71.1
Lake Meridian,Kent,A728SB,2025-06-23,Mon,09:49,18.0,14.0,12.0,23.49875025206897,1.0,False,20.4,68.7
Lake Meridian,Kent,A728SB,2025-06-30,Mon,10:05,31.0,25.0,17.0,25.94080174566712,1.0,False,22.4,72.3
Lake Meridian,Kent,A728SB,2025-07-07,Mon,12:53,39.0,21.0,86.0,34.35843143961094,1.0,False,24.5,76.1
Lake Meridian,Kent,A728SB,2025-07-14,Mon,11:19,84.0,31.0,10.0,23.41907806677777,0.0,False,25.4,77.7
Lake Meridian,Kent,A728SB,2025-07-21,Mon,09:46,7.0,4.0,5.0,18.50655512953221,0.0,False,24.1,75.4
Lake Meridian,Kent,A728SB,2025-07-28,Mon,10:28,14.0,20.0,19.0,19.216792836129063,0.0,False,24.4,75.9
Lake Meridian,Kent,A728SB,2025-08-04,Mon,09:41,14.0,9.0,5.0,15.691106497381092,0.0,False,23.3,73.9
Lake Meridian,Kent,A728SB,2025-08-11,Mon,13:11,77.0,50.0,160.0,18.131766904955427,0.0,False,25.1,77.2
Lake Meridian,Kent,A728SB,2025-08-18,Mon,12:16,31.0,15.0,20.0,16.928933222179882,0.0,False,24.1,75.4
Lake Meridian,Kent,A728SB,2025-08-25,Mon,12:07,31.0,65.0,560.0,30.83556624852455,1.0,True,25.3,77.5
Lake Meridian,Kent,A728SB,2025-09-02,Tue,10:09,12.0,13.0,14.0,29.058598303173348,1.0,False,21.4,70.5
Lake Meridian,Kent,A728SB,2025-09-08,Mon,12:42,51.0,180.0,67.0,45.98114592664918,1.0,False,23.9,75.0
Lake Meridian,Kent,A728SB,2025-09-15,Mon,09:29,9.0,7.0,13.0,29.568321364679896,1.0,False,20.9,69.6
Lake Meridian,Kent,A728SB,2026-05-11,Mon,12:21,29.0,26.0,240.0,56.56236098782518,0.0,False,19.6,67.3
Lake Meridian,Kent,A728SB,2026-05-18,Mon,12:14,8.0,7.0,3.0,17.666423814824963,0.0,False,17.6,63.7
Lake Meridian,Kent,A728SB,2026-05-26,Tue,09:54,33.0,21.0,22.0,19.78005667538626,0.0,False,18.0,64.4
Lake Meridian,Kent,A728SB,2026-06-01,Mon,09:59,11.0,20.0,30.0,19.519378101888016,0.0,False,19.2,66.6
Lake Meridian,Kent,A728SB,2026-06-08,Mon,12:40,79.0,110.0,500.0,29.847326296883303,1.0,True,19.4,66.9
Lake Meridian,Kent,A728SB,2026-06-15,Mon,10:02,35.0,140.0,630.0,36.06082870078657,2.0,True,21.4,70.5
Lake Meridian,Kent,A728SB,2026-06-22,Mon,09:55,230.0,540.0,270.0,81.35434910478384,3.0,True,23.6,74.5
Lake Meridian,Kent,A728SB,2026-06-29,Mon,09:33,11.0,8.0,9.0,66.79624656596367,3.0,False,21.1,70.0
Lake Meridian,Kent,A728SB,2026-07-06,Mon,11:50,13.0,10.0,20.0,62.77412771736656,3.0,False,23.4,74.1
Lake Meridian,Kent,A728SB,2026-07-13,Mon,09:38,76.0,37.0,240.0,55.44509583485447,2.0,False,23.5,74.3
Lake Meridian,Kent,A728SB,2026-07-20,Mon,09:46,72.0,71.0,32.0,45.58375364072292,1.0,False,23.4,74.1
Lake Meridian,Kent,A728SB,2026-07-27,Mon,10:46,13.0,23.0,49.0,27.21670495370221,0.0,False,24.3,75.7
Lake Meridian,Kent,A728SB,2026-08-03,Mon,09:48,14.0,7.0,12.0,27.94351412611918,0.0,False,23.3,73.9
Lake Meridian,Kent,A728SB,2026-08-10,Mon,10:04,110.0,35.0,20.0,35.02532548318498,0.0,False,23.9,75.0
Lake Meridian,Kent,A728SB,2026-08-17,Mon,10:02,35.0,9.0,23.0,25.88826637381733,0.0,False,23.4,74.1
Lake Meridian,Kent,A728SB,2026-08-24,Mon,10:13,21.0,16.0,23.0,21.12149823395086,0.0,False,23.8,74.8
Lake Meridian,Kent,A728SB,2026-08-31,Mon,00:00,34.0,17.0,110.0,23.29279502353931,0.0,False,,
Lake Sammamish State Park,State Parks,0615SB,2019-05-13,Mon,14:19,1.0,1.0,3.0,1.4422495703074083,0.0,False,20.0,68.0
Lake Sammamish State Park,State Parks,0615SB,2019-05-20,Mon,13:06,5.0,5.0,1.0,2.0535733068261157,0.0,False,18.2,64.8
Lake Sammamish State Park,State Parks,0615SB,2019-05-28,Tue,09:51,33.0,12.0,4.0,3.663266322699601,0.0,False,17.2,63.0
Lake Sammamish State Park,State Parks,0615SB,2019-06-03,Mon,13:15,36.0,4.0,36.0,5.400783723361955,0.0,False,22.2,72.0
Lake Sammamish State Park,State Parks,0615SB,2019-06-10,Mon,12:54,9.0,1.0,4.0,4.8946194196242345,0.0,False,22.0,71.6
Lake Sammamish State Park,State Parks,0615SB,2019-06-17,Mon,14:02,1.0,1.0,1.0,4.548946669326501,0.0,False,24.1,75.4
Lake Sammamish State Park,State Parks,0615SB,2019-06-24,Mon,14:46,17.0,4.0,1.0,4.862751825628648,0.0,False,21.8,71.2
Lake Sammamish State Park,State Parks,0615SB,2019-07-01,Mon,11:05,8.0,1.0,4.0,3.748939446180517,0.0,False,23.7,74.7
Lake Sammamish State Park,State Parks,0615SB,2019-07-08,Mon,14:31,5.0,3.0,10.0,2.960307622240363,0.0,False,21.4,70.5
Lake Sammamish State Park,State Parks,0615SB,2019-07-15,Mon,14:24,130.0,23.0,1.0,3.9746121508413967,0.0,False,23.8,74.8
Lake Sammamish State Park,State Parks,0615SB,2019-07-22,Mon,16:50,13.0,68.0,13.0,7.41289412010484,0.0,False,26.2,79.2
Lake Sammamish State Park,State Parks,0615SB,2019-07-29,Mon,14:35,24.0,60.0,4.0,9.965873458635656,0.0,False,26.0,78.8
Lake Sammamish State Park,State Parks,0615SB,2019-08-05,Mon,14:41,30.0,23.0,5.0,13.61528206252555,0.0,False,27.1,80.8
Lake Sammamish State Park,State Parks,0615SB,2019-08-12,Mon,15:35,5.0,5.0,5.0,13.450793122166404,0.0,False,23.8,74.8
Lake Sammamish State Park,State Parks,0615SB,2019-08-19,Mon,15:05,5.0,1.0,3.0,9.450234047667864,0.0,False,25.7,78.3
Lake Sammamish State Park,State Parks,0615SB,2019-08-26,Mon,16:06,12.0,2.0,1.0,6.262728809336359,0.0,False,25.4,77.7
Lake Sammamish State Park,State Parks,0615SB,2019-09-03,Tue,10:07,4.0,3.0,1.0,4.149676012443801,0.0,False,23.7,74.7
Lake Sammamish State Park,State Parks,0615SB,2019-09-09,Mon,13:45,16.0,14.0,5.0,3.8498232013653526,0.0,False,22.7,72.9
Lake Sammamish State Park,State Parks,0615SB,2019-09-16,Mon,13:42,33.0,210.0,74.0,6.703646656318602,0.0,False,22.8,73.0
Lake Sammamish State Park,State Parks,0615SB,2019-09-23,Mon,14:16,,,,,,,20.3,68.5
Lake Sammamish State Park,State Parks,0615SB,2019-09-30,Mon,13:37,,,,,,,19.2,66.6
Lake Sammamish State Park,State Parks,0615SB,2019-10-07,Mon,13:55,,,,,,,17.6,63.7
Lake Sammamish State Park,State Parks,0615SB,2019-10-14,Mon,14:17,,,,,,,17.4,63.3
Lake Sammamish State Park,State Parks,0615SB,2019-10-21,Mon,13:55,,,,,,,13.6,56.5
Lake Sammamish State Park,State Parks,0615SB,2020-05-13,Wed,08:46,1.0,2.0,2.0,1.5874010519681994,0.0,False,14.9,58.8
Lake Sammamish State Park,State Parks,0615SB,2020-05-20,Wed,10:54,260.0,410.0,390.0,23.45022246965653,2.0,True,16.7,62.1
Lake Sammamish State Park,State Parks,0615SB,2020-05-27,Wed,10:31,1.0,1.0,1.0,8.192780349088132,2.0,False,18.5,65.3
Lake Sammamish State Park,State Parks,0615SB,2020-06-03,Wed,10:43,6.0,4.0,3.0,6.9159395982948295,2.0,False,18.3,64.9
Lake Sammamish State Park,State Parks,0615SB,2020-06-10,Wed,10:57,5.0,3.0,5.0,6.264480151154378,2.0,False,18.3,64.9
Lake Sammamish State Park,State Parks,0615SB,2020-06-17,Wed,10:40,1.0,1.0,1.0,5.711467432934024,2.0,False,18.3,64.9
Lake Sammamish State Park,State Parks,0615SB,2020-06-24,Wed,11:48,1.0,2.0,3.0,1.9984946992178465,0.0,False,22.1,71.8
Lake Sammamish State Park,State Parks,0615SB,2020-06-30,Tue,09:39,14.0,190.0,8.0,3.8835995514515287,0.0,False,19.3,66.7
Lake Sammamish State Park,State Parks,0615SB,2020-07-08,Wed,11:47,1.0,1.0,2.0,3.058306038379009,0.0,False,20.7,69.3
Lake Sammamish State Park,State Parks,0615SB,2020-07-15,Wed,10:50,4.0,2.0,1.0,2.634406911572285,0.0,False,22.9,73.2
Lake Sammamish State Park,State Parks,0615SB,2020-07-22,Wed,11:38,7.0,8.0,13.0,4.087818603003416,0.0,False,24.5,76.1
Lake Sammamish State Park,State Parks,0615SB,2020-07-29,Wed,11:16,5.0,3.0,3.0,4.675510463862344,0.0,False,25.7,78.3
Lake Sammamish State Park,State Parks,0615SB,2020-08-05,Wed,11:21,1.0,2.0,1.0,2.51980108206129,0.0,False,26.5,79.7
Lake Sammamish State Park,State Parks,0615SB,2020-08-12,Wed,12:34,4.0,2.0,5.0,3.076816466366932,0.0,False,23.5,74.3
Lake Sammamish State Park,State Parks,0615SB,2020-08-19,Wed,11:02,3.0,3.0,5.0,3.452309788116328,0.0,False,24.8,76.6
Lake Sammamish State Park,State Parks,0615SB,2020-08-26,Wed,11:15,5.0,3.0,1.0,2.6650605763249304,0.0,False,24.2,75.6
Lake Sammamish State Park,State Parks,0615SB,2020-09-02,Wed,10:00,3.0,5.0,5.0,2.757382414783871,0.0,False,23.5,74.3
Lake Sammamish State Park,State Parks,0615SB,2020-09-09,Wed,10:54,5.0,19.0,2.0,3.735469905483225,0.0,False,22.8,73.0
Lake Sammamish State Park,State Parks,0615SB,2020-09-22,Tue,13:04,,,,,,,21.7,71.1
Lake Sammamish State Park,State Parks,0615SB,2020-09-29,Tue,13:46,,,,,,,20.6,69.1
Lake Sammamish State Park,State Parks,0615SB,2020-10-06,Tue,10:03,,,,,,,19.0,66.2
Lake Sammamish State Park,State Parks,0615SB,2020-10-13,Tue,13:44,,,,,,,17.5,63.5
Lake Sammamish State Park,State Parks,0615SB,2020-10-20,Tue,14:00,,,,,,,16.9,62.4
Lake Sammamish State Park,State Parks,0615SB,2020-10-27,Tue,13:53,,,,,,,15.6,60.1
Lake Sammamish State Park,State Parks,0615SB,2021-05-19,Wed,10:44,1.0,1.0,1.0,1.0,0.0,False,15.5,59.9
Lake Sammamish State Park,State Parks,0615SB,2021-05-26,Wed,10:24,19.0,17.0,29.0,4.591276204097505,0.0,False,17.1,62.8
Lake Sammamish State Park,State Parks,0615SB,2021-06-02,Wed,09:54,120.0,5.0,2.0,6.0732365390130765,0.0,False,21.9,71.4
Lake Sammamish State Park,State Parks,0615SB,2021-06-09,Wed,10:53,7.0,8.0,5.0,6.187211801942497,0.0,False,18.3,64.9
Lake Sammamish State Park,State Parks,0615SB,2021-06-16,Wed,11:18,420.0,37.0,6.0,9.215158387845769,1.0,True,20.6,69.1
Lake Sammamish State Park,State Parks,0615SB,2021-06-23,Wed,10:15,32.0,5.0,6.0,14.565348703474946,1.0,False,22.1,71.8
Lake Sammamish State Park,State Parks,0615SB,2021-06-30,Wed,11:00,6.0,2.0,6.0,10.528577172591875,1.0,False,25.7,78.3
Lake Sammamish State Park,State Parks,0615SB,2021-07-07,Wed,11:19,5.0,4.0,26.0,9.9576721801178,1.0,False,24.6,76.3
Lake Sammamish State Park,State Parks,0615SB,2021-07-14,Wed,10:13,5.0,3.0,4.0,8.985812919840857,1.0,False,25.4,77.7
Lake Sammamish State Park,State Parks,0615SB,2021-07-21,Wed,10:57,6.0,8.0,4.0,5.949365310043399,0.0,False,23.7,74.7
Lake Sammamish State Park,State Parks,0615SB,2021-07-28,Wed,12:10,3.0,2.0,1.0,4.241596037154178,0.0,False,26.6,79.9
Lake Sammamish State Park,State Parks,0615SB,2021-08-04,Wed,11:54,1.0,1.0,3.0,3.4317466772616148,0.0,False,27.1,80.8
Lake Sammamish State Park,State Parks,0615SB,2021-08-11,Wed,11:53,5.0,4.0,2.0,2.89235989936565,0.0,False,26.1,79.0
Lake Sammamish State Park,State Parks,0615SB,2021-08-18,Wed,11:03,13.0,8.0,6.0,3.3810730521450454,0.0,False,23.8,74.8
Lake Sammamish State Park,State Parks,0615SB,2021-08-25,Wed,11:34,1.0,1.0,1.0,2.38141164187631,0.0,False,23.3,73.9
Lake Sammamish State Park,State Parks,0615SB,2021-09-01,Wed,10:26,1.0,1.0,1.0,2.113283306314907,0.0,False,21.5,70.7
Lake Sammamish State Park,State Parks,0615SB,2021-09-08,Wed,11:18,1.0,1.0,1.0,1.9640368807964457,0.0,False,22.8,73.0
Lake Sammamish State Park,State Parks,0615SB,2021-09-15,Wed,11:18,1.0,4.0,3.0,1.8125544243868992,0.0,False,,
Lake Sammamish State Park,State Parks,0615SB,2021-09-22,Wed,11:12,4.0,5.0,1.0,1.4410556398211556,0.0,False,,
Lake Sammamish State Park,State Parks,0615SB,2021-09-28,Tue,14:04,,,,,,,18.6,65.5
Lake Sammamish State Park,State Parks,0615SB,2021-10-05,Tue,13:10,,,,,,,17.4,63.3
Lake Sammamish State Park,State Parks,0615SB,2021-10-12,Tue,13:56,,,,,,,,
Lake Sammamish State Park,State Parks,0615SB,2021-10-19,Tue,13:13,,,,,,,15.7,60.3
Lake Sammamish State Park,State Parks,0615SB,2021-10-26,Tue,12:15,,,,,,,13.9,57.0
Lake Sammamish State Park,State Parks,0615SB,2022-05-17,Tue,10:36,6.0,3.0,8.0,5.241482788417794,0.0,False,13.0,55.4
Lake Sammamish State Park,State Parks,0615SB,2022-05-24,Tue,10:12,3.0,1.0,1.0,2.749459273997205,0.0,False,16.4,61.5
Lake Sammamish State Park,State Parks,0615SB,2022-05-31,Tue,10:20,7.0,8.0,5.0,3.6706077341390464,0.0,False,16.7,62.1
Lake Sammamish State Park,State Parks,0615SB,2022-06-07,Tue,10:48,5.0,10.0,7.0,4.320750131896382,0.0,False,18.4,65.1
Lake Sammamish State Park,State Parks,0615SB,2022-06-14,Tue,09:58,19.0,29.0,20.0,5.996890162275967,0.0,False,15.0,59.0
Lake Sammamish State Park,State Parks,0615SB,2022-06-22,Wed,10:44,6.0,4.0,7.0,6.058836231073933,0.0,False,19.9,67.8
Lake Sammamish State Park,State Parks,0615SB,2022-06-28,Tue,11:02,2.0,12.0,7.0,7.923828772990639,0.0,False,20.4,68.7
Lake Sammamish State Park,State Parks,0615SB,2022-07-06,Wed,10:24,6.0,13.0,3.0,7.829588498019384,0.0,False,21.9,71.4
Lake Sammamish State Park,State Parks,0615SB,2022-07-12,Tue,10:27,2.0,4.0,3.0,6.548600302138484,0.0,False,25.2,77.4
Lake Sammamish State Park,State Parks,0615SB,2022-07-19,Tue,10:32,1.0,2.0,1.0,3.68755390183103,0.0,False,24.0,75.2
Lake Sammamish State Park,State Parks,0615SB,2022-07-26,Tue,11:54,96.0,7.0,95.0,5.479285755363315,0.0,False,26.6,79.9
Lake Sammamish State Park,State Parks,0615SB,2022-08-02,Tue,12:02,5.0,5.0,1.0,4.825763105586891,0.0,False,26.8,80.2
Lake Sammamish State Park,State Parks,0615SB,2022-08-09,Tue,09:59,14.0,12.0,15.0,5.654293020237734,0.0,False,25.2,77.4
Lake Sammamish State Park,State Parks,0615SB,2022-08-16,Tue,10:58,1.0,1.0,3.0,4.922347973809301,0.0,False,25.4,77.7
Lake Sammamish State Park,State Parks,0615SB,2022-08-23,Tue,11:03,5.0,8.0,5.0,6.691225176325635,0.0,False,25.6,78.1
Lake Sammamish State Park,State Parks,0615SB,2022-08-30,Tue,10:41,3.0,1.0,2.0,3.6061423816583487,0.0,False,24.5,76.1
Lake Sammamish State Park,State Parks,0615SB,2022-09-07,Wed,10:39,1.0,1.0,5.0,3.2392530005147826,0.0,False,23.0,73.4
Lake Sammamish State Park,State Parks,0615SB,2022-09-13,Tue,10:01,5.0,1.0,10.0,2.494304674581556,0.0,False,22.3,72.1
Lake Sammamish State Park,State Parks,0615SB,2022-09-20,Tue,10:45,7.0,5.0,1.0,2.9381860104433284,0.0,False,21.0,69.8
Lake Sammamish State Park,State Parks,0615SB,2022-09-26,Mon,12:48,,,,,,,21.4,70.5
Lake Sammamish State Park,State Parks,0615SB,2022-10-03,Mon,12:17,,,,,,,20.8,69.4
Lake Sammamish State Park,State Parks,0615SB,2022-10-11,Tue,12:01,,,,,,,20.2,68.4
Lake Sammamish State Park,State Parks,0615SB,2022-10-17,Mon,11:59,,,,,,,18.8,65.8
Lake Sammamish State Park,State Parks,0615SB,2022-10-24,Mon,13:37,,,,,,,16.5,61.7
Lake Sammamish State Park,State Parks,0615SB,2023-05-16,Tue,10:28,23.0,6.0,4.0,8.203131859404694,0.0,False,20.2,68.4
Lake Sammamish State Park,State Parks,0615SB,2023-05-23,Tue,09:41,1.0,1.0,1.0,2.864111006823006,0.0,False,18.3,64.9
Lake Sammamish State Park,State Parks,0615SB,2023-05-31,Wed,10:24,2.0,3.0,1.0,2.461054025784336,0.0,False,20.0,68.0
Lake Sammamish State Park,State Parks,0615SB,2023-06-06,Tue,12:36,1.0,1.0,1.0,1.964901846059293,0.0,False,22.8,73.0
Lake Sammamish State Park,State Parks,0615SB,2023-06-13,Tue,09:35,28.0,7.0,5.0,2.7169882499978373,0.0,False,20.9,69.6
Lake Sammamish State Park,State Parks,0615SB,2023-06-20,Tue,09:12,3.0,5.0,4.0,2.343339636252002,0.0,False,18.4,65.1
Lake Sammamish State Park,State Parks,0615SB,2023-06-27,Tue,11:46,2.0,5.0,23.0,3.3673151231518386,0.0,False,22.0,71.6
Lake Sammamish State Park,State Parks,0615SB,2023-07-05,Wed,10:56,8.0,15.0,11.0,4.824421818393856,0.0,False,24.9,76.8
Lake Sammamish State Park,State Parks,0615SB,2023-07-11,Tue,10:28,6.0,6.0,10.0,7.142749831400393,0.0,False,22.8,73.0
Lake Sammamish State Park,State Parks,0615SB,2023-07-18,Tue,10:27,2.0,5.0,1.0,5.261590376926444,0.0,False,24.4,75.9
Lake Sammamish State Park,State Parks,0615SB,2023-07-25,Tue,11:13,46.0,110.0,20.0,8.634800712719034,0.0,False,23.3,73.9
Lake Sammamish State Park,State Parks,0615SB,2023-08-01,Tue,09:55,1.0,1.0,1.0,6.009022031271039,0.0,False,24.5,76.1
Lake Sammamish State Park,State Parks,0615SB,2023-08-08,Tue,10:17,1.0,1.0,3.0,4.004733473754012,0.0,False,24.3,75.7
Lake Sammamish State Park,State Parks,0615SB,2023-08-15,Tue,11:27,3.0,1.0,1.0,2.910459329000044,0.0,False,25.8,78.4
Lake Sammamish State Park,State Parks,0615SB,2023-08-22,Tue,10:32,2.0,1.0,1.0,2.614348829455849,0.0,False,24.1,75.4
Lake Sammamish State Park,State Parks,0615SB,2023-08-29,Tue,10:00,5.0,2.0,3.0,1.5211063662756792,0.0,False,22.7,72.9
Lake Sammamish State Park,State Parks,0615SB,2023-09-06,Wed,09:31,1.0,3.0,3.0,1.7610664818440336,0.0,False,20.3,68.5
Lake Sammamish State Park,State Parks,0615SB,2023-09-12,Tue,11:20,2.0,1.0,4.0,1.8800684730124848,0.0,False,21.4,70.5
Lake Sammamish State Park,State Parks,0615SB,2023-09-19,Tue,09:53,6.0,5.0,2.0,2.2956675734618344,0.0,False,20.7,69.3
Lake Sammamish State Park,State Parks,0615SB,2023-09-25,Mon,13:52,,,,,,,19.3,66.7
Lake Sammamish State Park,State Parks,0615SB,2023-10-02,Mon,11:16,,,,,,,17.7,63.9
Lake Sammamish State Park,State Parks,0615SB,2023-10-10,Tue,11:47,,,,,,,,
Lake Sammamish State Park,State Parks,0615SB,2023-10-16,Mon,13:09,,,,,,,17.0,62.6
Lake Sammamish State Park,State Parks,0615SB,2023-10-23,Mon,11:10,,,,,,,15.8,60.4
Lake Sammamish State Park,State Parks,0615SB,2024-05-14,Tue,08:34,1.0,1.0,1.0,1.0,0.0,False,18.2,64.8
Lake Sammamish State Park,State Parks,0615SB,2024-05-21,Tue,10:47,5.0,4.0,10.0,2.418271175121957,0.0,False,16.0,60.8
Lake Sammamish State Park,State Parks,0615SB,2024-05-29,Wed,09:23,1.0,1.0,1.0,1.8016482306544117,0.0,False,15.7,60.3
Lake Sammamish State Park,State Parks,0615SB,2024-06-04,Tue,09:14,5.0,16.0,21.0,2.887541755662285,0.0,False,14.3,57.7
Lake Sammamish State Park,State Parks,0615SB,2024-06-11,Tue,09:08,1300.0,2700.0,1100.0,10.17503562832954,3.0,True,18.3,64.9
Lake Sammamish State Park,State Parks,0615SB,2024-06-17,Mon,08:55,4.0,1.0,12.0,13.17099811990846,3.0,False,17.1,62.8
Lake Sammamish State Park,State Parks,0615SB,2024-06-25,Tue,09:27,1.0,1.0,1.0,9.251596604321488,3.0,False,20.8,69.4
Lake Sammamish State Park,State Parks,0615SB,2024-07-02,Tue,10:38,4.0,1.0,4.0,11.129902338731045,3.0,False,21.9,71.4
Lake Sammamish State Park,State Parks,0615SB,2024-07-09,Tue,09:43,11.0,21.0,30.0,12.23262372571118,3.0,False,25.8,78.4
Lake Sammamish State Park,State Parks,0615SB,2024-07-16,Tue,11:09,3.0,1.0,1.0,3.021442826047572,0.0,False,27.1,80.8
Lake Sammamish State Park,State Parks,0615SB,2024-07-23,Tue,10:36,3.0,5.0,2.0,2.9282380645234527,0.0,False,25.4,77.7
Lake Sammamish State Park,State Parks,0615SB,2024-07-30,Tue,10:41,2.0,5.0,5.0,3.800765267643419,0.0,False,22.8,73.0
Lake Sammamish State Park,State Parks,0615SB,2024-08-06,Tue,10:34,8.0,8.0,6.0,4.697698406530891,0.0,False,24.0,75.2
Lake Sammamish State Park,State Parks,0615SB,2024-08-13,Tue,11:28,1.0,7.0,12.0,3.500431109825716,0.0,False,24.0,75.2
Lake Sammamish State Park,State Parks,0615SB,2024-08-20,Tue,10:23,45.0,33.0,24.0,6.54298559747355,0.0,False,22.6,72.7
Lake Sammamish State Park,State Parks,0615SB,2024-08-27,Tue,11:06,5.0,11.0,9.0,7.88753974416236,0.0,False,21.3,70.3
Lake Sammamish State Park,State Parks,0615SB,2024-09-04,Wed,11:19,88.0,100.0,110.0,15.231239628509778,0.0,False,22.8,73.0
Lake Sammamish State Park,State Parks,0615SB,2024-09-10,Tue,09:40,4.0,7.0,24.0,15.81021541952422,0.0,False,22.0,71.6
Lake Sammamish State Park,State Parks,0615SB,2024-09-17,Tue,10:48,50.0,200.0,27.0,27.085909262807,0.0,False,20.3,68.5
Lake Sammamish State Park,State Parks,0615SB,2024-09-23,Mon,11:14,,,,,,,20.7,69.3
Lake Sammamish State Park,State Parks,0615SB,2024-09-30,Mon,11:46,,,,,,,19.6,67.3
Lake Sammamish State Park,State Parks,0615SB,2024-10-07,Mon,11:42,,,,,,,18.6,65.5
Lake Sammamish State Park,State Parks,0615SB,2024-10-15,Tue,13:10,,,,,,,17.6,63.7
Lake Sammamish State Park,State Parks,0615SB,2024-10-21,Mon,12:40,,,,,,,16.1,61.0
Lake Sammamish State Park,State Parks,0615SB,2025-05-13,Tue,11:14,6.0,5.0,5.0,5.313292845913055,0.0,False,16.3,61.3
Lake Sammamish State Park,State Parks,0615SB,2025-05-20,Tue,10:54,36.0,9.0,18.0,9.77953328264877,0.0,False,13.9,57.0
Lake Sammamish State Park,State Parks,0615SB,2025-05-28,Wed,09:52,1.0,1.0,17.0,6.265109023579702,0.0,False,19.0,66.2
Lake Sammamish State Park,State Parks,0615SB,2025-06-03,Tue,11:36,5.0,5.0,6.0,6.012255286587434,0.0,False,20.8,69.4
Lake Sammamish State Park,State Parks,0615SB,2025-06-10,Tue,10:00,8.0,10.0,8.0,6.461131725475841,0.0,False,25.2,77.4
Lake Sammamish State Park,State Parks,0615SB,2025-06-16,Mon,11:56,1.0,2.0,3.0,5.213298529474913,0.0,False,22.5,72.5
Lake Sammamish State Park,State Parks,0615SB,2025-06-24,Tue,11:45,5.0,1.0,2.0,3.409767447588901,0.0,False,22.2,72.0
Lake Sammamish State Park,State Parks,0615SB,2025-07-01,Tue,10:31,1.0,2.0,5.0,3.2912547499881724,0.0,False,23.5,74.3
Lake Sammamish State Park,State Parks,0615SB,2025-07-08,Tue,10:39,7.0,5.0,1.0,2.9869408190656066,0.0,False,24.9,76.8
Lake Sammamish State Park,State Parks,0615SB,2025-07-15,Tue,11:09,12.0,14.0,5.0,3.0415846333205265,0.0,False,26.1,79.0
Lake Sammamish State Park,State Parks,0615SB,2025-07-22,Tue,10:13,20.0,590.0,250.0,7.286930427606683,1.0,True,23.9,75.0
Lake Sammamish State Park,State Parks,0615SB,2025-07-29,Tue,10:34,86.0,18.0,5.0,11.353436984232763,1.0,False,25.0,77.0
Lake Sammamish State Park,State Parks,0615SB,2025-08-05,Tue,10:08,12.0,18.0,35.0,17.66154966206819,1.0,False,23.2,73.8
Lake Sammamish State Park,State Parks,0615SB,2025-08-12,Tue,08:04,87.0,24.0,9.0,26.854833914670618,1.0,False,24.3,75.7
Lake Sammamish State Park,State Parks,0615SB,2025-08-19,Tue,10:42,73.0,14.0,3.0,29.275792597370188,1.0,False,23.2,73.8
Lake Sammamish State Park,State Parks,0615SB,2025-08-26,Tue,08:34,28.0,6.0,4.0,16.737033249844806,0.0,False,24.5,76.1
Lake Sammamish State Park,State Parks,0615SB,2025-09-03,Wed,11:26,10.0,34.0,17.0,16.414371966268497,0.0,False,24.2,75.6
Lake Sammamish State Park,State Parks,0615SB,2025-09-09,Tue,11:16,43.0,28.0,8.0,16.68158256399369,0.0,False,23.0,73.4
Lake Sammamish State Park,State Parks,0615SB,2025-09-16,Tue,12:17,5.0,5.0,4.0,11.766276479558607,0.0,False,22.4,72.3
Lake Sammamish State Park,State Parks,0615SB,2025-09-22,Mon,13:24,,,,,,,22.8,73.0
Lake Sammamish State Park,State Parks,0615SB,2025-09-29,Mon,11:52,,,,,,,20.6,69.1
Lake Sammamish State Park,State Parks,0615SB,2025-10-06,Mon,12:11,,,,,,,19.8,67.6
Lake Sammamish State Park,State Parks,0615SB,2025-10-14,Tue,13:24,,,,,,,17.9,64.2
Lake Sammamish State Park,State Parks,0615SB,2025-10-20,Mon,13:04,,,,,,,16.0,60.8
Lake Sammamish State Park,State Parks,0615SB,2026-05-12,Tue,10:14,1.0,1.0,1.0,1.0,0.0,False,18.5,65.3
Lake Sammamish State Park,State Parks,0615SB,2026-05-19,Tue,10:36,2.0,1.0,10.0,1.6475489724420658,0.0,False,17.3,63.1
Lake Sammamish State Park,State Parks,0615SB,2026-05-27,Wed,10:46,5.0,1.0,7.0,2.0707229862248595,0.0,False,18.7,65.7
Lake Sammamish State Park,State Parks,0615SB,2026-06-02,Tue,11:22,4.0,2.0,6.0,2.383389050259812,0.0,False,21.4,70.5
Lake Sammamish State Park,State Parks,0615SB,2026-06-09,Tue,11:59,80.0,38.0,32.0,4.308150395979052,0.0,False,17.4,63.3
Lake Sammamish State Park,State Parks,0615SB,2026-06-16,Tue,11:58,3.0,1.0,5.0,5.160561284361823,0.0,False,23.5,74.3
Lake Sammamish State Park,State Parks,0615SB,2026-06-23,Tue,10:13,10.0,5.0,2.0,5.745064913955456,0.0,False,24.5,76.1
Lake Sammamish State Park,State Parks,0615SB,2026-06-30,Tue,10:24,10.0,1.0,9.0,6.118428715352236,0.0,False,20.0,68.0
Lake Sammamish State Park,State Parks,0615SB,2026-07-07,Tue,11:54,1.0,4.0,1.0,5.184352085040688,0.0,False,23.4,74.1
Lake Sammamish State Park,State Parks,0615SB,2026-07-14,Tue,10:17,11.0,21.0,5.0,3.8577290041135455,0.0,False,24.1,75.4
Lake Sammamish State Park,State Parks,0615SB,2026-07-21,Tue,09:56,100.0,41.0,5.0,6.24274922968934,0.0,False,24.6,76.3
Lake Sammamish State Park,State Parks,0615SB,2026-07-28,Tue,10:42,3.0,1.0,1.0,4.941407158550027,0.0,False,23.9,75.0
Lake Sammamish State Park,State Parks,0615SB,2026-08-04,Tue,11:07,13.0,8.0,4.0,5.472352040889806,0.0,False,23.5,74.3
Lake Sammamish State Park,State Parks,0615SB,2026-08-11,Tue,10:14,4.0,1.0,3.0,5.888194018842004,0.0,False,24.4,75.9
Lake Sammamish State Park,State Parks,0615SB,2026-08-18,Tue,10:56,1.0,9.0,1.0,4.260162319589266,0.0,False,24.7,76.5
Lake Sammamish State Park,State Parks,0615SB,2026-08-25,Tue,10:32,14.0,8.0,5.0,3.351107999657217,0.0,False,24.3,75.7
Lake Wilderness,Maple Valley,O717SB,2019-05-13,Mon,14:43,14.0,34.0,44.0,27.56469616209521,0.0,False,20.1,68.2
Lake Wilderness,Maple Valley,O717SB,2019-05-20,Mon,14:39,40.0,120.0,46.0,40.81719125369053,0.0,False,17.7,63.9
Lake Wilderness,Maple Valley,O717SB,2019-05-28,Tue,11:57,42.0,41.0,17.0,37.16817149489464,0.0,False,19.7,67.5
Lake Wilderness,Maple Valley,O717SB,2019-06-03,Mon,12:47,19.0,31.0,26.0,33.603598272799466,0.0,False,21.5,70.7
Lake Wilderness,Maple Valley,O717SB,2019-06-10,Mon,15:22,95.0,210.0,690.0,49.77692833049855,1.0,True,22.2,72.0
Lake Wilderness,Maple Valley,O717SB,2019-06-17,Mon,14:05,180.0,140.0,260.0,73.01000485519668,1.0,False,21.3,70.3
Lake Wilderness,Maple Valley,O717SB,2019-06-24,Mon,13:53,690.0,330.0,29.0,91.57280300295012,3.0,True,23.5,74.3
Lake Wilderness,Maple Valley,O717SB,2019-06-26,Wed,14:54,71.0,88.0,87.0,,,False,21.2,70.2
Lake Wilderness,Maple Valley,O717SB,2019-07-01,Mon,10:50,13.0,17.0,28.0,82.56026096613222,3.0,False,22.7,72.9
Lake Wilderness,Maple Valley,O717SB,2019-07-02,Tue,08:01,9.0,190.0,73.0,,,False,21.5,70.7
Lake Wilderness,Maple Valley,O717SB,2019-07-08,Mon,11:51,370.0,92.0,28.0,108.73640899511216,4.0,True,21.2,70.2
Lake Wilderness,Maple Valley,O717SB,2019-07-15,Mon,12:00,2200.0,500.0,95.0,124.4695940233741,5.0,True,22.8,73.0
Lake Wilderness,Maple Valley,O717SB,2019-07-18,Thu,08:10,41.0,59.0,820.0,,,True,21.5,70.7
Lake Wilderness,Maple Valley,O717SB,2019-07-22,Mon,13:32,35.0,5.0,6.0,69.51058876344743,5.0,False,24.4,75.9
Lake Wilderness,Maple Valley,O717SB,2019-07-25,Thu,08:05,80.0,10.0,13.0,,,False,22.5,72.5
Lake Wilderness,Maple Valley,O717SB,2019-07-29,Mon,11:59,430.0,310.0,700.0,82.93326773493187,5.0,True,22.9,73.2
Lake Wilderness,Maple Valley,O717SB,2019-08-05,Mon,14:10,190.0,96.0,210.0,127.30389728541144,5.0,False,26.3,79.3
Lake Wilderness,Maple Valley,O717SB,2019-08-12,Mon,12:40,120.0,210.0,95.0,135.36512965741525,4.0,False,24.3,75.7
Lake Wilderness,Maple Valley,O717SB,2019-08-15,Thu,08:35,19.0,25.0,22.0,,,False,23.6,74.5
Lake Wilderness,Maple Valley,O717SB,2019-08-19,Mon,11:40,260.0,180.0,200.0,115.2526113188284,2.0,False,22.2,72.0
Lake Wilderness,Maple Valley,O717SB,2019-08-26,Mon,12:00,27.0,550.0,660.0,211.993647278888,4.0,True,24.4,75.9
Lake Wilderness,Maple Valley,O717SB,2019-09-03,Tue,10:46,8.0,11.0,28.0,104.97930205638175,2.0,False,24.0,75.2
Lake Wilderness,Maple Valley,O717SB,2019-09-09,Mon,16:22,1800.0,23.0,42.0,99.59496452856166,3.0,True,21.3,70.3
Lake Wilderness,Maple Valley,O717SB,2019-09-16,Mon,13:54,3100.0,1200.0,220.0,146.94680446085897,5.0,True,21.7,71.1
Lake Wilderness,Maple Valley,O717SB,2019-09-23,Mon,11:18,67.0,24.0,50.0,107.01027814921868,5.0,False,19.9,67.8
Lake Wilderness,Maple Valley,O717SB,2019-09-25,Wed,11:59,14.0,43.0,23.0,,,False,20.7,69.3
Lake Wilderness,Maple Valley,O717SB,2020-05-12,Tue,10:50,10.0,10.0,18.0,12.164403991146802,0.0,False,18.8,65.8
Lake Wilderness,Maple Valley,O717SB,2020-05-19,Tue,11:25,1.0,5.0,7.0,6.307976861004163,0.0,False,18.6,65.5
Lake Wilderness,Maple Valley,O717SB,2020-05-26,Tue,11:35,21.0,43.0,44.0,11.073264252011995,0.0,False,18.0,64.4
Lake Wilderness,Maple Valley,O717SB,2020-06-02,Tue,11:34,34.0,25.0,41.0,14.511878932239364,0.0,False,19.2,66.6
Lake Wilderness,Maple Valley,O717SB,2020-06-09,Tue,11:39,8.0,17.0,5.0,13.128431568433095,0.0,False,17.8,64.0
Lake Wilderness,Maple Valley,O717SB,2020-06-16,Tue,09:12,11.0,28.0,31.0,14.673109947413868,0.0,False,17.8,64.0
Lake Wilderness,Maple Valley,O717SB,2020-06-23,Tue,11:30,69.0,39.0,50.0,25.43957679763651,0.0,False,22.6,72.7
Lake Wilderness,Maple Valley,O717SB,2020-06-30,Tue,09:57,25.0,9.0,30.0,22.604111385741856,0.0,False,20.8,69.4
Lake Wilderness,Maple Valley,O717SB,2020-07-07,Tue,09:29,200.0,77.0,43.0,27.50678703009159,0.0,False,20.0,68.0
Lake Wilderness,Maple Valley,O717SB,2020-07-14,Tue,10:31,66.0,68.0,59.0,40.93859446982783,0.0,False,22.5,72.5
Lake Wilderness,Maple Valley,O717SB,2020-07-21,Tue,11:17,86.0,690.0,250.0,66.81766130975883,1.0,True,26.0,78.8
Lake Wilderness,Maple Valley,O717SB,2020-07-28,Tue,10:50,870.0,210.0,120.0,93.8340245262922,2.0,True,25.3,77.5
Lake Wilderness,Maple Valley,O717SB,2020-08-04,Tue,11:57,92.0,84.0,82.0,127.0180642265034,2.0,False,26.2,79.2
Lake Wilderness,Maple Valley,O717SB,2020-08-11,Tue,11:42,18.0,430.0,360.0,139.78774811221678,4.0,True,24.3,75.7
Lake Wilderness,Maple Valley,O717SB,2020-08-18,Tue,11:43,10.0,32.0,40.0,114.22367161828944,4.0,False,24.3,75.7
Lake Wilderness,Maple Valley,O717SB,2020-08-25,Tue,12:12,50.0,59.0,35.0,82.0218606044001,3.0,False,24.6,76.3
Lake Wilderness,Maple Valley,O717SB,2020-09-01,Tue,11:39,2.0,2.0,11.0,34.20569945982719,2.0,False,23.4,74.1
Lake Wilderness,Maple Valley,O717SB,2020-09-08,Tue,11:46,5.0,4.0,13.0,20.33783100977142,2.0,False,22.8,73.0
Lake Wilderness,Maple Valley,O717SB,2020-09-22,Tue,10:58,23.0,8.0,960.0,15.605718248559183,1.0,True,20.5,68.9
Lake Wilderness,Maple Valley,O717SB,2021-05-18,Tue,11:43,1.0,4.0,6.0,2.8844991406148166,0.0,False,19.2,66.6
Lake Wilderness,Maple Valley,O717SB,2021-05-25,Tue,11:02,63.0,82.0,26.0,12.154110074711069,0.0,False,17.3,63.1
Lake Wilderness,Maple Valley,O717SB,2021-06-01,Tue,11:33,84.0,110.0,16.0,19.84129914851679,0.0,False,20.8,69.4
Lake Wilderness,Maple Valley,O717SB,2021-06-08,Tue,11:04,250.0,360.0,25.0,31.80724996928836,1.0,True,20.3,68.5
Lake Wilderness,Maple Valley,O717SB,2021-06-15,Tue,11:39,23.0,110.0,180.0,37.9530864170134,1.0,False,20.2,68.4
Lake Wilderness,Maple Valley,O717SB,2021-06-22,Tue,13:13,110.0,130.0,320.0,85.36216425901456,1.0,False,25.1,77.2
Lake Wilderness,Maple Valley,O717SB,2021-06-29,Tue,11:09,150.0,1700.0,750.0,138.51506086534027,3.0,True,29.4,84.9
Lake Wilderness,Maple Valley,O717SB,2021-07-06,Tue,09:12,37.0,27.0,42.0,127.35964861420987,3.0,False,24.8,76.6
Lake Wilderness,Maple Valley,O717SB,2021-07-13,Tue,11:41,5.0,5.0,6.0,67.08505315690547,2.0,False,26.4,79.5
Lake Wilderness,Maple Valley,O717SB,2021-07-20,Tue,11:45,8.0,16.0,55.0,50.80476073890462,2.0,False,24.0,75.2
Lake Wilderness,Maple Valley,O717SB,2021-07-27,Tue,11:46,2.0,1.0,4.0,20.993169316502904,2.0,False,25.9,78.6
Lake Wilderness,Maple Valley,O717SB,2021-08-03,Tue,11:46,41.0,59.0,27.0,12.33023123145099,0.0,False,26.8,80.2
Lake Wilderness,Maple Valley,O717SB,2021-08-10,Tue,11:59,14.0,23.0,320.0,13.091335688012132,0.0,False,25.6,78.1
Lake Wilderness,Maple Valley,O717SB,2021-08-17,Tue,10:53,3.0,10.0,6.0,13.251428845021463,0.0,False,24.3,75.7
Lake Wilderness,Maple Valley,O717SB,2021-08-24,Tue,11:01,9.0,66.0,7.0,12.794308862420907,0.0,False,23.2,73.8
Lake Wilderness,Maple Valley,O717SB,2021-08-31,Tue,10:57,2.0,6.0,34.0,16.628567679421533,0.0,False,22.3,72.1
Lake Wilderness,Maple Valley,O717SB,2021-09-07,Tue,11:24,4.0,5.0,17.0,11.71170509116205,0.0,False,22.0,71.6
Lake Wilderness,Maple Valley,O717SB,2021-09-14,Tue,11:42,4.0,28.0,23.0,9.15832663201425,0.0,False,21.3,70.3
Lake Wilderness,Maple Valley,O717SB,2021-09-21,Tue,11:44,2.0,4.0,5.0,8.284544358845647,0.0,False,20.7,69.3
Lake Wilderness,Maple Valley,O717SB,2022-05-16,Mon,11:35,83.0,30.0,23.0,38.545681425787365,0.0,False,15.0,59.0
Lake Wilderness,Maple Valley,O717SB,2022-05-23,Mon,11:39,11.0,21.0,5.0,20.11028357189076,0.0,False,17.0,62.6
Lake Wilderness,Maple Valley,O717SB,2022-05-31,Tue,10:43,5.0,25.0,28.0,18.3117900886492,0.0,False,17.0,62.6
Lake Wilderness,Maple Valley,O717SB,2022-06-06,Mon,10:44,38.0,44.0,46.0,22.60550827348081,0.0,False,18.2,64.8
Lake Wilderness,Maple Valley,O717SB,2022-06-13,Mon,11:26,26.0,43.0,78.0,25.8666695439778,0.0,False,17.5,63.5
Lake Wilderness,Maple Valley,O717SB,2022-06-21,Tue,10:19,39.0,26.0,52.0,25.72456991229831,0.0,False,18.5,65.3
Lake Wilderness,Maple Valley,O717SB,2022-06-27,Mon,11:23,200.0,110.0,130.0,43.31121753381954,0.0,False,23.4,74.1
Lake Wilderness,Maple Valley,O717SB,2022-07-05,Tue,10:30,150.0,17.0,18.0,51.41818019115876,0.0,False,21.9,71.4
Lake Wilderness,Maple Valley,O717SB,2022-07-11,Mon,10:11,32.0,210.0,23.0,53.86709670445924,0.0,False,23.7,74.7
Lake Wilderness,Maple Valley,O717SB,2022-07-18,Mon,11:49,4.0,15.0,69.0,43.963051676685815,0.0,False,22.6,72.7
Lake Wilderness,Maple Valley,O717SB,2022-07-25,Mon,11:04,96.0,120.0,12.0,46.88068976650639,0.0,False,25.2,77.4
Lake Wilderness,Maple Valley,O717SB,2022-08-01,Mon,11:25,270.0,140.0,190.0,49.84856003376672,0.0,False,28.8,83.8
Lake Wilderness,Maple Valley,O717SB,2022-08-08,Mon,10:31,46.0,120.0,73.0,57.61681327821719,0.0,False,26.1,79.0
Lake Wilderness,Maple Valley,O717SB,2022-08-15,Mon,10:31,3.0,14.0,18.0,40.412049848885225,0.0,False,25.4,77.7
Lake Wilderness,Maple Valley,O717SB,2022-08-22,Mon,09:37,74.0,150.0,350.0,63.77790640254352,1.0,True,24.7,76.5
Lake Wilderness,Maple Valley,O717SB,2022-08-29,Mon,11:17,33.0,17.0,29.0,55.29918547289192,1.0,False,24.4,75.9
Lake Wilderness,Maple Valley,O717SB,2022-09-06,Tue,10:21,18.0,24.0,14.0,34.49396829706979,1.0,False,23.1,73.6
Lake Wilderness,Maple Valley,O717SB,2022-09-12,Mon,10:55,27.0,30.0,54.0,29.7475326089401,1.0,False,21.7,71.1
Lake Wilderness,Maple Valley,O717SB,2022-09-19,Mon,11:41,11.0,71.0,9.0,34.515094419886644,1.0,False,21.3,70.3
Lake Wilderness,Maple Valley,O717SB,2023-05-15,Mon,10:11,10.0,12.0,49.0,18.04924785145017,0.0,False,21.3,70.3
Lake Wilderness,Maple Valley,O717SB,2023-05-22,Mon,10:30,33.0,37.0,37.0,25.354153715633963,0.0,False,20.4,68.7
Lake Wilderness,Maple Valley,O717SB,2023-05-30,Tue,11:41,37.0,23.0,470.0,36.18097257657935,1.0,True,20.8,69.4
Lake Wilderness,Maple Valley,O717SB,2023-06-05,Mon,12:08,20.0,23.0,26.0,32.26050112553013,1.0,False,21.0,69.8
Lake Wilderness,Maple Valley,O717SB,2023-06-12,Mon,11:58,89.0,34.0,39.0,35.08050119469262,1.0,False,21.9,71.4
Lake Wilderness,Maple Valley,O717SB,2023-06-20,Tue,11:02,44.0,14.0,40.0,38.59668581401807,1.0,False,18.6,65.5
Lake Wilderness,Maple Valley,O717SB,2023-06-26,Mon,10:07,22.0,30.0,35.0,36.90877694537769,1.0,False,20.8,69.4
Lake Wilderness,Maple Valley,O717SB,2023-07-05,Wed,09:59,7.0,9.0,31.0,26.698736231327867,0.0,False,24.6,76.3
Lake Wilderness,Maple Valley,O717SB,2023-07-10,Mon,12:28,14.0,21.0,40.0,25.855506623763343,0.0,False,23.2,73.8
Lake Wilderness,Maple Valley,O717SB,2023-07-17,Mon,09:48,37.0,82.0,130.0,28.021287012847413,0.0,False,24.0,75.2
Lake Wilderness,Maple Valley,O717SB,2023-07-24,Mon,11:27,9.0,37.0,96.0,28.51191555010065,0.0,False,24.7,76.5
Lake Wilderness,Maple Valley,O717SB,2023-07-31,Mon,11:19,51.0,160.0,110.0,36.39075954857336,0.0,False,24.7,76.5
Lake Wilderness,Maple Valley,O717SB,2023-08-07,Mon,11:08,12.0,29.0,55.0,42.3714929260356,0.0,False,24.9,76.8
Lake Wilderness,Maple Valley,O717SB,2023-08-14,Mon,10:52,530.0,320.0,230.0,72.74282958502587,1.0,True,25.7,78.3
Lake Wilderness,Maple Valley,O717SB,2023-08-21,Mon,10:09,42.0,32.0,55.0,65.05945073156147,1.0,False,24.2,75.6
Lake Wilderness,Maple Valley,O717SB,2023-08-28,Mon,10:15,9.0,9.0,39.0,55.75699201631965,1.0,False,23.5,74.3
Lake Wilderness,Maple Valley,O717SB,2023-09-05,Tue,11:45,7.0,16.0,12.0,36.13991260638078,1.0,False,22.1,71.8
Lake Wilderness,Maple Valley,O717SB,2023-09-11,Mon,10:15,23.0,26.0,42.0,36.80055208773764,1.0,False,21.6,70.9
Lake Wilderness,Maple Valley,O717SB,2023-09-18,Mon,11:47,1300.0,19.0,57.0,29.49050496843028,1.0,True,21.9,71.4
Lake Wilderness,Maple Valley,O717SB,2024-05-13,Mon,10:42,13.0,16.0,69.0,24.301745882113657,0.0,False,18.6,65.5
Lake Wilderness,Maple Valley,O717SB,2024-05-20,Mon,11:14,9.0,14.0,22.0,18.47641075437021,0.0,False,17.3,63.1
Lake Wilderness,Maple Valley,O717SB,2024-05-28,Tue,11:17,11.0,42.0,40.0,20.82043195267785,0.0,False,16.0,60.8
Lake Wilderness,Maple Valley,O717SB,2024-06-03,Mon,11:53,140.0,110.0,72.0,31.08887950647059,0.0,False,16.8,62.2
Lake Wilderness,Maple Valley,O717SB,2024-06-10,Mon,10:45,4.0,5.0,4.0,20.939037829468766,0.0,False,20.0,68.0
Lake Wilderness,Maple Valley,O717SB,2024-06-17,Mon,08:59,69.0,55.0,7.0,21.816406367991988,0.0,False,17.8,64.0
Lake Wilderness,Maple Valley,O717SB,2024-06-24,Mon,11:27,23.0,24.0,30.0,24.577310426653867,0.0,False,21.2,70.2
Lake Wilderness,Maple Valley,O717SB,2024-07-01,Mon,08:56,20.0,8.0,13.0,21.246714368029544,0.0,False,20.9,69.6
Lake Wilderness,Maple Valley,O717SB,2024-07-08,Mon,09:10,3.0,3.0,6.0,10.959594412947393,0.0,False,24.8,76.6
Lake Wilderness,Maple Valley,O717SB,2024-07-15,Mon,09:44,27.0,33.0,28.0,16.07154143063826,0.0,False,25.1,77.2
Lake Wilderness,Maple Valley,O717SB,2024-07-22,Mon,09:33,6.0,14.0,17.0,13.225702761296777,0.0,False,25.3,77.5
Lake Wilderness,Maple Valley,O717SB,2024-07-29,Mon,10:39,3.0,10.0,11.0,10.187063152904091,0.0,False,23.5,74.3
Lake Wilderness,Maple Valley,O717SB,2024-08-05,Mon,09:54,83.0,180.0,120.0,15.986260994875796,0.0,False,25.7,78.3
Lake Wilderness,Maple Valley,O717SB,2024-08-12,Mon,10:53,21.0,29.0,440.0,28.19196275799902,1.0,True,24.3,75.7
Lake Wilderness,Maple Valley,O717SB,2024-08-19,Mon,11:18,38.0,100.0,160.0,34.88053754862988,1.0,False,24.3,75.7
Lake Wilderness,Maple Valley,O717SB,2024-08-26,Mon,10:08,27.0,38.0,130.0,47.1998555644876,1.0,False,21.8,71.2
Lake Wilderness,Maple Valley,O717SB,2024-09-03,Tue,09:48,7.0,41.0,59.0,61.36988849848627,1.0,False,21.6,70.9
Lake Wilderness,Maple Valley,O717SB,2024-09-09,Mon,10:28,3.0,16.0,22.0,37.37926916653505,1.0,False,22.1,71.8
Lake Wilderness,Maple Valley,O717SB,2024-09-16,Mon,10:03,66.0,800.0,230.0,48.200357400582725,1.0,True,20.0,68.0
Lake Wilderness,Maple Valley,O717SB,2025-05-12,Mon,12:07,3.0,43.0,7.0,9.66560960828766,0.0,False,18.1,64.6
Lake Wilderness,Maple Valley,O717SB,2025-05-19,Mon,11:10,120.0,42.0,44.0,24.187732699626373,0.0,False,16.3,61.3
Lake Wilderness,Maple Valley,O717SB,2025-05-27,Tue,11:55,1.0,1.0,1.0,8.363667783223725,0.0,False,19.8,67.6
Lake Wilderness,Maple Valley,O717SB,2025-06-02,Mon,13:03,77.0,11.0,10.0,10.450118081414788,0.0,False,20.7,69.3
Lake Wilderness,Maple Valley,O717SB,2025-06-09,Mon,13:30,11.0,20.0,17.0,11.310671739346969,0.0,False,24.9,76.8
Lake Wilderness,Maple Valley,O717SB,2025-06-16,Mon,10:39,6.0,1.0,14.0,9.654456589201413,0.0,False,21.8,71.2
Lake Wilderness,Maple Valley,O717SB,2025-06-23,Mon,10:12,20.0,40.0,28.0,8.286137858042716,0.0,False,21.3,70.3
Lake Wilderness,Maple Valley,O717SB,2025-06-30,Mon,10:26,140.0,38.0,39.0,18.7420562544248,0.0,False,23.0,73.4
Lake Wilderness,Maple Valley,O717SB,2025-07-07,Mon,12:25,12.0,12.0,33.0,18.03364177670741,0.0,False,24.5,76.1
Lake Wilderness,Maple Valley,O717SB,2025-07-14,Mon,10:52,54.0,41.0,42.0,22.34191827388258,0.0,False,25.4,77.7
Lake Wilderness,Maple Valley,O717SB,2025-07-21,Mon,10:10,2.0,22.0,110.0,29.27463780483039,0.0,False,24.3,75.7
Lake Wilderness,Maple Valley,O717SB,2025-07-28,Mon,10:51,5.0,9.0,14.0,23.07266175077753,0.0,False,24.6,76.3
Lake Wilderness,Maple Valley,O717SB,2025-08-04,Mon,10:07,4.0,50.0,14.0,17.315823567202806,0.0,False,23.1,73.6
Lake Wilderness,Maple Valley,O717SB,2025-08-11,Mon,12:45,110.0,150.0,260.0,27.25723987154276,0.0,False,25.5,77.9
Lake Wilderness,Maple Valley,O717SB,2025-08-18,Mon,11:28,230.0,200.0,92.0,35.157916167064336,0.0,False,23.9,75.0
Lake Wilderness,Maple Valley,O717SB,2025-08-25,Mon,11:41,51.0,98.0,260.0,51.04478851102923,0.0,False,25.7,78.3
Lake Wilderness,Maple Valley,O717SB,2025-09-02,Tue,10:38,660.0,140.0,14.0,84.87544011230742,1.0,True,21.1,70.0
Lake Wilderness,Maple Valley,O717SB,2025-09-08,Mon,11:58,76.0,320.0,440.0,147.0954548955877,2.0,True,24.1,75.4
Lake Wilderness,Maple Valley,O717SB,2025-09-15,Mon,09:55,4.0,31.0,15.0,87.78149313864326,2.0,False,21.1,70.0
Lake Wilderness,Maple Valley,O717SB,2026-05-11,Mon,11:38,5.0,7.0,20.0,8.879040017426007,0.0,False,19.1,66.4
Lake Wilderness,Maple Valley,O717SB,2026-05-18,Mon,11:48,2.0,14.0,4.0,6.542132620377179,0.0,False,17.4,63.3
Lake Wilderness,Maple Valley,O717SB,2026-05-26,Tue,10:16,8.0,7.0,19.0,7.588217026298699,0.0,False,18.0,64.4
Lake Wilderness,Maple Valley,O717SB,2026-06-01,Mon,10:29,4.0,59.0,7.0,8.477588088824337,0.0,False,20.1,68.2
Lake Wilderness,Maple Valley,O717SB,2026-06-08,Mon,12:12,11.0,88.0,220.0,12.5267300385587,0.0,False,19.3,66.7
Lake Wilderness,Maple Valley,O717SB,2026-06-15,Mon,10:27,57.0,67.0,20.0,17.127599232754633,0.0,False,21.4,70.5
Lake Wilderness,Maple Valley,O717SB,2026-06-22,Mon,10:17,17.0,7.0,14.0,20.505024412525803,0.0,False,23.7,74.7
Lake Wilderness,Maple Valley,O717SB,2026-06-29,Mon,10:10,3.0,23.0,13.0,20.2729529139634,0.0,False,21.2,70.2
Lake Wilderness,Maple Valley,O717SB,2026-07-06,Mon,11:00,240.0,1100.0,390.0,42.32148626837238,2.0,True,23.0,73.4
Lake Wilderness,Maple Valley,O717SB,2026-07-13,Mon,10:04,25.0,26.0,79.0,38.49258449201526,2.0,False,23.4,74.1
Lake Wilderness,Maple Valley,O717SB,2026-07-20,Mon,10:25,39.0,220.0,5.0,37.04039257580687,2.0,False,22.6,72.7
Lake Wilderness,Maple Valley,O717SB,2026-07-27,Mon,11:23,61.0,7.0,19.0,41.163220570802,2.0,False,24.7,76.5
Lake Wilderness,Maple Valley,O717SB,2026-08-03,Mon,10:13,17.0,9.0,130.0,50.609514238705394,2.0,False,23.3,73.9
Lake Wilderness,Maple Valley,O717SB,2026-08-10,Mon,10:36,4.0,9.0,12.0,22.16936139249938,0.0,False,23.9,75.0
Lake Wilderness,Maple Valley,O717SB,2026-08-17,Mon,10:47,5.0,4.0,4.0,14.407539502678766,0.0,False,23.6,74.5
Lake Wilderness,Maple Valley,O717SB,2026-08-24,Mon,10:29,8.0,59.0,30.0,13.381256114403856,0.0,False,24.1,75.4
Lake Wilderness,Maple Valley,O717SB,2026-08-31,Mon,00:00,8.0,63.0,49.0,14.412076513422722,0.0,False,,
Luther Burbank,Mercer Island,SD017SB,2019-05-13,Mon,12:44,3.0,2.0,2.0,2.289428485106664,0.0,False,18.5,65.3
Luther Burbank,Mercer Island,SD017SB,2019-05-20,Mon,14:32,2.0,5.0,2.0,2.4928828716784346,0.0,False,16.4,61.5
Luther Burbank,Mercer Island,SD017SB,2019-05-28,Tue,12:22,4.0,8.0,20.0,3.7693432756862375,0.0,False,17.0,62.6
Luther Burbank,Mercer Island,SD017SB,2019-06-03,Mon,12:00,7.0,7.0,4.0,4.199722618569005,0.0,False,19.3,66.7
Luther Burbank,Mercer Island,SD017SB,2019-06-10,Mon,14:11,12.0,16.0,19.0,5.445613419008283,0.0,False,21.0,69.8
Luther Burbank,Mercer Island,SD017SB,2019-06-17,Mon,15:18,3.0,9.0,7.0,6.544334837074955,0.0,False,22.1,71.8
Luther Burbank,Mercer Island,SD017SB,2019-06-24,Mon,12:15,11.0,22.0,14.0,9.214244641031478,0.0,False,19.7,67.5
Luther Burbank,Mercer Island,SD017SB,2019-07-01,Mon,09:34,3.0,4.0,3.0,7.605619140161529,0.0,False,21.6,70.9
Luther Burbank,Mercer Island,SD017SB,2019-07-08,Mon,12:27,3.0,1.0,5.0,6.408015983747774,0.0,False,21.2,70.2
Luther Burbank,Mercer Island,SD017SB,2019-07-15,Mon,12:43,3.0,1.0,1.0,3.990812722211727,0.0,False,22.9,73.2
Luther Burbank,Mercer Island,SD017SB,2019-07-22,Mon,17:19,25.0,26.0,9.0,5.016963624103305,0.0,False,23.3,73.9
Luther Burbank,Mercer Island,SD017SB,2019-07-29,Mon,12:50,59.0,52.0,77.0,6.657857016768896,0.0,False,23.9,75.0
Luther Burbank,Mercer Island,SD017SB,2019-08-05,Mon,12:49,25.0,40.0,23.0,10.2414823234387,0.0,False,25.2,77.4
Luther Burbank,Mercer Island,SD017SB,2019-08-12,Mon,16:05,15.0,120.0,330.0,20.743203698685605,1.0,True,24.8,76.6
Luther Burbank,Mercer Island,SD017SB,2019-08-19,Mon,13:11,71.0,270.0,250.0,53.757437244834335,1.0,False,23.9,75.0
Luther Burbank,Mercer Island,SD017SB,2019-08-26,Mon,12:27,6.0,5.0,18.0,45.86215060807492,1.0,False,23.9,75.0
Luther Burbank,Mercer Island,SD017SB,2019-09-03,Tue,14:35,39.0,360.0,500.0,57.49814295505215,3.0,True,24.9,76.8
Luther Burbank,Mercer Island,SD017SB,2019-09-09,Mon,12:09,1200.0,5800.0,860.0,132.0319817587541,6.0,True,21.6,70.9
Luther Burbank,Mercer Island,SD017SB,2019-09-12,Thu,07:40,6.0,69.0,990.0,,,True,21.3,70.3
Luther Burbank,Mercer Island,SD017SB,2019-09-16,Mon,12:17,40.0,45.0,54.0,117.02297371934544,5.0,False,21.4,70.5
Luther Burbank,Mercer Island,SD017SB,2019-09-23,Mon,13:57,44.0,350.0,89.0,107.65338836251772,6.0,True,19.8,67.6
Luther Burbank,Mercer Island,SD017SB,2019-09-30,Mon,11:11,,,,,,,18.2,64.8
Luther Burbank,Mercer Island,SD017SB,2019-10-07,Mon,12:33,,,,,,,17.0,62.6
Luther Burbank,Mercer Island,SD017SB,2019-10-14,Mon,12:17,,,,,,,16.3,61.3
Luther Burbank,Mercer Island,SD017SB,2019-10-21,Mon,11:08,,,,,,,13.7,56.7
Luther Burbank,Mercer Island,SD017SB,2020-05-13,Wed,11:02,2.0,3.0,4.0,2.8844991406148166,0.0,False,15.7,60.3
Luther Burbank,Mercer Island,SD017SB,2020-05-20,Wed,09:20,1.0,1.0,1.0,1.6983813295649528,0.0,False,15.9,60.6
Luther Burbank,Mercer Island,SD017SB,2020-05-27,Wed,09:05,11.0,21.0,18.0,3.592982324712521,0.0,False,17.3,63.1
Luther Burbank,Mercer Island,SD017SB,2020-06-03,Wed,09:13,4.0,4.0,5.0,3.7599506329711057,0.0,False,16.7,62.1
Luther Burbank,Mercer Island,SD017SB,2020-06-10,Wed,09:20,1.0,4.0,3.0,3.4047962711447046,0.0,False,17.5,63.5
Luther Burbank,Mercer Island,SD017SB,2020-06-17,Wed,09:06,9.0,6.0,10.0,4.190218132448556,0.0,False,18.0,64.4
Luther Burbank,Mercer Island,SD017SB,2020-06-24,Wed,09:53,7.0,9.0,60.0,7.256648468119232,0.0,False,20.3,68.5
Luther Burbank,Mercer Island,SD017SB,2020-06-30,Tue,08:18,1.0,1.0,1.0,4.163677844155561,0.0,False,19.3,66.7
Luther Burbank,Mercer Island,SD017SB,2020-07-08,Wed,10:00,1.0,1.0,2.0,3.255915461535416,0.0,False,19.7,67.5
Luther Burbank,Mercer Island,SD017SB,2020-07-15,Wed,09:32,4.0,10.0,1.0,3.528025399498816,0.0,False,20.7,69.3
Luther Burbank,Mercer Island,SD017SB,2020-07-22,Wed,09:52,1.0,3.0,1.0,2.495630029425718,0.0,False,22.9,73.2
Luther Burbank,Mercer Island,SD017SB,2020-07-29,Wed,09:40,1.0,2.0,1.0,1.509209102242214,0.0,False,24.0,75.2
Luther Burbank,Mercer Island,SD017SB,2020-08-05,Wed,09:37,5.0,1.0,1.0,1.6801475233689018,0.0,False,24.3,75.7
Luther Burbank,Mercer Island,SD017SB,2020-08-12,Wed,10:25,2.0,4.0,6.0,2.07664135706036,0.0,False,22.4,72.3
Luther Burbank,Mercer Island,SD017SB,2020-08-19,Wed,09:32,2.0,5.0,5.0,2.1077648921056844,0.0,False,23.4,74.1
Luther Burbank,Mercer Island,SD017SB,2020-08-26,Wed,09:35,2.0,1.0,3.0,2.207449783789936,0.0,False,22.4,72.3
Luther Burbank,Mercer Island,SD017SB,2020-09-02,Wed,08:49,610.0,61.0,23.0,5.239799472626009,1.0,True,22.3,72.1
Luther Burbank,Mercer Island,SD017SB,2020-09-09,Wed,08:55,1.0,1.0,1.0,4.706701612817136,1.0,False,21.7,71.1
Luther Burbank,Mercer Island,SD017SB,2020-09-22,Tue,13:55,,,,,,,21.5,70.7
Luther Burbank,Mercer Island,SD017SB,2020-09-29,Tue,13:43,,,,,,,21.3,70.3
Luther Burbank,Mercer Island,SD017SB,2020-10-06,Tue,13:30,,,,,,,19.0,66.2
Luther Burbank,Mercer Island,SD017SB,2020-10-13,Tue,13:26,,,,,,,17.1,62.8
Luther Burbank,Mercer Island,SD017SB,2020-10-20,Tue,13:15,,,,,,,16.4,61.5
Luther Burbank,Mercer Island,SD017SB,2020-10-27,Tue,13:09,,,,,,,15.1,59.2
Luther Burbank,Mercer Island,SD017SB,2021-05-19,Wed,08:42,8.0,13.0,10.0,10.13159403820177,0.0,False,15.5,59.9
Luther Burbank,Mercer Island,SD017SB,2021-05-26,Wed,12:45,2.0,2.0,3.0,4.8161769060735296,0.0,False,15.2,59.4
Luther Burbank,Mercer Island,SD017SB,2021-06-02,Wed,08:43,13.0,28.0,10.0,7.09272114227528,0.0,False,18.6,65.5
Luther Burbank,Mercer Island,SD017SB,2021-06-09,Wed,09:11,3.0,5.0,1.0,5.446497003142293,0.0,False,16.8,62.2
Luther Burbank,Mercer Island,SD017SB,2021-06-16,Wed,09:22,10.0,5.0,7.0,5.734536898110298,0.0,False,18.7,65.7
Luther Burbank,Mercer Island,SD017SB,2021-06-23,Wed,11:49,5.0,2.0,1.0,4.207551711265867,0.0,False,21.7,71.1
Luther Burbank,Mercer Island,SD017SB,2021-06-30,Wed,12:25,5.0,3.0,8.0,4.905645133873719,0.0,False,25.1,77.2
Luther Burbank,Mercer Island,SD017SB,2021-07-07,Wed,09:53,3.0,3.0,4.0,3.6061423816583487,0.0,False,24.0,75.2
Luther Burbank,Mercer Island,SD017SB,2021-07-14,Wed,10:00,8.0,6.0,13.0,4.623623105887019,0.0,False,24.0,75.2
Luther Burbank,Mercer Island,SD017SB,2021-07-21,Wed,08:55,3.0,1.0,1.0,3.366557005701344,0.0,False,22.7,72.9
Luther Burbank,Mercer Island,SD017SB,2021-07-28,Wed,13:32,2.0,2.0,8.0,3.637999524546528,0.0,False,25.0,77.0
Luther Burbank,Mercer Island,SD017SB,2021-08-04,Wed,13:11,16.0,17.0,16.0,4.621998647001003,0.0,False,26.6,79.9
Luther Burbank,Mercer Island,SD017SB,2021-08-11,Wed,10:11,5.0,25.0,37.0,6.388767689116389,0.0,False,24.8,76.6
Luther Burbank,Mercer Island,SD017SB,2021-08-18,Wed,10:07,5.0,1.0,2.0,4.849959631582071,0.0,False,23.9,75.0
Luther Burbank,Mercer Island,SD017SB,2021-08-25,Wed,09:57,100.0,95.0,150.0,11.59269378703448,0.0,False,22.4,72.3
Luther Burbank,Mercer Island,SD017SB,2021-09-01,Wed,09:03,1.0,1.0,1.0,9.201127156341872,0.0,False,20.3,68.5
Luther Burbank,Mercer Island,SD017SB,2021-09-08,Wed,09:27,9.0,8.0,17.0,8.455004984189912,0.0,False,21.3,70.3
Luther Burbank,Mercer Island,SD017SB,2021-09-15,Wed,09:51,5.0,8.0,12.0,7.269800639206153,0.0,False,19.9,67.8
Luther Burbank,Mercer Island,SD017SB,2021-09-22,Wed,09:49,4.0,10.0,19.0,9.70309032324884,0.0,False,19.0,66.2
Luther Burbank,Mercer Island,SD017SB,2021-09-28,Tue,12:40,,,,,,,18.8,65.8
Luther Burbank,Mercer Island,SD017SB,2021-10-05,Tue,13:14,,,,,,,17.0,62.6
Luther Burbank,Mercer Island,SD017SB,2021-10-12,Tue,11:53,,,,,,,15.9,60.6
Luther Burbank,Mercer Island,SD017SB,2021-10-19,Tue,13:16,,,,,,,16.0,60.8
Luther Burbank,Mercer Island,SD017SB,2021-10-26,Tue,13:23,,,,,,,13.9,57.0
Luther Burbank,Mercer Island,SD017SB,2022-05-17,Tue,08:57,2.0,4.0,37.0,6.664443703291906,0.0,False,12.7,54.9
Luther Burbank,Mercer Island,SD017SB,2022-05-24,Tue,08:52,6.0,2.0,2.0,4.384470564939549,0.0,False,15.4,59.7
Luther Burbank,Mercer Island,SD017SB,2022-05-31,Tue,09:00,3.0,3.0,8.0,4.308390403881571,0.0,False,15.1,59.2
Luther Burbank,Mercer Island,SD017SB,2022-06-07,Tue,09:31,13.0,9.0,64.0,6.289268082257055,0.0,False,17.8,64.0
Luther Burbank,Mercer Island,SD017SB,2022-06-14,Tue,08:46,3.0,5.0,4.0,5.720361859862758,0.0,False,16.5,61.7
Luther Burbank,Mercer Island,SD017SB,2022-06-22,Wed,08:53,1.0,3.0,1.0,4.211907310157354,0.0,False,18.6,65.5
Luther Burbank,Mercer Island,SD017SB,2022-06-28,Tue,12:46,5.0,2.0,4.0,4.357814322458212,0.0,False,20.0,68.0
Luther Burbank,Mercer Island,SD017SB,2022-07-06,Wed,09:14,1.0,1.0,2.0,3.4317466772616148,0.0,False,20.5,68.9
Luther Burbank,Mercer Island,SD017SB,2022-07-12,Tue,09:16,5.0,3.0,1.0,2.2679331552660544,0.0,False,22.5,72.5
Luther Burbank,Mercer Island,SD017SB,2022-07-19,Tue,09:21,3.0,1.0,1.0,1.8573549905074376,0.0,False,21.9,71.4
Luther Burbank,Mercer Island,SD017SB,2022-07-26,Tue,13:16,19.0,23.0,12.0,3.055373767484097,0.0,False,26.0,78.8
Luther Burbank,Mercer Island,SD017SB,2022-08-02,Tue,10:28,3.0,2.0,1.0,2.692384590025497,0.0,False,25.8,78.4
Luther Burbank,Mercer Island,SD017SB,2022-08-09,Tue,08:59,1.0,5.0,1.0,2.8619789165445138,0.0,False,23.7,74.7
Luther Burbank,Mercer Island,SD017SB,2022-08-16,Tue,09:45,9.0,22.0,5.0,3.7841588532572223,0.0,False,24.2,75.6
Luther Burbank,Mercer Island,SD017SB,2022-08-23,Tue,12:17,7.0,5.0,7.0,5.075034681417122,0.0,False,25.5,77.9
Luther Burbank,Mercer Island,SD017SB,2022-08-30,Tue,09:30,1.0,4.0,85.0,4.228893649202077,0.0,False,23.4,74.1
Luther Burbank,Mercer Island,SD017SB,2022-09-07,Wed,09:10,3.0,1.0,9.0,4.674920871187156,0.0,False,22.0,71.6
Luther Burbank,Mercer Island,SD017SB,2022-09-13,Tue,08:50,1.0,1.0,15.0,5.030166353809354,0.0,False,20.9,69.6
Luther Burbank,Mercer Island,SD017SB,2022-09-20,Tue,09:28,1.0,2.0,4.0,3.6482058390414736,0.0,False,20.0,68.0
Luther Burbank,Mercer Island,SD017SB,2022-09-26,Mon,11:53,,,,,,,21.2,70.2
Luther Burbank,Mercer Island,SD017SB,2022-10-03,Mon,12:59,,,,,,,20.6,69.1
Luther Burbank,Mercer Island,SD017SB,2022-10-11,Tue,13:18,,,,,,,20.1,68.2
Luther Burbank,Mercer Island,SD017SB,2022-10-17,Mon,13:22,,,,,,,19.3,66.7
Luther Burbank,Mercer Island,SD017SB,2022-10-24,Mon,12:23,,,,,,,16.5,61.7
Luther Burbank,Mercer Island,SD017SB,2023-05-16,Tue,08:33,4.0,3.0,4.0,3.634241185664279,0.0,False,17.5,63.5
Luther Burbank,Mercer Island,SD017SB,2023-05-23,Tue,08:30,2.0,1.0,1.0,2.1398263878673256,0.0,False,17.9,64.2
Luther Burbank,Mercer Island,SD017SB,2023-05-31,Wed,09:07,1.0,1.0,1.0,1.6605515380991511,0.0,False,18.8,65.8
Luther Burbank,Mercer Island,SD017SB,2023-06-06,Tue,09:26,1.0,1.0,4.0,1.6419538084838303,0.0,False,19.1,66.4
Luther Burbank,Mercer Island,SD017SB,2023-06-13,Tue,07:15,5.0,5.0,5.0,2.051553038304996,0.0,False,20.4,68.7
Luther Burbank,Mercer Island,SD017SB,2023-06-20,Tue,09:58,1.0,1.0,2.0,1.6598493257629443,0.0,False,17.4,63.3
Luther Burbank,Mercer Island,SD017SB,2023-06-27,Tue,13:35,1.0,1.0,1.0,1.5848931924611134,0.0,False,20.7,69.3
Luther Burbank,Mercer Island,SD017SB,2023-07-05,Wed,09:29,2.0,1.0,5.0,1.847849797422291,0.0,False,22.4,72.3
Luther Burbank,Mercer Island,SD017SB,2023-07-11,Tue,09:00,1.0,1.0,5.0,1.8755443329919668,0.0,False,22.4,72.3
Luther Burbank,Mercer Island,SD017SB,2023-07-18,Tue,12:45,1.0,1.0,3.0,1.4626533728893854,0.0,False,24.6,76.3
Luther Burbank,Mercer Island,SD017SB,2023-07-25,Tue,12:49,1.0,3.0,4.0,1.6482313373791424,0.0,False,23.4,74.1
Luther Burbank,Mercer Island,SD017SB,2023-08-01,Tue,08:43,30.0,6.0,19.0,2.835436380952136,0.0,False,22.7,72.9
Luther Burbank,Mercer Island,SD017SB,2023-08-08,Tue,10:20,5.0,10.0,2.0,3.305876110181319,0.0,False,23.1,73.6
Luther Burbank,Mercer Island,SD017SB,2023-08-15,Tue,09:12,1.0,1.0,2.0,3.109977450963231,0.0,False,24.0,75.2
Luther Burbank,Mercer Island,SD017SB,2023-08-22,Tue,09:27,1.0,1.0,2.0,3.027037651343389,0.0,False,23.1,73.6
Luther Burbank,Mercer Island,SD017SB,2023-08-29,Tue,08:57,79.0,14.0,6.0,4.611754338331126,0.0,False,22.3,72.1
Luther Burbank,Mercer Island,SD017SB,2023-09-06,Wed,08:05,1.0,2.0,4.0,3.0794306192203256,0.0,False,20.8,69.4
Luther Burbank,Mercer Island,SD017SB,2023-09-12,Tue,10:01,4.0,13.0,5.0,3.281975340262076,0.0,False,21.0,69.8
Luther Burbank,Mercer Island,SD017SB,2023-09-19,Tue,08:43,1.0,4.0,6.0,3.873296380251501,0.0,False,19.7,67.5
Luther Burbank,Mercer Island,SD017SB,2023-09-25,Mon,10:56,,,,,,,18.8,65.8
Luther Burbank,Mercer Island,SD017SB,2023-10-02,Mon,12:58,,,,,,,17.5,63.5
Luther Burbank,Mercer Island,SD017SB,2023-10-10,Tue,13:03,,,,,,,,
Luther Burbank,Mercer Island,SD017SB,2023-10-16,Mon,12:53,,,,,,,16.7,62.1
Luther Burbank,Mercer Island,SD017SB,2023-10-23,Mon,11:49,,,,,,,15.5,59.9
Luther Burbank,Mercer Island,SD017SB,2024-05-13,Mon,11:42,1.0,3.0,8.0,2.8844991406148166,0.0,False,16.7,62.1
Luther Burbank,Mercer Island,SD017SB,2024-05-20,Mon,13:28,3.0,1.0,2.0,2.289428485106664,0.0,False,17.7,63.9
Luther Burbank,Mercer Island,SD017SB,2024-05-28,Tue,12:38,3.0,7.0,2.0,2.6313528405632995,0.0,False,14.5,58.1
Luther Burbank,Mercer Island,SD017SB,2024-06-03,Mon,13:27,56.0,95.0,120.0,6.293497370358093,0.0,False,14.9,58.8
Luther Burbank,Mercer Island,SD017SB,2024-06-10,Mon,12:51,2.0,1.0,3.0,4.908970181537236,0.0,False,17.8,64.0
Luther Burbank,Mercer Island,SD017SB,2024-06-17,Mon,11:17,7.0,3.0,6.0,5.482782454403688,0.0,False,16.6,61.9
Luther Burbank,Mercer Island,SD017SB,2024-06-24,Mon,13:02,2.0,1.0,1.0,5.095571860930544,0.0,False,19.7,67.5
Luther Burbank,Mercer Island,SD017SB,2024-07-01,Mon,13:37,3.0,1.0,1.0,4.273506756741118,0.0,False,21.7,71.1
Luther Burbank,Mercer Island,SD017SB,2024-07-08,Mon,12:55,6.0,14.0,3.0,2.534379064818793,0.0,False,25.5,77.9
Luther Burbank,Mercer Island,SD017SB,2024-07-16,Tue,09:29,6.0,6.0,4.0,3.1324608745770792,0.0,False,25.4,77.7
Luther Burbank,Mercer Island,SD017SB,2024-07-23,Tue,08:51,1.0,2.0,1.0,2.37645512906114,0.0,False,23.0,73.4
Luther Burbank,Mercer Island,SD017SB,2024-07-30,Tue,09:00,1.0,1.0,1.0,2.2691382270538747,0.0,False,22.3,72.1
Luther Burbank,Mercer Island,SD017SB,2024-08-06,Tue,09:04,1.0,1.0,2.0,2.208622717591489,0.0,False,23.5,74.3
Luther Burbank,Mercer Island,SD017SB,2024-08-13,Tue,09:12,2.0,2.0,1.0,1.6755812747668832,0.0,False,22.8,73.0
Luther Burbank,Mercer Island,SD017SB,2024-08-20,Tue,08:05,4.0,6.0,4.0,1.630895299589513,0.0,False,22.0,71.6
Luther Burbank,Mercer Island,SD017SB,2024-08-27,Tue,09:03,1.0,13.0,6.0,2.082078285635829,0.0,False,20.1,68.2
Luther Burbank,Mercer Island,SD017SB,2024-09-04,Wed,09:55,5.0,4.0,1.0,2.5423327258312254,0.0,False,21.0,69.8
Luther Burbank,Mercer Island,SD017SB,2024-09-10,Tue,08:40,6.0,5.0,5.0,3.390287060638802,0.0,False,21.3,70.3
Luther Burbank,Mercer Island,SD017SB,2024-09-17,Tue,09:36,2.0,1.0,6.0,3.6479137020879393,0.0,False,19.9,67.8
Luther Burbank,Mercer Island,SD017SB,2024-09-23,Mon,11:54,,,,,,,20.1,68.2
Luther Burbank,Mercer Island,SD017SB,2024-09-30,Mon,08:57,,,,,,,17.6,63.7
Luther Burbank,Mercer Island,SD017SB,2024-10-07,Mon,12:23,,,,,,,19.8,67.6
Luther Burbank,Mercer Island,SD017SB,2024-10-15,Tue,12:05,,,,,,,17.1,62.8
Luther Burbank,Mercer Island,SD017SB,2024-10-21,Mon,09:13,,,,,,,15.6,60.1
Luther Burbank,Mercer Island,SD017SB,2025-05-13,Tue,09:29,1.0,1.0,12.0,2.289428485106664,0.0,False,15.2,59.4
Luther Burbank,Mercer Island,SD017SB,2025-05-20,Tue,08:49,3.0,9.0,4.0,3.3019272488946263,0.0,False,13.9,57.0
Luther Burbank,Mercer Island,SD017SB,2025-05-28,Wed,08:04,1.0,1.0,1.0,2.2174048860973308,0.0,False,17.2,63.0
Luther Burbank,Mercer Island,SD017SB,2025-06-03,Tue,09:31,9.0,5.0,16.0,3.144088712910689,0.0,False,17.7,63.9
Luther Burbank,Mercer Island,SD017SB,2025-06-10,Tue,08:16,1.0,2.0,5.0,2.915160695724111,0.0,False,22.4,72.3
Luther Burbank,Mercer Island,SD017SB,2025-06-16,Mon,09:44,1.0,1.0,2.0,2.586936388975245,0.0,False,20.5,68.9
Luther Burbank,Mercer Island,SD017SB,2025-06-24,Tue,09:45,1.0,3.0,2.0,2.1335406222414277,0.0,False,20.5,68.9
Luther Burbank,Mercer Island,SD017SB,2025-07-01,Tue,08:43,1.0,1.0,3.0,2.2956675734618344,0.0,False,21.2,70.2
Luther Burbank,Mercer Island,SD017SB,2025-07-08,Tue,08:51,33.0,43.0,32.0,3.0261862824440127,0.0,False,22.8,73.0
Luther Burbank,Mercer Island,SD017SB,2025-07-15,Tue,08:48,1.0,8.0,6.0,3.359786964766004,0.0,False,22.9,73.2
Luther Burbank,Mercer Island,SD017SB,2025-07-22,Tue,08:31,130.0,63.0,5.0,6.512184078409005,0.0,False,23.0,73.4
Luther Burbank,Mercer Island,SD017SB,2025-07-29,Tue,09:02,13.0,5.0,2.0,7.994282201140635,0.0,False,23.1,73.6
Luther Burbank,Mercer Island,SD017SB,2025-08-05,Tue,08:39,2.0,4.0,2.0,8.93811744321673,0.0,False,22.4,72.3
Luther Burbank,Mercer Island,SD017SB,2025-08-12,Tue,07:35,3.0,3.0,5.0,5.636178420589583,0.0,False,22.6,72.7
Luther Burbank,Mercer Island,SD017SB,2025-08-19,Tue,09:20,370.0,340.0,550.0,14.506797174089897,3.0,True,22.7,72.9
Luther Burbank,Mercer Island,SD017SB,2025-08-26,Tue,07:14,4.0,14.0,20.0,11.412194026922144,3.0,False,23.2,73.8
Luther Burbank,Mercer Island,SD017SB,2025-09-03,Wed,09:39,1.0,2.0,4.0,9.476448114845669,3.0,False,23.1,73.6
Luther Burbank,Mercer Island,SD017SB,2025-09-09,Tue,09:11,3.0,4.0,3.0,10.002865370945605,3.0,False,22.4,72.3
Luther Burbank,Mercer Island,SD017SB,2025-09-16,Tue,10:17,1.0,2.0,2.0,8.512313087349616,3.0,False,21.7,71.1
Luther Burbank,Mercer Island,SD017SB,2025-09-22,Mon,10:50,,,,,,,20.6,69.1
Luther Burbank,Mercer Island,SD017SB,2025-09-29,Mon,13:31,,,,,,,19.9,67.8
Luther Burbank,Mercer Island,SD017SB,2025-10-06,Mon,08:06,,,,,,,18.1,64.6
Luther Burbank,Mercer Island,SD017SB,2025-10-14,Tue,11:53,,,,,,,17.1,62.8
Luther Burbank,Mercer Island,SD017SB,2025-10-20,Mon,12:03,,,,,,,16.0,60.8
Luther Burbank,Mercer Island,SD017SB,2026-05-12,Tue,08:31,12.0,28.0,450.0,53.27424010455602,1.0,True,16.5,61.7
Luther Burbank,Mercer Island,SD017SB,2026-05-19,Tue,08:53,23.0,37.0,58.0,44.20637371161707,1.0,False,16.0,60.8
Luther Burbank,Mercer Island,SD017SB,2026-05-27,Wed,08:38,4.0,3.0,3.0,18.617116965177438,1.0,False,17.3,63.1
Luther Burbank,Mercer Island,SD017SB,2026-06-02,Tue,08:54,1.0,5.0,18.0,13.04030841339527,1.0,False,18.5,65.3
Luther Burbank,Mercer Island,SD017SB,2026-06-09,Tue,12:43,23.0,32.0,41.0,15.519381234840248,1.0,False,16.8,62.2
Luther Burbank,Mercer Island,SD017SB,2026-06-16,Tue,09:48,22.0,1.0,4.0,9.445025333737547,0.0,False,19.1,66.4
Luther Burbank,Mercer Island,SD017SB,2026-06-23,Tue,08:31,10.0,18.0,17.0,7.846826534285623,0.0,False,22.1,71.8
Luther Burbank,Mercer Island,SD017SB,2026-06-30,Tue,08:56,1.0,1.0,1.0,6.179318092399329,0.0,False,19.6,67.3
Luther Burbank,Mercer Island,SD017SB,2026-07-07,Tue,09:35,2.0,3.0,10.0,6.014522233763079,0.0,False,20.6,69.1
Luther Burbank,Mercer Island,SD017SB,2026-07-14,Tue,08:27,1.0,1.0,1.0,3.0238275758083857,0.0,False,21.7,71.1
Luther Burbank,Mercer Island,SD017SB,2026-07-21,Tue,08:32,1.0,1.0,1.0,2.243493652498362,0.0,False,23.2,73.8
Luther Burbank,Mercer Island,SD017SB,2026-07-28,Tue,12:22,1.0,2.0,3.0,1.480540073044101,0.0,False,23.1,73.6
Luther Burbank,Mercer Island,SD017SB,2026-08-04,Tue,12:42,10.0,55.0,15.0,2.700953433112574,0.0,False,23.1,73.6
Luther Burbank,Mercer Island,SD017SB,2026-08-11,Tue,08:27,1.0,3.0,1.0,2.2119828913261457,0.0,False,22.7,72.9
Luther Burbank,Mercer Island,SD017SB,2026-08-18,Tue,12:33,34.0,15.0,22.0,4.11890037206651,0.0,False,24.0,75.2
Luther Burbank,Mercer Island,SD017SB,2026-08-25,Tue,08:58,59.0,68.0,4.0,7.854936558505346,0.0,False,23.0,73.4
Madison Park,Seattle,0852SB,2019-05-13,Mon,12:33,4.0,12.0,6.0,6.6038544977892535,0.0,False,16.7,62.1
Madison Park,Seattle,0852SB,2019-05-20,Mon,12:20,17.0,25.0,21.0,11.703976795822506,0.0,False,16.5,61.7
Madison Park,Seattle,0852SB,2019-05-28,Tue,08:20,17.0,14.0,12.0,12.479449704829555,0.0,False,16.7,62.1
Madison Park,Seattle,0852SB,2019-06-03,Mon,10:50,23.0,18.0,1.0,10.970588823808344,0.0,False,18.7,65.7
Madison Park,Seattle,0852SB,2019-06-10,Mon,12:32,9.0,100.0,14.0,12.75093367668506,0.0,False,19.7,67.5
Madison Park,Seattle,0852SB,2019-06-17,Mon,11:36,300.0,280.0,110.0,25.465993214536663,0.0,False,20.3,68.5
Madison Park,Seattle,0852SB,2019-06-24,Mon,11:16,42.0,1.0,1.0,17.815719106606203,0.0,False,18.8,65.8
Madison Park,Seattle,0852SB,2019-07-01,Mon,08:24,8.0,10.0,22.0,17.24991612442237,0.0,False,20.4,68.7
Madison Park,Seattle,0852SB,2019-07-08,Mon,15:40,5.0,5.0,5.0,15.9262782536953,0.0,False,21.5,70.7
Madison Park,Seattle,0852SB,2019-07-15,Mon,14:59,5.0,14.0,270.0,16.362652848000433,0.0,False,23.7,74.7
Madison Park,Seattle,0852SB,2019-07-22,Mon,11:05,26.0,19.0,21.0,10.40411956746467,0.0,False,22.1,71.8
Madison Park,Seattle,0852SB,2019-07-29,Mon,14:37,50.0,57.0,240.0,19.860604148592184,0.0,False,23.3,73.9
Madison Park,Seattle,0852SB,2019-08-05,Mon,11:52,17.0,7.0,8.0,19.06341668574281,0.0,False,24.4,75.9
Madison Park,Seattle,0852SB,2019-08-12,Mon,10:02,27.0,13.0,14.0,24.35019349805562,0.0,False,22.3,72.1
Madison Park,Seattle,0852SB,2019-08-19,Mon,11:53,6.0,5.0,4.0,17.378690390579976,0.0,False,22.7,72.9
Madison Park,Seattle,0852SB,2019-08-26,Mon,14:54,720.0,5.0,18.0,19.63626857867576,1.0,True,23.3,73.9
Madison Park,Seattle,0852SB,2019-09-03,Tue,12:54,1.0,11.0,5.0,10.47320013840241,1.0,False,23.9,75.0
Madison Park,Seattle,0852SB,2019-09-09,Mon,14:24,9.0,5.0,5.0,9.512962266618038,1.0,False,21.6,70.9
Madison Park,Seattle,0852SB,2019-09-16,Mon,12:12,4.0,3.0,5.0,7.091914873628314,1.0,False,20.9,69.6
Madison Park,Seattle,0852SB,2019-09-23,Mon,09:05,,,,,,,19.2,66.6
Madison Park,Seattle,0852SB,2019-09-30,Mon,08:16,,,,,,,17.4,63.3
Madison Park,Seattle,0852SB,2019-10-07,Mon,09:32,,,,,,,16.6,61.9
Madison Park,Seattle,0852SB,2019-10-14,Mon,08:31,,,,,,,14.9,58.8
Madison Park,Seattle,0852SB,2019-10-21,Mon,08:39,,,,,,,14.0,57.2
Madison Park,Seattle,0852SB,2020-05-12,Tue,08:48,1.0,2.0,2.0,1.5874010519681994,0.0,False,14.6,58.3
Madison Park,Seattle,0852SB,2020-05-19,Tue,08:45,8.0,10.0,5.0,3.419951893353394,0.0,False,15.7,60.3
Madison Park,Seattle,0852SB,2020-05-26,Tue,08:45,3.0,4.0,2.0,3.23124684238972,0.0,False,15.6,60.1
Madison Park,Seattle,0852SB,2020-06-02,Tue,09:00,1.0,1.0,2.0,2.5533681393600847,0.0,False,16.9,62.4
Madison Park,Seattle,0852SB,2020-06-09,Tue,09:08,1.0,1.0,1.0,2.1168532316212176,0.0,False,16.1,61.0
Madison Park,Seattle,0852SB,2020-06-16,Tue,12:29,140.0,120.0,120.0,5.079872169278612,0.0,False,17.2,63.0
Madison Park,Seattle,0852SB,2020-06-23,Tue,08:42,11.0,4.0,5.0,4.881391378129047,0.0,False,19.1,66.4
Madison Park,Seattle,0852SB,2020-06-30,Tue,08:05,150.0,120.0,54.0,9.901643774986628,0.0,False,18.4,65.1
Madison Park,Seattle,0852SB,2020-07-07,Tue,12:10,5.0,15.0,11.0,14.793430468412616,0.0,False,19.2,66.6
Madison Park,Seattle,0852SB,2020-07-14,Tue,08:45,1300.0,75.0,68.0,42.153774054441136,1.0,True,19.9,67.8
Madison Park,Seattle,0852SB,2020-07-21,Tue,08:56,34.0,97.0,55.0,35.90139446500616,1.0,False,22.3,72.1
Madison Park,Seattle,0852SB,2020-07-28,Tue,08:28,19.0,26.0,71.0,50.34412828053873,1.0,False,22.5,72.5
Madison Park,Seattle,0852SB,2020-08-04,Tue,09:36,250.0,30.0,68.0,48.22539047587444,1.0,False,22.8,73.0
Madison Park,Seattle,0852SB,2020-08-11,Tue,08:53,12.0,35.0,40.0,58.95664683033108,1.0,False,22.2,72.0
Madison Park,Seattle,0852SB,2020-08-18,Tue,08:39,110.0,110.0,69.0,51.3500460207009,0.0,False,22.3,72.1
Madison Park,Seattle,0852SB,2020-08-25,Tue,09:34,7.0,13.0,39.0,39.5039340655281,0.0,False,22.2,72.0
Madison Park,Seattle,0852SB,2020-09-01,Tue,09:00,6.0,8.0,38.0,32.43717198427998,0.0,False,21.5,70.7
Madison Park,Seattle,0852SB,2020-09-08,Tue,08:45,1.0,2.0,4.0,15.514732935393123,0.0,False,21.0,69.8
Madison Park,Seattle,0852SB,2020-09-22,Tue,08:55,,,,,,,19.9,67.8
Madison Park,Seattle,0852SB,2020-09-29,Tue,09:39,,,,,,,18.9,66.0
Madison Park,Seattle,0852SB,2020-10-06,Tue,09:47,,,,,,,18.4,65.1
Madison Park,Seattle,0852SB,2020-10-13,Tue,09:24,,,,,,,16.8,62.2
Madison Park,Seattle,0852SB,2020-10-20,Tue,09:40,,,,,,,15.9,60.6
Madison Park,Seattle,0852SB,2020-10-27,Tue,09:28,,,,,,,14.0,57.2
Madison Park,Seattle,0852SB,2021-05-18,Tue,08:56,5.0,13.0,10.0,8.662391053409028,0.0,False,14.2,57.6
Madison Park,Seattle,0852SB,2021-05-25,Tue,13:03,1.0,2.0,3.0,3.967443656350325,0.0,False,15.9,60.6
Madison Park,Seattle,0852SB,2021-06-01,Tue,08:57,16.0,54.0,63.0,8.418083146098363,0.0,False,17.6,63.7
Madison Park,Seattle,0852SB,2021-06-08,Tue,09:20,13.0,17.0,15.0,9.71143786800669,0.0,False,16.8,62.2
Madison Park,Seattle,0852SB,2021-06-15,Tue,08:57,10.0,19.0,14.0,10.42682948143197,0.0,False,17.7,63.9
Madison Park,Seattle,0852SB,2021-06-22,Tue,10:55,5.0,7.0,5.0,9.553457678268328,0.0,False,20.7,69.3
Madison Park,Seattle,0852SB,2021-06-29,Tue,09:09,4.0,16.0,12.0,13.202046213826046,0.0,False,24.2,75.6
Madison Park,Seattle,0852SB,2021-07-06,Tue,08:40,32.0,62.0,110.0,14.482601672599417,0.0,False,22.9,73.2
Madison Park,Seattle,0852SB,2021-07-13,Tue,09:25,5.0,9.0,5.0,12.104862253016218,0.0,False,23.2,73.8
Madison Park,Seattle,0852SB,2021-07-20,Tue,08:54,7.0,9.0,18.0,11.436029832979298,0.0,False,22.6,72.7
Madison Park,Seattle,0852SB,2021-07-27,Tue,09:31,1.0,2.0,1.0,8.488052871442322,0.0,False,23.4,74.1
Madison Park,Seattle,0852SB,2021-08-03,Tue,09:14,150.0,76.0,49.0,13.170150065853358,0.0,False,23.3,73.9
Madison Park,Seattle,0852SB,2021-08-10,Tue,09:22,5.0,20.0,10.0,9.19732994505534,0.0,False,22.8,73.0
Madison Park,Seattle,0852SB,2021-08-17,Tue,09:08,18.0,59.0,24.0,12.606813148613348,0.0,False,22.5,72.5
Madison Park,Seattle,0852SB,2021-08-24,Tue,08:33,5.0,14.0,2.0,10.96578301576024,0.0,False,21.1,70.0
Madison Park,Seattle,0852SB,2021-08-31,Tue,08:50,3.0,3.0,2.0,12.695675558516466,0.0,False,20.3,68.5
Madison Park,Seattle,0852SB,2021-09-07,Tue,09:28,2.0,7.0,18.0,7.596422696192976,0.0,False,20.6,69.1
Madison Park,Seattle,0852SB,2021-09-14,Tue,08:43,28.0,20.0,23.0,9.007484294070345,0.0,False,19.9,67.8
Madison Park,Seattle,0852SB,2021-09-21,Tue,09:06,7.0,10.0,23.0,7.492662800069168,0.0,False,18.5,65.3
Madison Park,Seattle,0852SB,2021-09-28,Tue,09:53,,,,,,,17.4,63.3
Madison Park,Seattle,0852SB,2021-10-05,Tue,09:47,,,,,,,17.0,62.6
Madison Park,Seattle,0852SB,2021-10-12,Tue,09:13,,,,,,,15.0,59.0
Madison Park,Seattle,0852SB,2021-10-19,Tue,10:17,,,,,,,15.1,59.2
Madison Park,Seattle,0852SB,2021-10-26,Tue,09:20,,,,,,,13.3,55.9
Madison Park,Seattle,0852SB,2022-05-16,Mon,09:30,14.0,10.0,7.0,9.932883883792687,0.0,False,12.9,55.2
Madison Park,Seattle,0852SB,2022-05-23,Mon,08:59,9.0,6.0,63.0,12.22250051293035,0.0,False,14.4,57.9
Madison Park,Seattle,0852SB,2022-05-31,Tue,09:01,50.0,59.0,10.0,16.650231138958326,0.0,False,14.8,58.6
Madison Park,Seattle,0852SB,2022-06-06,Mon,08:31,5.0,1.0,1.0,9.425680194884688,0.0,False,15.4,59.7
Madison Park,Seattle,0852SB,2022-06-13,Mon,08:56,5.0,3.0,2.0,7.549616838228772,0.0,False,16.1,61.0
Madison Park,Seattle,0852SB,2022-06-21,Tue,08:36,5.0,7.0,8.0,6.944703486987399,0.0,False,17.4,63.3
Madison Park,Seattle,0852SB,2022-06-27,Mon,08:34,24.0,11.0,37.0,7.450609419781904,0.0,False,19.8,67.6
Madison Park,Seattle,0852SB,2022-07-05,Tue,08:45,20.0,19.0,14.0,6.646572886144166,0.0,False,18.4,65.1
Madison Park,Seattle,0852SB,2022-07-11,Mon,08:27,4.0,5.0,9.0,8.44017150520385,0.0,False,20.9,69.6
Madison Park,Seattle,0852SB,2022-07-18,Mon,09:34,51.0,34.0,16.0,13.30723397756702,0.0,False,20.3,68.5
Madison Park,Seattle,0852SB,2022-07-25,Mon,08:30,10.0,760.0,650.0,25.53832370935105,2.0,True,22.3,72.1
Madison Park,Seattle,0852SB,2022-08-01,Mon,09:16,59.0,360.0,440.0,40.3564066991807,4.0,True,25.6,78.1
Madison Park,Seattle,0852SB,2022-08-08,Mon,08:25,290.0,84.0,93.0,60.42208814122064,4.0,False,23.1,73.6
Madison Park,Seattle,0852SB,2022-08-15,Mon,08:43,26.0,65.0,320.0,103.0496865886962,4.0,False,22.6,72.7
Madison Park,Seattle,0852SB,2022-08-22,Mon,07:51,82.0,82.0,53.0,122.16936273819336,4.0,False,22.8,73.0
Madison Park,Seattle,0852SB,2022-08-29,Mon,08:19,4.0,3.0,3.0,55.52228682156512,2.0,False,22.1,71.8
Madison Park,Seattle,0852SB,2022-09-06,Tue,08:31,2.0,5.0,4.0,24.353657768739243,0.0,False,21.5,70.7
Madison Park,Seattle,0852SB,2022-09-12,Mon,09:09,13.0,5.0,5.0,13.500372159652631,0.0,False,20.6,69.1
Madison Park,Seattle,0852SB,2022-09-19,Mon,09:22,3.0,13.0,25.0,8.859521563894765,0.0,False,19.8,67.6
Madison Park,Seattle,0852SB,2022-09-26,Mon,09:03,,,,,,,19.1,66.4
Madison Park,Seattle,0852SB,2022-10-03,Mon,08:55,,,,,,,19.1,66.4
Madison Park,Seattle,0852SB,2022-10-11,Tue,09:35,,,,,,,18.6,65.5
Madison Park,Seattle,0852SB,2022-10-17,Mon,09:10,,,,,,,17.8,64.0
Madison Park,Seattle,0852SB,2022-10-24,Mon,09:33,,,,,,,16.3,61.3
Madison Park,Seattle,0852SB,2023-05-15,Mon,08:29,81.0,57.0,43.0,58.33682337395572,0.0,False,17.5,63.5
Madison Park,Seattle,0852SB,2023-05-22,Mon,08:20,5.0,8.0,3.0,16.96295836126078,0.0,False,18.0,64.4
Madison Park,Seattle,0852SB,2023-05-30,Tue,09:22,12.0,9.0,9.0,14.178511801242673,0.0,False,18.1,64.6
Madison Park,Seattle,0852SB,2023-06-05,Mon,09:16,9.0,5.0,5.0,11.474616948219094,0.0,False,18.9,66.0
Madison Park,Seattle,0852SB,2023-06-12,Mon,09:33,9.0,250.0,18.0,14.287433614645789,0.0,False,19.2,66.6
Madison Park,Seattle,0852SB,2023-06-20,Tue,07:44,7.0,7.0,10.0,9.574411198784912,0.0,False,17.3,63.1
Madison Park,Seattle,0852SB,2023-06-26,Mon,08:11,23.0,41.0,19.0,13.367525215631684,0.0,False,19.2,66.6
Madison Park,Seattle,0852SB,2023-07-05,Wed,08:15,350.0,26.0,23.0,25.46676625082529,1.0,True,21.7,71.1
Madison Park,Seattle,0852SB,2023-07-10,Mon,10:12,80.0,3100.0,77.0,40.75446553764657,2.0,True,20.6,69.1
Madison Park,Seattle,0852SB,2023-07-17,Mon,12:07,7.0,21.0,3.0,30.151397055105207,2.0,False,22.8,73.0
Madison Park,Seattle,0852SB,2023-07-24,Mon,09:10,24.0,4.0,6.0,30.478191961944407,2.0,False,22.5,72.5
Madison Park,Seattle,0852SB,2023-07-31,Mon,08:24,9.0,4.0,12.0,23.77590719736744,2.0,False,22.2,72.0
Madison Park,Seattle,0852SB,2023-08-07,Mon,08:54,29.0,77.0,83.0,23.583971213262195,1.0,False,22.4,72.3
Madison Park,Seattle,0852SB,2023-08-14,Mon,08:55,13.0,16.0,12.0,12.992829749508838,0.0,False,23.4,74.1
Madison Park,Seattle,0852SB,2023-08-21,Mon,08:13,22.0,29.0,26.0,16.54731154078843,0.0,False,22.6,72.7
Madison Park,Seattle,0852SB,2023-08-28,Mon,08:14,260.0,130.0,100.0,29.50940081905443,0.0,False,22.0,71.6
Madison Park,Seattle,0852SB,2023-09-05,Tue,08:49,5.0,5.0,4.0,26.76669857196446,0.0,False,21.3,70.3
Madison Park,Seattle,0852SB,2023-09-11,Mon,08:19,24.0,21.0,9.0,20.9013926345034,0.0,False,20.5,68.9
Madison Park,Seattle,0852SB,2023-09-18,Mon,09:29,3.0,8.0,19.0,18.66193078595295,0.0,False,20.1,68.2
Madison Park,Seattle,0852SB,2023-09-25,Mon,08:08,,,,,,,18.4,65.1
Madison Park,Seattle,0852SB,2023-10-02,Mon,09:32,,,,,,,17.1,62.8
Madison Park,Seattle,0852SB,2023-10-10,Tue,15:25,,,,,,,,
Madison Park,Seattle,0852SB,2023-10-16,Mon,09:18,,,,,,,16.6,61.9
Madison Park,Seattle,0852SB,2023-10-23,Mon,08:38,,,,,,,15.6,60.1
Madison Park,Seattle,0852SB,2024-05-13,Mon,08:31,8.0,6.0,14.0,8.759038279775778,0.0,False,15.7,60.3
Madison Park,Seattle,0852SB,2024-05-20,Mon,07:41,1.0,1.0,2.0,3.322001912330045,0.0,False,14.2,57.6
Madison Park,Seattle,0852SB,2024-05-28,Tue,08:58,5.0,2.0,8.0,3.62288344132636,0.0,False,14.4,57.9
Madison Park,Seattle,0852SB,2024-06-03,Mon,09:35,670.0,880.0,2000.0,14.971192475329785,3.0,True,14.2,57.6
Madison Park,Seattle,0852SB,2024-06-10,Mon,08:20,480.0,360.0,430.0,29.170190229861333,6.0,True,16.5,61.7
Madison Park,Seattle,0852SB,2024-06-17,Mon,11:17,23.0,10.0,23.0,33.47174502664626,6.0,False,16.5,61.7
Madison Park,Seattle,0852SB,2024-06-24,Mon,08:59,290.0,57.0,390.0,90.90034236126913,7.0,True,17.6,63.7
Madison Park,Seattle,0852SB,2024-07-01,Mon,11:11,21.0,38.0,920.0,167.01118892359483,8.0,True,20.8,69.4
Madison Park,Seattle,0852SB,2024-07-08,Mon,11:49,36.0,74.0,6.0,79.10770179143458,5.0,False,24.8,76.6
Madison Park,Seattle,0852SB,2024-07-15,Mon,12:10,53.0,56.0,23.0,49.63226218496463,2.0,False,24.4,75.9
Madison Park,Seattle,0852SB,2024-07-22,Mon,11:56,11.0,5.0,6.0,41.25101333598458,2.0,False,23.4,74.1
Madison Park,Seattle,0852SB,2024-07-29,Mon,13:13,58.0,55.0,53.0,32.360599678499526,1.0,False,21.9,71.4
Madison Park,Seattle,0852SB,2024-08-05,Mon,12:07,2000.0,42.0,140.0,38.93357954706041,1.0,True,23.8,74.8
Madison Park,Seattle,0852SB,2024-08-12,Mon,08:29,92.0,96.0,230.0,53.777147581836765,1.0,False,21.8,71.2
Madison Park,Seattle,0852SB,2024-08-19,Mon,07:55,15.0,410.0,28.0,57.1988359417218,2.0,True,21.7,71.1
Madison Park,Seattle,0852SB,2024-08-26,Mon,13:10,27.0,59.0,200.0,90.44182403337513,2.0,False,21.5,70.7
Madison Park,Seattle,0852SB,2024-09-03,Tue,12:07,1300.0,1900.0,610.0,165.84408821830388,5.0,True,21.2,70.2
Madison Park,Seattle,0852SB,2024-09-09,Mon,12:43,57.0,190.0,48.0,134.709271183972,4.0,False,21.6,70.9
Madison Park,Seattle,0852SB,2024-09-16,Mon,12:18,170.0,83.0,260.0,140.12373905896692,4.0,False,20.5,68.9
Madison Park,Seattle,0852SB,2024-09-23,Mon,14:48,,,,,,,20.4,68.7
Madison Park,Seattle,0852SB,2024-09-30,Mon,12:04,,,,,,,19.1,66.4
Madison Park,Seattle,0852SB,2024-10-07,Mon,08:33,,,,,,,17.0,62.6
Madison Park,Seattle,0852SB,2024-10-15,Tue,08:17,,,,,,,16.7,62.1
Madison Park,Seattle,0852SB,2024-10-21,Mon,13:18,,,,,,,15.9,60.6
Madison Park,Seattle,0852SB,2025-05-12,Mon,08:53,1.0,2.0,14.0,3.0365889718756627,0.0,False,14.6,58.3
Madison Park,Seattle,0852SB,2025-05-19,Mon,09:02,18.0,15.0,13.0,6.793248860882918,0.0,False,14.4,57.9
Madison Park,Seattle,0852SB,2025-05-27,Tue,09:01,19.0,5.0,19.0,8.25180868465996,0.0,False,16.0,60.8
Madison Park,Seattle,0852SB,2025-06-02,Mon,09:23,92.0,30.0,77.0,13.531995564826197,0.0,False,17.9,64.2
Madison Park,Seattle,0852SB,2025-06-09,Mon,09:18,5.0,59.0,91.0,15.861601621256952,0.0,False,21.2,70.2
Madison Park,Seattle,0852SB,2025-06-16,Mon,13:13,8.0,160.0,260.0,29.6493645814572,0.0,False,21.5,70.7
Madison Park,Seattle,0852SB,2025-06-23,Mon,13:07,560.0,390.0,340.0,57.59397046748992,3.0,True,20.8,69.4
Madison Park,Seattle,0852SB,2025-06-30,Mon,13:20,52.0,54.0,240.0,85.47762142978509,3.0,False,25.3,77.5
Madison Park,Seattle,0852SB,2025-07-07,Mon,09:17,15.0,14.0,20.0,65.80250004847757,3.0,False,21.7,71.1
Madison Park,Seattle,0852SB,2025-07-14,Mon,08:27,4.0,200.0,29.0,65.16544509613237,3.0,False,22.3,72.1
Madison Park,Seattle,0852SB,2025-07-21,Mon,13:17,110.0,110.0,470.0,78.74035346167024,4.0,True,23.8,74.8
Madison Park,Seattle,0852SB,2025-07-28,Mon,13:32,33.0,1000.0,130.0,65.1097072612154,2.0,True,24.5,76.1
Madison Park,Seattle,0852SB,2025-08-04,Mon,12:51,25.0,12.0,14.0,46.41109400362848,2.0,False,23.1,73.6
Madison Park,Seattle,0852SB,2025-08-11,Mon,09:40,14.0,27.0,51.0,51.37391365360378,2.0,False,23.3,73.9
Madison Park,Seattle,0852SB,2025-08-18,Mon,09:14,220.0,6800.0,430.0,101.6100790088902,4.0,True,21.9,71.4
Madison Park,Seattle,0852SB,2025-08-25,Mon,09:06,27.0,100.0,300.0,89.22986620085418,3.0,False,22.7,72.9
Madison Park,Seattle,0852SB,2025-09-02,Tue,12:38,54.0,54.0,13.0,65.10212237202308,2.0,False,20.8,69.4
Madison Park,Seattle,0852SB,2025-09-08,Mon,09:32,41.0,37.0,35.0,77.09900430662879,2.0,False,21.9,71.4
Madison Park,Seattle,0852SB,2025-09-15,Mon,12:56,760.0,230.0,94.0,120.8989669094261,3.0,True,22.3,72.1
Madison Park,Seattle,0852SB,2025-09-22,Mon,08:23,7.0,20.0,31.0,54.66322307508149,1.0,False,19.5,67.1
Madison Park,Seattle,0852SB,2025-09-29,Mon,09:55,,,,,,,19.4,66.9
Madison Park,Seattle,0852SB,2025-10-06,Mon,11:27,,,,,,,19.1,66.4
Madison Park,Seattle,0852SB,2025-10-14,Tue,07:39,,,,,,,16.0,60.8
Madison Park,Seattle,0852SB,2025-10-20,Mon,08:47,,,,,,,15.2,59.4
Madison Park,Seattle,0852SB,2026-05-11,Mon,09:03,1900.0,2900.0,2000.0,2225.3271412260933,3.0,True,15.8,60.4
Madison Park,Seattle,0852SB,2026-05-18,Mon,08:51,1.0,4.0,7.0,82.20342970863655,3.0,False,14.6,58.3
Madison Park,Seattle,0852SB,2026-05-26,Tue,12:51,5.0,1.0,9.0,28.85915236380133,3.0,False,16.0,60.8
Madison Park,Seattle,0852SB,2026-06-01,Mon,13:12,41.0,72.0,33.0,32.42887400663468,3.0,False,19.3,66.7
Madison Park,Seattle,0852SB,2026-06-08,Mon,09:04,12.0,19.0,100.0,31.569992979248603,3.0,False,16.6,61.9
Madison Park,Seattle,0852SB,2026-06-15,Mon,13:27,5.0,6.0,43.0,10.893523125593749,0.0,False,22.6,72.7
Madison Park,Seattle,0852SB,2026-06-22,Mon,13:09,23.0,15.0,49.0,16.693939526616745,0.0,False,21.9,71.4
Madison Park,Seattle,0852SB,2026-06-29,Mon,12:46,120.0,5.0,11.0,23.27989036650176,0.0,False,19.3,66.7
Madison Park,Seattle,0852SB,2026-07-06,Mon,08:35,8.0,5.0,24.0,17.108961935116728,0.0,False,20.2,68.4
Madison Park,Seattle,0852SB,2026-07-13,Mon,12:58,1.0,4.0,9.0,11.128795713173604,0.0,False,22.1,71.8
Madison Park,Seattle,0852SB,2026-07-20,Mon,12:58,28.0,35.0,35.0,13.84932045232063,0.0,False,23.7,74.7
Madison Park,Seattle,0852SB,2026-07-27,Mon,13:45,18.0,20.0,19.0,13.038606921872098,0.0,False,22.8,73.0
Madison Park,Seattle,0852SB,2026-08-03,Mon,13:04,36.0,280.0,110.0,18.34784847438021,0.0,False,22.7,72.9
Madison Park,Seattle,0852SB,2026-08-10,Mon,13:23,110.0,330.0,77.0,31.22675716673832,1.0,True,23.3,73.9
Madison Park,Seattle,0852SB,2026-08-17,Mon,13:48,12.0,32.0,100.0,49.704472324279145,1.0,False,24.0,75.2
Madison Park,Seattle,0852SB,2026-08-24,Mon,13:17,2.0,14.0,24.0,38.241402456027146,1.0,False,23.9,75.0
Madison Park,Seattle,0852SB,2026-08-31,Mon,00:00,12.0,44.0,98.0,43.76437569157586,1.0,False,,
Madrona,Seattle,SD007SB,2019-05-13,Mon,12:54,7.0,10.0,7.0,7.883735163105242,0.0,False,15.9,60.6
Madrona,Seattle,SD007SB,2019-05-20,Mon,12:45,2.0,3.0,2.0,4.2484406376281365,0.0,False,15.9,60.6
Madrona,Seattle,SD007SB,2019-05-28,Tue,08:40,71.0,210.0,32.0,11.214459001077218,0.0,False,15.7,60.3
Madrona,Seattle,SD007SB,2019-06-03,Mon,11:11,20.0,10.0,43.0,13.037929146990122,0.0,False,18.1,64.6
Madrona,Seattle,SD007SB,2019-06-10,Mon,13:01,5.0,6.0,11.0,11.483329395530545,0.0,False,19.9,67.8
Madrona,Seattle,SD007SB,2019-06-17,Mon,11:59,12.0,15.0,14.0,12.808003963767426,0.0,False,20.4,68.7
Madrona,Seattle,SD007SB,2019-06-24,Mon,11:34,4.0,7.0,18.0,16.432289313151305,0.0,False,19.2,66.6
Madrona,Seattle,SD007SB,2019-07-01,Mon,08:47,6.0,7.0,4.0,9.671121735226455,0.0,False,20.6,69.1
Madrona,Seattle,SD007SB,2019-07-08,Mon,15:23,2.0,1.0,3.0,5.957358055042159,0.0,False,21.4,70.5
Madrona,Seattle,SD007SB,2019-07-15,Mon,14:41,25.0,64.0,65.0,8.74221862774877,0.0,False,22.5,72.5
Madrona,Seattle,SD007SB,2019-07-22,Mon,11:26,10.0,13.0,4.0,7.869162555865961,0.0,False,22.6,72.7
Madrona,Seattle,SD007SB,2019-07-29,Mon,14:18,4.0,9.0,41.0,8.453545700627894,0.0,False,22.5,72.5
Madrona,Seattle,SD007SB,2019-08-05,Mon,12:10,11.0,8.0,8.0,9.300860486877577,0.0,False,24.1,75.4
Madrona,Seattle,SD007SB,2019-08-12,Mon,10:25,5.0,5.0,1.0,10.229216736913964,0.0,False,22.6,72.7
Madrona,Seattle,SD007SB,2019-08-19,Mon,12:11,38.0,1500.0,5.0,10.940314713395496,1.0,True,22.7,72.9
Madrona,Seattle,SD007SB,2019-08-26,Mon,14:42,1.0,6.0,10.0,9.473410192470102,1.0,False,23.6,74.5
Madrona,Seattle,SD007SB,2019-09-03,Tue,12:38,19.0,360.0,140.0,14.58745494563728,2.0,True,24.1,75.4
Madrona,Seattle,SD007SB,2019-09-09,Mon,14:37,68.0,55.0,310.0,23.901412664620256,2.0,False,21.4,70.5
Madrona,Seattle,SD007SB,2019-09-16,Mon,12:22,4.0,4.0,3.0,24.96377839957892,2.0,False,21.0,69.8
Madrona,Seattle,SD007SB,2019-09-23,Mon,09:25,,,,,,,19.0,66.2
Madrona,Seattle,SD007SB,2019-09-30,Mon,08:30,,,,,,,17.7,63.9
Madrona,Seattle,SD007SB,2019-10-07,Mon,09:47,,,,,,,16.3,61.3
Madrona,Seattle,SD007SB,2019-10-14,Mon,08:43,,,,,,,15.0,59.0
Madrona,Seattle,SD007SB,2019-10-21,Mon,08:55,,,,,,,13.6,56.5
Madrona,Seattle,SD007SB,2020-05-12,Tue,09:08,2.0,5.0,4.0,3.419951893353394,0.0,False,14.1,57.4
Madrona,Seattle,SD007SB,2020-05-19,Tue,09:12,16.0,5.0,5.0,5.019802884366822,0.0,False,15.7,60.3
Madrona,Seattle,SD007SB,2020-05-26,Tue,09:12,14.0,14.0,40.0,7.940104665094917,0.0,False,15.4,59.7
Madrona,Seattle,SD007SB,2020-06-02,Tue,09:30,5.0,3.0,4.0,6.653481310770878,0.0,False,17.2,63.0
Madrona,Seattle,SD007SB,2020-06-09,Tue,09:37,32.0,12.0,6.0,7.631407620238506,0.0,False,15.5,59.9
Madrona,Seattle,SD007SB,2020-06-16,Tue,12:06,1.0,1.0,8.0,6.854987245578752,0.0,False,16.3,61.3
Madrona,Seattle,SD007SB,2020-06-23,Tue,09:07,33.0,36.0,88.0,9.9347267339043,0.0,False,19.5,67.1
Madrona,Seattle,SD007SB,2020-06-30,Tue,08:29,120.0,12.0,7.0,10.1025782692108,0.0,False,17.8,64.0
Madrona,Seattle,SD007SB,2020-07-07,Tue,11:45,29.0,14.0,5.0,12.775812899291898,0.0,False,18.1,64.6
Madrona,Seattle,SD007SB,2020-07-14,Tue,09:00,38.0,95.0,83.0,17.67375095439036,0.0,False,21.1,70.0
Madrona,Seattle,SD007SB,2020-07-21,Tue,09:23,1000.0,470.0,18.0,44.560229884095634,2.0,True,22.5,72.5
Madrona,Seattle,SD007SB,2020-07-28,Tue,08:58,200.0,1800.0,870.0,75.98285340678106,4.0,True,22.4,72.3
Madrona,Seattle,SD007SB,2020-08-04,Tue,10:00,390.0,3400.0,2800.0,178.56582047018804,7.0,True,23.1,73.6
Madrona,Seattle,SD007SB,2020-08-11,Tue,09:21,91.0,71.0,45.0,248.6181028137597,7.0,False,22.3,72.1
Madrona,Seattle,SD007SB,2020-08-18,Tue,09:12,940.0,63.0,43.0,286.7408174579156,8.0,True,22.4,72.3
Madrona,Seattle,SD007SB,2020-08-25,Tue,09:56,22.0,56.0,560.0,242.6152396212077,7.0,True,22.7,72.9
Madrona,Seattle,SD007SB,2020-09-01,Tue,09:30,5.0,5.0,280.0,118.81460528664076,5.0,False,21.7,71.1
Madrona,Seattle,SD007SB,2020-09-08,Tue,09:26,8.0,16.0,14.0,45.058727869051154,2.0,False,21.6,70.9
Madrona,Seattle,SD007SB,2020-09-22,Tue,09:13,,,,,,,20.0,68.0
Madrona,Seattle,SD007SB,2020-09-29,Tue,09:55,,,,,,,18.5,65.3
Madrona,Seattle,SD007SB,2020-10-06,Tue,10:07,,,,,,,18.4,65.1
Madrona,Seattle,SD007SB,2020-10-13,Tue,09:37,,,,,,,16.7,62.1
Madrona,Seattle,SD007SB,2020-10-20,Tue,09:55,,,,,,,15.8,60.4
Madrona,Seattle,SD007SB,2020-10-27,Tue,09:51,,,,,,,13.6,56.5
Madrona,Seattle,SD007SB,2021-05-18,Tue,09:21,6.0,4.0,6.0,5.241482788417794,0.0,False,12.3,54.1
Madrona,Seattle,SD007SB,2021-05-25,Tue,12:46,30.0,22.0,20.0,11.129852373448808,0.0,False,15.0,59.0
Madrona,Seattle,SD007SB,2021-06-01,Tue,09:24,6.0,10.0,54.0,12.238273633281182,0.0,False,17.4,63.3
Madrona,Seattle,SD007SB,2021-06-08,Tue,09:36,6.0,13.0,120.0,14.019411180696675,0.0,False,17.2,63.0
Madrona,Seattle,SD007SB,2021-06-15,Tue,09:25,24.0,12.0,7.0,13.730399932259113,0.0,False,17.3,63.1
Madrona,Seattle,SD007SB,2021-06-22,Tue,11:13,20.0,16.0,16.0,17.42115796062446,0.0,False,20.9,69.6
Madrona,Seattle,SD007SB,2021-06-29,Tue,09:25,23.0,14.0,9.0,15.74630461134164,0.0,False,23.4,74.1
Madrona,Seattle,SD007SB,2021-07-06,Tue,09:00,6.0,3.0,4.0,12.216997387406463,0.0,False,23.0,73.4
Madrona,Seattle,SD007SB,2021-07-13,Tue,09:40,5.0,8.0,13.0,10.075802528014348,0.0,False,23.3,73.9
Madrona,Seattle,SD007SB,2021-07-20,Tue,09:23,7.0,14.0,1.0,8.23623413232393,0.0,False,22.6,72.7
Madrona,Seattle,SD007SB,2021-07-27,Tue,10:04,1.0,2.0,4.0,5.353650537032975,0.0,False,23.6,74.5
Madrona,Seattle,SD007SB,2021-08-03,Tue,09:45,1.0,8.0,32.0,4.5539975350110256,0.0,False,23.8,74.8
Madrona,Seattle,SD007SB,2021-08-10,Tue,09:46,4.0,1.0,1.0,3.755847563914074,0.0,False,23.1,73.6
Madrona,Seattle,SD007SB,2021-08-17,Tue,09:26,1.0,4.0,4.0,2.977938561369332,0.0,False,22.2,72.0
Madrona,Seattle,SD007SB,2021-08-24,Tue,08:52,1.0,3.0,5.0,2.6276856681771945,0.0,False,21.2,70.2
Madrona,Seattle,SD007SB,2021-08-31,Tue,09:04,12.0,12.0,6.0,3.590335192465297,0.0,False,19.5,67.1
Madrona,Seattle,SD007SB,2021-09-07,Tue,09:43,1.0,1.0,1.0,2.4807652229346893,0.0,False,20.7,69.3
Madrona,Seattle,SD007SB,2021-09-14,Tue,09:08,2.0,4.0,3.0,2.795518785865155,0.0,False,19.9,67.8
Madrona,Seattle,SD007SB,2021-09-21,Tue,09:38,1.0,2.0,9.0,2.8175561729022043,0.0,False,18.6,65.5
Madrona,Seattle,SD007SB,2021-09-28,Tue,10:10,,,,,,,17.1,62.8
Madrona,Seattle,SD007SB,2021-10-05,Tue,10:08,,,,,,,16.7,62.1
Madrona,Seattle,SD007SB,2021-10-12,Tue,09:28,,,,,,,14.9,58.8
Madrona,Seattle,SD007SB,2021-10-19,Tue,10:30,,,,,,,15.1,59.2
Madrona,Seattle,SD007SB,2021-10-26,Tue,09:38,,,,,,,12.9,55.2
Madrona,Seattle,SD007SB,2022-05-16,Mon,09:48,71.0,64.0,39.0,56.16955414111582,0.0,False,12.3,54.1
Madrona,Seattle,SD007SB,2022-05-23,Mon,09:24,21.0,19.0,17.0,32.60774688265862,0.0,False,14.9,58.8
Madrona,Seattle,SD007SB,2022-05-31,Tue,09:16,14.0,23.0,110.0,32.68530856685487,0.0,False,14.9,58.8
Madrona,Seattle,SD007SB,2022-06-06,Mon,08:57,5.0,11.0,24.0,24.877817041518288,0.0,False,15.3,59.5
Madrona,Seattle,SD007SB,2022-06-13,Mon,09:18,5.0,7.0,3.0,17.84003774623724,0.0,False,15.6,60.1
Madrona,Seattle,SD007SB,2022-06-21,Tue,08:51,7.0,4.0,3.0,10.70978763706352,0.0,False,17.7,63.9
Madrona,Seattle,SD007SB,2022-06-27,Mon,08:58,92.0,110.0,74.0,14.65481095125126,0.0,False,20.1,68.2
Madrona,Seattle,SD007SB,2022-07-05,Tue,09:03,6.0,13.0,36.0,12.376279920820028,0.0,False,18.9,66.0
Madrona,Seattle,SD007SB,2022-07-11,Mon,08:43,38.0,74.0,240.0,18.757154915067428,0.0,False,21.1,70.0
Madrona,Seattle,SD007SB,2022-07-18,Mon,09:56,32.0,32.0,32.0,27.50749278070783,0.0,False,20.9,69.6
Madrona,Seattle,SD007SB,2022-07-25,Mon,08:54,10.0,23.0,25.0,36.45946107874922,0.0,False,22.6,72.7
Madrona,Seattle,SD007SB,2022-08-01,Mon,09:36,97.0,86.0,25.0,33.48087316736385,0.0,False,25.9,78.6
Madrona,Seattle,SD007SB,2022-08-08,Mon,08:41,13.0,34.0,220.0,42.4059339077926,0.0,False,23.3,73.9
Madrona,Seattle,SD007SB,2022-08-15,Mon,09:07,6.0,1.0,5.0,21.74133853896342,0.0,False,22.9,73.2
Madrona,Seattle,SD007SB,2022-08-22,Mon,08:06,21.0,23.0,16.0,19.745164540143257,0.0,False,23.2,73.8
Madrona,Seattle,SD007SB,2022-08-29,Mon,09:16,1.0,2.0,120.0,15.97706432168894,0.0,False,22.4,72.3
Madrona,Seattle,SD007SB,2022-09-06,Tue,08:48,10.0,10.0,10.0,11.191362691840556,0.0,False,21.4,70.5
Madrona,Seattle,SD007SB,2022-09-12,Mon,09:27,8.0,6.0,4.0,7.388904542031409,0.0,False,20.2,68.4
Madrona,Seattle,SD007SB,2022-09-19,Mon,09:40,1.0,1.0,2.0,6.168420502061836,0.0,False,19.9,67.8
Madrona,Seattle,SD007SB,2022-09-26,Mon,09:22,,,,,,,19.6,67.3
Madrona,Seattle,SD007SB,2022-10-03,Mon,09:12,,,,,,,19.2,66.6
Madrona,Seattle,SD007SB,2022-10-11,Tue,09:53,,,,,,,18.7,65.7
Madrona,Seattle,SD007SB,2022-10-17,Mon,09:27,,,,,,,17.6,63.7
Madrona,Seattle,SD007SB,2022-10-24,Mon,09:45,,,,,,,15.6,60.1
Madrona,Seattle,SD007SB,2023-05-15,Mon,08:47,100.0,1500.0,140.0,275.8924176381121,1.0,True,17.9,64.2
Madrona,Seattle,SD007SB,2023-05-22,Mon,08:40,15.0,19.0,33.0,76.31261734578695,1.0,False,17.6,63.7
Madrona,Seattle,SD007SB,2023-05-30,Tue,09:44,11.0,9.0,8.0,37.76981072542732,1.0,False,17.9,64.2
Madrona,Seattle,SD007SB,2023-06-05,Mon,09:34,9.0,6.0,16.0,26.76505159381872,1.0,False,18.7,65.7
Madrona,Seattle,SD007SB,2023-06-12,Mon,09:53,23.0,50.0,320.0,32.59199831157284,1.0,False,20.2,68.4
Madrona,Seattle,SD007SB,2023-06-20,Tue,08:02,28.0,23.0,7.0,18.559315871574785,0.0,False,17.1,62.8
Madrona,Seattle,SD007SB,2023-06-26,Mon,08:29,41.0,42.0,38.0,21.12155197584157,0.0,False,19.0,66.2
Madrona,Seattle,SD007SB,2023-07-05,Wed,08:29,67.0,17.0,370.0,43.48750514737476,1.0,True,22.6,72.7
Madrona,Seattle,SD007SB,2023-07-10,Mon,10:44,30.0,16.0,13.0,36.6187824754976,1.0,False,21.3,70.3
Madrona,Seattle,SD007SB,2023-07-17,Mon,11:48,41.0,86.0,3.0,28.902868708535504,1.0,False,23.5,74.3
Madrona,Seattle,SD007SB,2023-07-24,Mon,09:34,15.0,5.0,5.0,24.4874807425469,1.0,False,22.7,72.9
Madrona,Seattle,SD007SB,2023-07-31,Mon,08:46,1.0,1.0,1.0,11.69202291580483,1.0,False,22.2,72.0
Madrona,Seattle,SD007SB,2023-08-07,Mon,09:14,15.0,120.0,23.0,10.016315230787496,0.0,False,22.5,72.5
Madrona,Seattle,SD007SB,2023-08-14,Mon,09:14,9.0,6.0,14.0,8.701560240523571,0.0,False,23.4,74.1
Madrona,Seattle,SD007SB,2023-08-21,Mon,08:30,16.0,18.0,12.0,8.07622623084176,0.0,False,22.5,72.5
Madrona,Seattle,SD007SB,2023-08-28,Mon,08:27,40.0,35.0,30.0,11.061728902902011,0.0,False,21.8,71.2
Madrona,Seattle,SD007SB,2023-09-05,Tue,09:07,3.0,1.0,2.0,12.465214630681016,0.0,False,20.2,68.4
Madrona,Seattle,SD007SB,2023-09-11,Mon,08:35,8.0,3.0,5.0,8.44329223421201,0.0,False,20.2,68.4
Madrona,Seattle,SD007SB,2023-09-18,Mon,09:54,4.0,5.0,6.0,7.468311968170808,0.0,False,19.9,67.8
Madrona,Seattle,SD007SB,2023-09-25,Mon,08:23,,,,,,,18.2,64.8
Madrona,Seattle,SD007SB,2023-10-02,Mon,09:48,,,,,,,16.9,62.4
Madrona,Seattle,SD007SB,2023-10-10,Tue,15:12,,,,,,,,
Madrona,Seattle,SD007SB,2023-10-16,Mon,09:32,,,,,,,16.1,61.0
Madrona,Seattle,SD007SB,2023-10-23,Mon,08:52,,,,,,,15.2,59.4
Madrona,Seattle,SD007SB,2024-05-13,Mon,08:45,6.0,5.0,3.0,4.481404746557165,0.0,False,15.3,59.5
Madrona,Seattle,SD007SB,2024-05-20,Mon,08:01,14.0,19.0,16.0,8.521983482796935,0.0,False,14.4,57.9
Madrona,Seattle,SD007SB,2024-05-28,Tue,09:15,9.0,8.0,13.0,8.92282180110876,0.0,False,14.2,57.6
Madrona,Seattle,SD007SB,2024-06-03,Mon,09:53,120.0,190.0,190.0,18.447352029395365,0.0,False,13.7,56.7
Madrona,Seattle,SD007SB,2024-06-10,Mon,08:38,1200.0,1400.0,2800.0,45.4546567520083,3.0,True,15.3,59.5
Madrona,Seattle,SD007SB,2024-06-17,Mon,10:59,5.0,5.0,13.0,49.51701303982337,3.0,False,16.3,61.3
Madrona,Seattle,SD007SB,2024-06-24,Mon,09:18,6.0,14.0,14.0,45.448004523861634,3.0,False,18.0,64.4
Madrona,Seattle,SD007SB,2024-07-01,Mon,10:53,3.0,8.0,110.0,48.70086683604742,3.0,False,20.1,68.2
Madrona,Seattle,SD007SB,2024-07-08,Mon,11:19,96.0,110.0,38.0,41.55793528951431,3.0,False,24.6,76.3
Madrona,Seattle,SD007SB,2024-07-15,Mon,11:52,43.0,54.0,46.0,20.373429685587432,0.0,False,23.6,74.5
Madrona,Seattle,SD007SB,2024-07-22,Mon,11:39,5.0,1.0,1.0,15.424221536239466,0.0,False,23.1,73.6
Madrona,Seattle,SD007SB,2024-07-29,Mon,12:58,2.0,3.0,3.0,11.673316655545165,0.0,False,21.7,71.1
Madrona,Seattle,SD007SB,2024-08-05,Mon,11:49,16.0,33.0,5.0,11.673316655545165,0.0,False,24.3,75.7
Madrona,Seattle,SD007SB,2024-08-12,Mon,08:46,18.0,11.0,2.0,7.358864020332219,0.0,False,21.4,70.5
Madrona,Seattle,SD007SB,2024-08-19,Mon,08:09,3.0,49.0,45.0,6.113239792660415,0.0,False,21.5,70.7
Madrona,Seattle,SD007SB,2024-08-26,Mon,12:53,11.0,36.0,61.0,10.761556723252928,0.0,False,21.6,70.9
Madrona,Seattle,SD007SB,2024-09-03,Tue,11:46,150.0,190.0,460.0,26.466536488634528,1.0,True,20.9,69.6
Madrona,Seattle,SD007SB,2024-09-09,Mon,12:22,50.0,31.0,170.0,35.97290889238628,1.0,False,21.0,69.8
Madrona,Seattle,SD007SB,2024-09-16,Mon,12:02,9.0,48.0,59.0,47.4844701064654,1.0,False,20.1,68.2
Madrona,Seattle,SD007SB,2024-09-23,Mon,14:31,,,,,,,20.6,69.1
Madrona,Seattle,SD007SB,2024-09-30,Mon,11:50,,,,,,,19.0,66.2
Madrona,Seattle,SD007SB,2024-10-07,Mon,08:59,,,,,,,17.3,63.1
Madrona,Seattle,SD007SB,2024-10-15,Tue,08:49,,,,,,,16.6,61.9
Madrona,Seattle,SD007SB,2024-10-21,Mon,13:01,,,,,,,15.6,60.1
Madrona,Seattle,SD007SB,2025-05-12,Mon,09:15,3.0,2.0,3.0,2.620741394208897,0.0,False,14.3,57.7
Madrona,Seattle,SD007SB,2025-05-19,Mon,09:19,200.0,210.0,85.0,20.01351880131868,0.0,False,14.0,57.2
Madrona,Seattle,SD007SB,2025-05-27,Tue,09:17,10.0,23.0,18.0,18.59678609849548,0.0,False,15.9,60.6
Madrona,Seattle,SD007SB,2025-06-02,Mon,09:41,110.0,36.0,74.0,25.565580829636595,0.0,False,17.5,63.5
Madrona,Seattle,SD007SB,2025-06-09,Mon,09:39,17.0,38.0,520.0,31.22771846505075,1.0,True,21.9,71.4
Madrona,Seattle,SD007SB,2025-06-16,Mon,12:58,34.0,70.0,36.0,54.91791646629684,1.0,False,21.2,70.2
Madrona,Seattle,SD007SB,2025-06-23,Mon,12:51,14.0,17.0,870.0,45.42301090048172,2.0,True,20.5,68.9
Madrona,Seattle,SD007SB,2025-06-30,Mon,13:06,83.0,35.0,5.0,49.38749192978677,2.0,False,23.2,73.8
Madrona,Seattle,SD007SB,2025-07-07,Mon,09:42,1.0,4.0,3.0,25.182601577658836,2.0,False,21.5,70.7
Madrona,Seattle,SD007SB,2025-07-14,Mon,08:43,1.0,1.0,3.0,11.600933945036765,1.0,False,22.4,72.3
Madrona,Seattle,SD007SB,2025-07-21,Mon,13:00,1.0,1.0,1.0,5.44044373803565,1.0,False,24.5,76.1
Madrona,Seattle,SD007SB,2025-07-28,Mon,13:16,14.0,18.0,8.0,3.9950965366377,0.0,False,24.6,76.3
Madrona,Seattle,SD007SB,2025-08-04,Mon,12:35,28.0,76.0,71.0,4.670193410479058,0.0,False,22.8,73.0
Madrona,Seattle,SD007SB,2025-08-11,Mon,10:06,4.0,2.0,3.0,4.891066111230337,0.0,False,23.6,74.5
Madrona,Seattle,SD007SB,2025-08-18,Mon,09:31,11.0,4.0,10.0,6.820647856260101,0.0,False,21.6,70.9
Madrona,Seattle,SD007SB,2025-08-25,Mon,09:24,33.0,12.0,39.0,12.974071313495696,0.0,False,23.4,74.1
Madrona,Seattle,SD007SB,2025-09-02,Tue,12:23,1.0,1.0,7.0,8.89440255740514,0.0,False,21.3,70.3
Madrona,Seattle,SD007SB,2025-09-08,Mon,09:54,480.0,49.0,24.0,9.711314539124984,1.0,True,21.9,71.4
Madrona,Seattle,SD007SB,2025-09-15,Mon,12:41,1.0,3.0,61.0,11.11972406893916,1.0,False,22.1,71.8
Madrona,Seattle,SD007SB,2025-09-22,Mon,08:39,,,,,,,19.6,67.3
Madrona,Seattle,SD007SB,2025-09-29,Mon,10:06,,,,,,,19.1,66.4
Madrona,Seattle,SD007SB,2025-10-06,Mon,11:15,,,,,,,19.1,66.4
Madrona,Seattle,SD007SB,2025-10-14,Tue,07:53,,,,,,,16.3,61.3
Madrona,Seattle,SD007SB,2025-10-20,Mon,08:59,,,,,,,14.7,58.5
Madrona,Seattle,SD007SB,2026-05-11,Mon,09:20,3.0,7.0,3.0,3.9790572078963913,0.0,False,15.5,59.9
Madrona,Seattle,SD007SB,2026-05-18,Mon,09:14,1.0,32.0,7.0,4.915844024368663,0.0,False,14.5,58.1
Madrona,Seattle,SD007SB,2026-05-26,Tue,12:38,23.0,27.0,40.0,8.900523952143878,0.0,False,15.3,59.5
Madrona,Seattle,SD007SB,2026-06-01,Mon,12:57,6.0,9.0,5.0,8.216281814849959,0.0,False,19.5,67.1
Madrona,Seattle,SD007SB,2026-06-08,Mon,09:22,1.0,1.0,6.0,6.075989456738512,0.0,False,16.4,61.5
Madrona,Seattle,SD007SB,2026-06-15,Mon,13:09,98.0,23.0,130.0,10.668928203593236,0.0,False,22.8,73.0
Madrona,Seattle,SD007SB,2026-06-22,Mon,12:53,8.0,6.0,5.0,10.718113230252635,0.0,False,22.7,72.9
Madrona,Seattle,SD007SB,2026-06-29,Mon,12:32,5.0,2.0,1.0,6.364655497111539,0.0,False,19.0,66.2
Madrona,Seattle,SD007SB,2026-07-06,Mon,08:54,1.0,7.0,36.0,6.3354483275679545,0.0,False,20.3,68.5
Madrona,Seattle,SD007SB,2026-07-13,Mon,12:43,4.0,2.0,1.0,6.458127312347297,0.0,False,22.2,72.0
Madrona,Seattle,SD007SB,2026-07-20,Mon,12:42,1.0,1.0,1.0,2.790273565104169,0.0,False,23.4,74.1
Madrona,Seattle,SD007SB,2026-07-27,Mon,13:28,720.0,4.0,2.0,3.44874328129776,1.0,True,23.3,73.9
Madrona,Seattle,SD007SB,2026-08-03,Mon,12:45,1.0,4.0,1.0,3.244378640193115,1.0,False,22.3,72.1
Madrona,Seattle,SD007SB,2026-08-10,Mon,13:02,2.0,1.0,2.0,2.461362030944536,1.0,False,22.8,73.0
Madrona,Seattle,SD007SB,2026-08-17,Mon,13:30,1.0,1.0,2.0,2.2440791160954583,1.0,False,24.2,75.6
Madrona,Seattle,SD007SB,2026-08-24,Mon,13:00,11.0,13.0,32.0,3.936140255744751,1.0,False,24.1,75.4
Madrona,Seattle,SD007SB,2026-08-31,Mon,00:00,9.0,8.0,20.0,3.5886675892817803,0.0,False,,
Magnuson,Seattle,0826SB,2019-05-13,Mon,13:40,15.0,12.0,5.0,9.654893846056297,0.0,False,16.4,61.5
Magnuson,Seattle,0826SB,2019-05-20,Mon,13:13,1000.0,1200.0,12000.0,153.26188647871064,3.0,True,16.9,62.4
Magnuson,Seattle,0826SB,2019-05-23,Thu,07:45,2.0,1.0,4.0,,,False,17.2,63.0
Magnuson,Seattle,0826SB,2019-05-28,Tue,10:23,10.0,15.0,33.0,73.7000529793279,3.0,False,16.6,61.9
Magnuson,Seattle,0826SB,2019-06-03,Mon,13:27,33.0,11.0,43.0,56.240448245576125,3.0,False,19.9,67.8
Magnuson,Seattle,0826SB,2019-06-10,Mon,13:34,11.0,250.0,5.0,47.41610383541791,3.0,False,19.8,67.6
Magnuson,Seattle,0826SB,2019-06-17,Mon,13:52,1.0,1.0,5.0,33.54087321107353,3.0,False,21.7,71.1
Magnuson,Seattle,0826SB,2019-06-24,Mon,13:53,1.0,5.0,1.0,7.851419804320188,0.0,False,20.4,68.7
Magnuson,Seattle,0826SB,2019-07-01,Mon,10:18,11.0,30.0,5.0,7.296928914462645,0.0,False,21.6,70.9
Magnuson,Seattle,0826SB,2019-07-08,Mon,12:25,18.0,51.0,7.0,6.877720004328708,0.0,False,21.5,70.7
Magnuson,Seattle,0826SB,2019-07-15,Mon,12:54,17.0,2.0,32.0,5.807638442352069,0.0,False,21.9,71.4
Magnuson,Seattle,0826SB,2019-07-22,Mon,12:53,22.0,14.0,34.0,9.669489509698524,0.0,False,23.2,73.8
Magnuson,Seattle,0826SB,2019-07-29,Mon,12:17,31.0,150.0,15.0,18.268735741974968,0.0,False,24.7,76.5
Magnuson,Seattle,0826SB,2019-08-05,Mon,13:19,19.0,40.0,11.0,20.35588471689564,0.0,False,24.6,76.3
Magnuson,Seattle,0826SB,2019-08-12,Mon,10:37,3.0,4.0,4.0,14.686219573236176,0.0,False,23.5,74.3
Magnuson,Seattle,0826SB,2019-08-16,Fri,13:53,1.0,5.0,4.0,,,False,,
Magnuson,Seattle,0826SB,2019-08-19,Mon,12:40,3.0,9.0,5.0,12.778807910327036,0.0,False,23.1,73.6
Magnuson,Seattle,0826SB,2019-08-26,Mon,13:02,40.0,28.0,8.0,12.646651965765184,0.0,False,22.7,72.9
Magnuson,Seattle,0826SB,2019-09-03,Tue,08:58,14.0,14.0,43.0,10.98468450710616,0.0,False,21.9,71.4
Magnuson,Seattle,0826SB,2019-09-09,Mon,11:51,260.0,40.0,920.0,17.56690478119592,1.0,True,21.2,70.2
Magnuson,Seattle,0826SB,2019-09-16,Mon,13:50,8.0,11.0,25.0,22.669433991662952,1.0,False,21.2,70.2
Magnuson,Seattle,0826SB,2019-09-23,Mon,11:12,,,,,,,18.9,66.0
Magnuson,Seattle,0826SB,2019-09-30,Mon,10:09,,,,,,,17.1,62.8
Magnuson,Seattle,0826SB,2019-10-07,Mon,10:32,,,,,,,16.1,61.0
Magnuson,Seattle,0826SB,2019-10-14,Mon,10:25,,,,,,,15.3,59.5
Magnuson,Seattle,0826SB,2019-10-21,Mon,11:18,,,,,,,13.7,56.7
Magnuson,Seattle,0826SB,2020-05-12,Tue,09:51,1.0,1.0,1.0,1.0,0.0,False,15.1,59.2
Magnuson,Seattle,0826SB,2020-05-19,Tue,09:57,1.0,1.0,1.0,1.0,0.0,False,16.2,61.2
Magnuson,Seattle,0826SB,2020-05-26,Tue,09:42,30.0,23.0,12.0,2.7248130091474567,0.0,False,16.6,61.9
Magnuson,Seattle,0826SB,2020-06-02,Tue,09:18,3.0,4.0,5.0,2.9831960748600954,0.0,False,17.8,64.0
Magnuson,Seattle,0826SB,2020-06-09,Tue,07:30,3.0,2.0,4.0,2.963190153876336,0.0,False,15.9,60.6
Magnuson,Seattle,0826SB,2020-06-16,Tue,10:19,1.0,4.0,5.0,3.618219042498733,0.0,False,16.7,62.1
Magnuson,Seattle,0826SB,2020-06-23,Tue,10:50,6.0,3.0,5.0,4.8840228702322985,0.0,False,20.7,69.3
Magnuson,Seattle,0826SB,2020-06-29,Mon,10:32,5.0,6.0,4.0,3.682881536317766,0.0,False,18.9,66.0
Magnuson,Seattle,0826SB,2020-07-07,Tue,10:33,16.0,22.0,20.0,5.05998438711603,0.0,False,18.5,65.3
Magnuson,Seattle,0826SB,2020-07-14,Tue,10:25,31.0,67.0,100.0,9.260423757056536,0.0,False,20.8,69.4
Magnuson,Seattle,0826SB,2020-07-21,Tue,09:16,72.0,16.0,100.0,16.493988699640173,0.0,False,22.6,72.7
Magnuson,Seattle,0826SB,2020-07-28,Tue,10:21,7.0,14.0,14.0,19.778793647216457,0.0,False,23.3,73.9
Magnuson,Seattle,0826SB,2020-08-04,Tue,10:20,38.0,15.0,5.0,24.42928223884456,0.0,False,23.0,73.4
Magnuson,Seattle,0826SB,2020-08-11,Tue,11:00,41.0,130.0,12.0,28.300868287255028,0.0,False,23.0,73.4
Magnuson,Seattle,0826SB,2020-08-18,Tue,09:00,5.0,2.0,7.0,16.60773971375482,0.0,False,22.1,71.8
Magnuson,Seattle,0826SB,2020-08-25,Tue,09:42,14.0,9.0,1.0,10.541564428318894,0.0,False,22.2,72.0
Magnuson,Seattle,0826SB,2020-09-01,Tue,11:00,250.0,16.0,14.0,13.49876370614835,0.0,False,22.0,71.6
Magnuson,Seattle,0826SB,2020-09-08,Tue,10:50,15.0,7.0,28.0,13.526771688164278,0.0,False,21.6,70.9
Magnuson,Seattle,0826SB,2020-09-22,Tue,10:04,,,,,,,19.5,67.1
Magnuson,Seattle,0826SB,2020-09-29,Tue,10:34,,,,,,,19.4,66.9
Magnuson,Seattle,0826SB,2020-10-06,Tue,13:24,,,,,,,19.6,67.3
Magnuson,Seattle,0826SB,2020-10-13,Tue,10:40,,,,,,,17.1,62.8
Magnuson,Seattle,0826SB,2020-10-20,Tue,10:42,,,,,,,16.0,60.8
Magnuson,Seattle,0826SB,2020-10-27,Tue,10:20,,,,,,,13.9,57.0
Magnuson,Seattle,0826SB,2021-05-18,Tue,10:38,7.0,6.0,9.0,7.230426792525691,0.0,False,14.1,57.4
Magnuson,Seattle,0826SB,2021-05-25,Tue,09:42,5.0,10.0,9.0,7.443617568993924,0.0,False,15.4,59.7
Magnuson,Seattle,0826SB,2021-06-01,Tue,10:06,6.0,10.0,25.0,8.591883842268103,0.0,False,18.1,64.6
Magnuson,Seattle,0826SB,2021-06-08,Tue,09:55,85.0,140.0,1.0,10.969711632774912,0.0,False,18.2,64.8
Magnuson,Seattle,0826SB,2021-06-15,Tue,10:29,6.0,7.0,6.0,9.823122010075943,0.0,False,18.7,65.7
Magnuson,Seattle,0826SB,2021-06-22,Tue,09:29,11.0,12.0,7.0,10.426251973690787,0.0,False,21.2,70.2
Magnuson,Seattle,0826SB,2021-06-29,Tue,11:14,5.0,4.0,5.0,9.431498836326814,0.0,False,25.1,77.2
Magnuson,Seattle,0826SB,2021-07-06,Tue,09:58,11.0,5.0,2.0,7.923811652714483,0.0,False,23.3,73.9
Magnuson,Seattle,0826SB,2021-07-13,Tue,10:40,36.0,14.0,22.0,7.886565131287991,0.0,False,24.7,76.5
Magnuson,Seattle,0826SB,2021-07-20,Tue,10:30,5.0,2.0,4.0,6.975872340305601,0.0,False,22.7,72.9
Magnuson,Seattle,0826SB,2021-07-27,Tue,09:19,15.0,37.0,23.0,8.310397185381754,0.0,False,23.2,73.8
Magnuson,Seattle,0826SB,2021-08-03,Tue,11:15,8.0,73.0,8.0,10.73796464735083,0.0,False,24.6,76.3
Magnuson,Seattle,0826SB,2021-08-10,Tue,08:59,41.0,36.0,16.0,15.359469414690905,0.0,False,22.3,72.1
Magnuson,Seattle,0826SB,2021-08-17,Tue,11:20,1.0,1.0,1.0,8.25504285738365,0.0,False,22.8,73.0
Magnuson,Seattle,0826SB,2021-08-24,Tue,09:59,1.0,1.0,5.0,7.186432209528983,0.0,False,21.6,70.9
Magnuson,Seattle,0826SB,2021-08-31,Tue,09:24,2.0,9.0,6.0,5.228055575690938,0.0,False,20.2,68.4
Magnuson,Seattle,0826SB,2021-09-07,Tue,10:37,10.0,1.0,13.0,4.117524861915912,0.0,False,21.5,70.7
Magnuson,Seattle,0826SB,2021-09-14,Tue,10:13,2.0,97.0,11.0,3.5078049382251733,0.0,False,20.3,68.5
Magnuson,Seattle,0826SB,2021-09-21,Tue,10:36,73.0,110.0,4.0,7.00627432217431,0.0,False,19.3,66.7
Magnuson,Seattle,0826SB,2021-09-28,Tue,10:53,,,,,,,17.2,63.0
Magnuson,Seattle,0826SB,2021-10-05,Tue,09:55,,,,,,,16.6,61.9
Magnuson,Seattle,0826SB,2021-10-12,Tue,10:00,,,,,,,15.2,59.4
Magnuson,Seattle,0826SB,2021-10-19,Tue,09:43,,,,,,,14.3,57.7
Magnuson,Seattle,0826SB,2021-10-26,Tue,09:32,,,,,,,13.9,57.0
Magnuson,Seattle,0826SB,2022-05-16,Mon,09:43,1.0,3.0,2.0,1.81712059283214,0.0,False,12.6,54.7
Magnuson,Seattle,0826SB,2022-05-23,Mon,10:01,1.0,1.0,1.0,1.3480061545972777,0.0,False,14.7,58.5
Magnuson,Seattle,0826SB,2022-05-31,Tue,09:24,2.0,6.0,4.0,1.8761425449123872,0.0,False,15.3,59.5
Magnuson,Seattle,0826SB,2022-06-06,Mon,09:26,29.0,28.0,12.0,3.446229112863347,0.0,False,15.9,60.6
Magnuson,Seattle,0826SB,2022-06-13,Mon,09:59,14.0,5.0,23.0,4.402138571711913,0.0,False,16.6,61.9
Magnuson,Seattle,0826SB,2022-06-21,Tue,09:54,31.0,100.0,39.0,8.523449243450921,0.0,False,17.5,63.5
Magnuson,Seattle,0826SB,2022-06-27,Mon,09:58,1.0,33.0,1.0,10.760925927723257,0.0,False,19.7,67.5
Magnuson,Seattle,0826SB,2022-07-05,Tue,09:50,27.0,31.0,74.0,17.34725268749657,0.0,False,19.2,66.6
Magnuson,Seattle,0826SB,2022-07-11,Mon,09:46,61.0,44.0,24.0,19.674987714447244,0.0,False,21.6,70.9
Magnuson,Seattle,0826SB,2022-07-18,Mon,09:47,13.0,7.0,1.0,16.245341213458815,0.0,False,20.6,69.1
Magnuson,Seattle,0826SB,2022-07-25,Mon,09:49,15.0,190.0,95.0,17.14240094216024,0.0,False,23.2,73.8
Magnuson,Seattle,0826SB,2022-08-01,Mon,10:02,11.0,98.0,5.0,24.077421203497376,0.0,False,25.8,78.4
Magnuson,Seattle,0826SB,2022-08-08,Mon,10:11,2.0,8.0,5.0,15.453214189978183,0.0,False,24.6,76.3
Magnuson,Seattle,0826SB,2022-08-15,Mon,10:21,35.0,23.0,30.0,14.474838148356405,0.0,False,24.5,76.1
Magnuson,Seattle,0826SB,2022-08-22,Mon,10:33,31.0,110.0,32.0,23.220482906023896,0.0,False,24.2,75.6
Magnuson,Seattle,0826SB,2022-08-29,Mon,10:54,2.0,3.0,4.0,12.465626179587543,0.0,False,23.7,74.7
Magnuson,Seattle,0826SB,2022-09-06,Tue,09:43,1.0,1.0,11.0,8.248361638330733,0.0,False,22.0,71.6
Magnuson,Seattle,0826SB,2022-09-12,Mon,10:26,63.0,290.0,66.0,15.664403447054758,0.0,False,20.9,69.6
Magnuson,Seattle,0826SB,2022-09-19,Mon,10:30,2.0,54.0,1.0,10.921466756413636,0.0,False,20.0,68.0
Magnuson,Seattle,0826SB,2022-09-26,Mon,09:40,,,,,,,19.3,66.7
Magnuson,Seattle,0826SB,2022-10-03,Mon,10:23,,,,,,,19.5,67.1
Magnuson,Seattle,0826SB,2022-10-11,Tue,10:15,,,,,,,18.5,65.3
Magnuson,Seattle,0826SB,2022-10-17,Mon,10:10,,,,,,,17.9,64.2
Magnuson,Seattle,0826SB,2022-10-24,Mon,10:32,,,,,,,15.7,60.3
Magnuson,Seattle,0826SB,2023-05-15,Mon,09:28,11.0,160.0,7.0,23.096007005830916,0.0,False,16.8,62.2
Magnuson,Seattle,0826SB,2023-05-22,Mon,10:48,3.0,40.0,19.0,17.435092633186557,0.0,False,18.5,65.3
Magnuson,Seattle,0826SB,2023-05-30,Tue,10:50,1.0,2.0,2.0,7.843532986630622,0.0,False,18.6,65.5
Magnuson,Seattle,0826SB,2023-06-05,Mon,10:17,9.0,15.0,7.0,8.295383074669223,0.0,False,18.7,65.7
Magnuson,Seattle,0826SB,2023-06-12,Mon,10:43,4.0,5.0,13.0,7.8716790821134595,0.0,False,20.0,68.0
Magnuson,Seattle,0826SB,2023-06-20,Tue,09:50,23.0,12.0,15.0,7.319701247030474,0.0,False,17.4,63.3
Magnuson,Seattle,0826SB,2023-06-26,Mon,09:57,72.0,59.0,61.0,10.03533763647888,0.0,False,19.9,67.8
Magnuson,Seattle,0826SB,2023-07-05,Wed,09:37,6.0,6.0,5.0,13.858940963996636,0.0,False,22.9,73.2
Magnuson,Seattle,0826SB,2023-07-10,Mon,09:09,9.0,5.0,7.0,12.020930125988064,0.0,False,22.1,71.8
Magnuson,Seattle,0826SB,2023-07-17,Mon,10:25,11.0,8.0,3.0,12.033171635873911,0.0,False,22.7,72.9
Magnuson,Seattle,0826SB,2023-07-24,Mon,08:38,19.0,58.0,30.0,13.82081366838046,0.0,False,21.9,71.4
Magnuson,Seattle,0826SB,2023-07-31,Mon,10:52,4.0,4.0,2.0,7.585356339043276,0.0,False,23.0,73.4
Magnuson,Seattle,0826SB,2023-08-07,Mon,09:50,13.0,5.0,5.0,7.8901158132206675,0.0,False,22.3,72.1
Magnuson,Seattle,0826SB,2023-08-14,Mon,10:47,44.0,45.0,29.0,11.163495977777188,0.0,False,23.8,74.8
Magnuson,Seattle,0826SB,2023-08-21,Mon,09:37,1.0,12.0,3.0,9.774925554251162,0.0,False,23.0,73.4
Magnuson,Seattle,0826SB,2023-08-28,Mon,09:15,19.0,21.0,11.0,8.54379804141179,0.0,False,22.0,71.6
Magnuson,Seattle,0826SB,2023-09-05,Tue,09:01,17.0,270.0,5.0,13.244223105325924,0.0,False,20.3,68.5
Magnuson,Seattle,0826SB,2023-09-11,Mon,09:19,39.0,42.0,39.0,18.833288717955853,0.0,False,21.9,71.4
Magnuson,Seattle,0826SB,2023-09-18,Mon,09:51,7.0,5.0,12.0,13.568710330267033,0.0,False,19.3,66.7
Magnuson,Seattle,0826SB,2023-09-25,Mon,10:43,,,,,,,18.6,65.5
Magnuson,Seattle,0826SB,2023-10-02,Mon,09:20,,,,,,,16.6,61.9
Magnuson,Seattle,0826SB,2023-10-10,Tue,09:48,,,,,,,,
Magnuson,Seattle,0826SB,2023-10-16,Mon,10:12,,,,,,,16.3,61.3
Magnuson,Seattle,0826SB,2023-10-23,Mon,09:20,,,,,,,15.3,59.5
Magnuson,Seattle,0826SB,2024-05-13,Mon,08:55,1.0,3.0,1.0,1.4422495703074083,0.0,False,15.4,59.7
Magnuson,Seattle,0826SB,2024-05-20,Mon,09:47,7.0,6.0,8.0,3.166480044138786,0.0,False,14.7,58.5
Magnuson,Seattle,0826SB,2024-05-28,Tue,09:13,2.0,3.0,6.0,3.211000232305523,0.0,False,14.3,57.7
Magnuson,Seattle,0826SB,2024-06-03,Mon,09:33,78.0,210.0,60.0,7.574471718966475,0.0,False,14.1,57.4
Magnuson,Seattle,0826SB,2024-06-10,Mon,10:26,35.0,23.0,14.0,9.410444545042486,0.0,False,16.5,61.7
Magnuson,Seattle,0826SB,2024-06-17,Mon,09:02,7.0,14.0,9.0,13.74569263426036,0.0,False,16.0,60.8
Magnuson,Seattle,0826SB,2024-06-24,Mon,09:52,23.0,68.0,620.0,23.380434216786487,1.0,True,18.2,64.8
Magnuson,Seattle,0826SB,2024-07-01,Mon,09:48,38.0,32.0,22.0,36.32922691600263,1.0,False,19.3,66.7
Magnuson,Seattle,0826SB,2024-07-08,Mon,09:37,9.0,16.0,7.0,22.960914522559328,1.0,False,23.4,74.1
Magnuson,Seattle,0826SB,2024-07-15,Mon,09:44,6.0,6.0,5.0,17.42659030229591,1.0,False,23.3,73.9
Magnuson,Seattle,0826SB,2024-07-22,Mon,09:06,7.0,24.0,3.0,16.788422280088152,1.0,False,23.7,74.7
Magnuson,Seattle,0826SB,2024-07-29,Mon,09:12,74.0,21.0,14.0,13.03386620699589,0.0,False,22.8,73.0
Magnuson,Seattle,0826SB,2024-08-05,Mon,10:16,31.0,17.0,22.0,12.327217574698436,0.0,False,23.2,73.8
Magnuson,Seattle,0826SB,2024-08-12,Mon,09:05,57.0,50.0,25.0,16.373945873344876,0.0,False,22.2,72.0
Magnuson,Seattle,0826SB,2024-08-19,Mon,08:32,33.0,3.0,5.0,17.516292819902397,0.0,False,22.1,71.8
Magnuson,Seattle,0826SB,2024-08-26,Mon,08:56,430.0,5.0,130.0,26.69145703525523,1.0,True,20.8,69.4
Magnuson,Seattle,0826SB,2024-09-03,Tue,10:12,96.0,200.0,5.0,29.46807459797892,1.0,False,20.5,68.9
Magnuson,Seattle,0826SB,2024-09-09,Mon,09:30,47.0,36.0,41.0,33.20079541681192,1.0,False,21.1,70.0
Magnuson,Seattle,0826SB,2024-09-16,Mon,09:56,82.0,910.0,42.0,42.72707204611554,2.0,True,19.3,66.7
Magnuson,Seattle,0826SB,2024-09-23,Mon,08:38,68.0,43.0,39.0,61.40431883819644,2.0,False,19.1,66.4
Magnuson,Seattle,0826SB,2024-09-30,Mon,09:17,,,,,,,18.0,64.4
Magnuson,Seattle,0826SB,2024-10-07,Mon,09:23,,,,,,,17.1,62.8
Magnuson,Seattle,0826SB,2024-10-15,Tue,10:27,,,,,,,16.5,61.7
Magnuson,Seattle,0826SB,2024-10-21,Mon,09:53,,,,,,,15.6,60.1
Magnuson,Seattle,0826SB,2025-05-12,Mon,10:32,5.0,1900.0,15.0,52.23219634111594,1.0,True,15.4,59.7
Magnuson,Seattle,0826SB,2025-05-19,Mon,09:44,9.0,22.0,7.0,24.132168502156013,1.0,False,14.7,58.5
Magnuson,Seattle,0826SB,2025-05-27,Tue,10:22,79.0,210.0,40.0,37.03474730921289,1.0,False,17.0,62.6
Magnuson,Seattle,0826SB,2025-06-02,Mon,09:35,27.0,83.0,140.0,43.10270542461564,1.0,False,18.0,64.4
Magnuson,Seattle,0826SB,2025-06-09,Mon,08:43,1000.0,890.0,860.0,79.40774346190652,4.0,True,21.8,71.2
Magnuson,Seattle,0826SB,2025-06-16,Mon,10:06,21.0,140.0,42.0,78.65294198693368,3.0,False,20.1,68.2
Magnuson,Seattle,0826SB,2025-06-23,Mon,08:26,5.0,13.0,5.0,71.4040722267571,3.0,False,18.9,66.0
Magnuson,Seattle,0826SB,2025-06-30,Mon,10:27,110.0,170.0,160.0,78.94536943336352,3.0,False,21.2,70.2
Magnuson,Seattle,0826SB,2025-07-07,Mon,10:09,40.0,81.0,32.0,73.3277458214568,3.0,False,22.5,72.5
Magnuson,Seattle,0826SB,2025-07-14,Mon,09:06,110.0,820.0,23.0,49.44678533216266,1.0,True,22.5,72.5
Magnuson,Seattle,0826SB,2025-07-21,Mon,10:01,41.0,51.0,2.0,39.45698433224144,1.0,False,22.4,72.3
Magnuson,Seattle,0826SB,2025-07-28,Mon,10:37,130.0,50.0,330.0,70.91859969315385,2.0,True,23.1,73.6
Magnuson,Seattle,0826SB,2025-08-04,Mon,09:26,71.0,57.0,72.0,60.71934702662247,2.0,False,21.7,71.1
Magnuson,Seattle,0826SB,2025-08-11,Mon,10:19,9100.0,950.0,280.0,118.72503197617388,4.0,True,23.7,74.7
Magnuson,Seattle,0826SB,2025-08-18,Mon,10:19,100.0,60.0,300.0,117.60654834938344,3.0,False,22.3,72.1
Magnuson,Seattle,0826SB,2025-08-25,Mon,10:26,310.0,600.0,240.0,218.26671615464653,4.0,True,23.5,74.3
Magnuson,Seattle,0826SB,2025-09-02,Tue,11:06,73.0,48.0,97.0,193.0403443048093,3.0,False,22.2,72.0
Magnuson,Seattle,0826SB,2025-09-08,Mon,09:04,200.0,9.0,270.0,199.73742870214332,3.0,False,21.8,71.2
Magnuson,Seattle,0826SB,2025-09-15,Mon,10:06,30.0,7.0,13.0,80.15711835578439,1.0,False,21.2,70.2
Magnuson,Seattle,0826SB,2025-09-22,Mon,09:58,,,,,,,20.3,68.5
Magnuson,Seattle,0826SB,2025-09-29,Mon,09:20,,,,,,,19.3,66.7
Magnuson,Seattle,0826SB,2025-10-06,Mon,09:47,,,,,,,18.5,65.3
Magnuson,Seattle,0826SB,2025-10-14,Tue,10:30,,,,,,,16.3,61.3
Magnuson,Seattle,0826SB,2025-10-20,Mon,10:06,,,,,,,15.0,59.0
Magnuson,Seattle,0826SB,2026-05-11,Mon,09:35,64.0,60.0,35.0,51.22316659949974,0.0,False,16.3,61.3
Magnuson,Seattle,0826SB,2026-05-18,Mon,07:56,33.0,5.0,3.0,20.129550541470845,0.0,False,15.1,59.2
Magnuson,Seattle,0826SB,2026-05-26,Tue,09:47,8.0,2.0,14.0,13.50085855604272,0.0,False,15.9,60.6
Magnuson,Seattle,0826SB,2026-06-01,Mon,10:22,43.0,94.0,43.0,19.25054832215669,0.0,False,18.4,65.1
Magnuson,Seattle,0826SB,2026-06-08,Mon,10:14,98.0,5.0,28.0,20.108426627887734,0.0,False,17.5,63.5
Magnuson,Seattle,0826SB,2026-06-15,Mon,11:26,210.0,24.0,320.0,23.731408068450328,0.0,False,21.1,70.0
Magnuson,Seattle,0826SB,2026-06-22,Mon,12:14,30.0,270.0,63.0,37.68815394257143,0.0,False,21.7,71.1
Magnuson,Seattle,0826SB,2026-06-29,Mon,12:33,7.0,10.0,5.0,38.82631737481552,0.0,False,19.2,66.6
Magnuson,Seattle,0826SB,2026-07-06,Mon,11:47,57.0,63.0,41.0,38.3991696645288,0.0,False,20.8,69.4
Magnuson,Seattle,0826SB,2026-07-13,Mon,08:57,65.0,8.0,14.0,36.810663983914175,0.0,False,20.6,69.1
Magnuson,Seattle,0826SB,2026-07-20,Mon,09:53,75.0,110.0,32.0,32.626854938714885,0.0,False,21.8,71.2
Magnuson,Seattle,0826SB,2026-07-27,Mon,09:23,20.0,11.0,14.0,23.207243296023663,0.0,False,21.5,70.7
Magnuson,Seattle,0826SB,2026-08-03,Mon,10:14,230.0,1200.0,200.0,51.54046005874912,1.0,True,22.0,71.6
Magnuson,Seattle,0826SB,2026-08-10,Mon,12:03,110.0,50.0,120.0,56.96191775389606,1.0,False,23.3,73.9
Magnuson,Seattle,0826SB,2026-08-17,Mon,10:11,59.0,43.0,39.0,67.7851948419569,1.0,False,22.4,72.3
Magnuson,Seattle,0826SB,2026-08-24,Mon,12:22,35.0,84.0,31.0,63.14541985373152,1.0,False,23.6,74.5
Magnuson,Seattle,0826SB,2026-08-31,Mon,00:00,41.0,28.0,38.0,75.35062167178725,1.0,False,,
Matthews,Seattle,0818SB,2019-05-13,Mon,14:10,21.0,32.0,28.0,26.59759904460391,0.0,False,16.9,62.4
Matthews,Seattle,0818SB,2019-05-20,Mon,13:39,450.0,220.0,690.0,104.27221479821668,2.0,True,17.1,62.8
Matthews,Seattle,0818SB,2019-05-28,Tue,10:54,72.0,130.0,56.0,95.70656260243994,2.0,False,17.0,62.6
Matthews,Seattle,0818SB,2019-06-03,Mon,14:35,14.0,17.0,34.0,64.77055398861495,2.0,False,20.4,68.7
Matthews,Seattle,0818SB,2019-06-10,Mon,14:32,250.0,370.0,930.0,95.0773498921786,4.0,True,20.3,68.5
Matthews,Seattle,0818SB,2019-06-17,Mon,14:41,520.0,80.0,190.0,142.22143070654354,5.0,True,21.6,70.9
Matthews,Seattle,0818SB,2019-06-24,Mon,14:21,52.0,7.0,21.0,77.54505995130857,3.0,False,20.8,69.4
Matthews,Seattle,0818SB,2019-07-01,Mon,11:11,170.0,180.0,46.0,82.82380177025759,3.0,False,22.5,72.5
Matthews,Seattle,0818SB,2019-07-08,Mon,12:58,670.0,1600.0,230.0,164.84645471486806,5.0,True,21.3,70.3
Matthews,Seattle,0818SB,2019-07-15,Mon,13:34,120.0,120.0,53.0,120.30412629774624,3.0,False,22.5,72.5
Matthews,Seattle,0818SB,2019-07-18,Thu,08:55,250.0,28.0,400.0,,,True,20.2,68.4
Matthews,Seattle,0818SB,2019-07-22,Mon,13:25,140.0,550.0,43.0,113.52408408559307,3.0,True,22.6,72.7
Matthews,Seattle,0818SB,2019-07-25,Thu,07:59,37.0,72.0,23.0,,,False,21.2,70.2
Matthews,Seattle,0818SB,2019-07-29,Mon,12:58,490.0,31.0,24.0,146.88740639007648,4.0,True,24.1,75.4
Matthews,Seattle,0818SB,2019-08-05,Mon,13:49,46.0,61.0,290.0,141.617956357025,4.0,False,24.9,76.8
Matthews,Seattle,0818SB,2019-08-12,Mon,11:06,86.0,86.0,65.0,93.42235957934189,2.0,False,24.3,75.7
Matthews,Seattle,0818SB,2019-08-19,Mon,13:22,870.0,250.0,200.0,122.32284079478356,3.0,True,23.1,73.6
Matthews,Seattle,0818SB,2019-08-26,Mon,13:55,10.0,6.0,2.0,61.86652122063229,2.0,False,23.0,73.4
Matthews,Seattle,0818SB,2019-09-03,Tue,09:38,5.0,2.0,31.0,38.61551886563974,1.0,False,22.2,72.0
Matthews,Seattle,0818SB,2019-09-09,Mon,12:22,680.0,60.0,560.0,48.23023482160932,3.0,True,21.8,71.2
Matthews,Seattle,0818SB,2019-09-16,Mon,14:44,810.0,120.0,860.0,68.02517591332203,5.0,True,21.1,70.0
Matthews,Seattle,0818SB,2019-09-23,Mon,11:30,,,,,,,19.2,66.6
Matthews,Seattle,0818SB,2019-09-30,Mon,11:00,,,,,,,18.2,64.8
Matthews,Seattle,0818SB,2019-10-07,Mon,11:17,,,,,,,16.5,61.7
Matthews,Seattle,0818SB,2019-10-14,Mon,11:02,,,,,,,15.3,59.5
Matthews,Seattle,0818SB,2019-10-21,Mon,11:32,,,,,,,14.0,57.2
Matthews,Seattle,0818SB,2020-05-12,Tue,10:38,1.0,1.0,1.0,1.0,0.0,False,15.5,59.9
Matthews,Seattle,0818SB,2020-05-19,Tue,10:49,10.0,14.0,54.0,4.430169055592748,0.0,False,16.9,62.4
Matthews,Seattle,0818SB,2020-05-26,Tue,10:24,10.0,6.0,7.0,5.2773878096276,0.0,False,16.6,61.9
Matthews,Seattle,0818SB,2020-06-02,Tue,10:13,53.0,25.0,15.0,7.943401573918125,0.0,False,18.3,64.9
Matthews,Seattle,0818SB,2020-06-09,Tue,08:09,16.0,31.0,18.0,9.62473602322826,0.0,False,16.3,61.3
Matthews,Seattle,0818SB,2020-06-16,Tue,10:54,10.0,49.0,23.0,17.927390893578416,0.0,False,17.4,63.3
Matthews,Seattle,0818SB,2020-06-23,Tue,11:33,41.0,150.0,45.0,22.79055022433856,0.0,False,21.3,70.3
Matthews,Seattle,0818SB,2020-06-29,Mon,11:15,260.0,130.0,260.0,44.23820812760228,0.0,False,19.0,66.2
Matthews,Seattle,0818SB,2020-07-07,Tue,11:11,110.0,59.0,12.0,48.45502045253959,0.0,False,18.7,65.7
Matthews,Seattle,0818SB,2020-07-14,Tue,10:55,200.0,3200.0,3500.0,110.99541440874484,2.0,True,21.3,70.3
Matthews,Seattle,0818SB,2020-07-21,Tue,10:05,280.0,180.0,330.0,180.5398487776755,3.0,True,22.8,73.0
Matthews,Seattle,0818SB,2020-07-28,Tue,11:04,370.0,45.0,56.0,195.76755494746035,4.0,True,23.8,74.8
Matthews,Seattle,0818SB,2020-08-04,Tue,11:01,60.0,41.0,54.0,148.03689632147527,4.0,False,23.3,73.9
Matthews,Seattle,0818SB,2020-08-11,Tue,11:31,270.0,590.0,41.0,198.8878336282348,5.0,True,23.1,73.6
Matthews,Seattle,0818SB,2020-08-18,Tue,09:39,94.0,91.0,100.0,117.68911555660432,3.0,False,22.7,72.9
Matthews,Seattle,0818SB,2020-08-25,Tue,10:15,210.0,62.0,23.0,90.0387081761274,2.0,False,22.8,73.0
Matthews,Seattle,0818SB,2020-09-01,Tue,11:30,35.0,510.0,370.0,102.59159156564309,3.0,True,22.8,73.0
Matthews,Seattle,0818SB,2020-09-08,Tue,11:05,30.0,23.0,72.0,96.0805060991882,3.0,False,21.6,70.9
Matthews,Seattle,0818SB,2020-09-22,Tue,10:26,,,,,,,20.0,68.0
Matthews,Seattle,0818SB,2020-09-29,Tue,10:54,,,,,,,19.7,67.5
Matthews,Seattle,0818SB,2020-10-06,Tue,12:52,,,,,,,19.7,67.5
Matthews,Seattle,0818SB,2020-10-13,Tue,10:57,,,,,,,16.8,62.2
Matthews,Seattle,0818SB,2020-10-20,Tue,11:03,,,,,,,16.3,61.3
Matthews,Seattle,0818SB,2020-10-27,Tue,10:46,,,,,,,14.0,57.2
Matthews,Seattle,0818SB,2021-05-18,Tue,11:06,6.0,9.0,5.0,6.463304070095652,0.0,False,16.0,60.8
Matthews,Seattle,0818SB,2021-05-25,Tue,10:40,61.0,12.0,620.0,22.286630997092352,1.0,True,15.7,60.3
Matthews,Seattle,0818SB,2021-06-01,Tue,10:33,100.0,41.0,39.0,29.98483521700777,1.0,False,18.8,65.8
Matthews,Seattle,0818SB,2021-06-08,Tue,10:21,9.0,12.0,12.0,23.28412917575888,1.0,False,18.8,65.8
Matthews,Seattle,0818SB,2021-06-15,Tue,11:00,63.0,33.0,71.0,27.43187685660765,1.0,False,18.4,65.1
Matthews,Seattle,0818SB,2021-06-22,Tue,10:02,310.0,140.0,130.0,53.24270892108854,1.0,False,21.5,70.7
Matthews,Seattle,0818SB,2021-06-29,Tue,11:52,100.0,100.0,53.0,53.79621042269961,0.0,False,25.4,77.7
Matthews,Seattle,0818SB,2021-07-06,Tue,10:26,5.0,180.0,230.0,54.730129501527706,0.0,False,23.4,74.1
Matthews,Seattle,0818SB,2021-07-13,Tue,11:11,800.0,320.0,86.0,104.76962033139952,1.0,True,24.9,76.8
Matthews,Seattle,0818SB,2021-07-20,Tue,11:00,860.0,2000.0,750.0,191.8670927157523,4.0,True,23.4,74.1
Matthews,Seattle,0818SB,2021-07-27,Tue,10:01,4.0,19.0,21.0,111.2859869997724,4.0,False,23.0,73.4
Matthews,Seattle,0818SB,2021-08-03,Tue,12:01,430.0,310.0,220.0,145.42495764118655,5.0,True,24.7,76.5
Matthews,Seattle,0818SB,2021-08-10,Tue,07:55,5.0,16.0,30.0,108.04093626453576,5.0,False,22.7,72.9
Matthews,Seattle,0818SB,2021-08-12,Thu,12:21,100.0,42.0,83.0,,,False,,
Matthews,Seattle,0818SB,2021-08-17,Tue,10:49,36.0,72.0,7.0,67.29580311869802,4.0,False,22.8,73.0
Matthews,Seattle,0818SB,2021-08-24,Tue,10:25,31.0,87.0,5.0,31.32843712001194,1.0,False,22.0,71.6
Matthews,Seattle,0818SB,2021-08-31,Tue,09:51,13.0,11.0,23.0,32.87563339705966,1.0,False,20.1,68.2
Matthews,Seattle,0818SB,2021-09-07,Tue,11:35,1.0,1.0,3.0,11.24256370644655,0.0,False,21.9,71.4
Matthews,Seattle,0818SB,2021-09-14,Tue,10:44,110.0,5.0,26.0,12.663108953916376,0.0,False,20.3,68.5
Matthews,Seattle,0818SB,2021-09-21,Tue,11:32,16.0,730.0,1100.0,19.613142164243577,2.0,True,19.7,67.5
Matthews,Seattle,0818SB,2021-09-28,Tue,11:11,,,,,,,18.0,64.4
Matthews,Seattle,0818SB,2021-10-05,Tue,10:37,,,,,,,16.7,62.1
Matthews,Seattle,0818SB,2021-10-12,Tue,10:23,,,,,,,14.8,58.6
Matthews,Seattle,0818SB,2021-10-19,Tue,10:10,,,,,,,14.7,58.5
Matthews,Seattle,0818SB,2021-10-26,Tue,10:05,,,,,,,13.3,55.9
Matthews,Seattle,0818SB,2022-05-16,Mon,10:12,63.0,140.0,220.0,124.72794163689072,0.0,False,13.6,56.5
Matthews,Seattle,0818SB,2022-05-23,Mon,10:28,10.0,23.0,24.0,46.950302051439,0.0,False,15.0,59.0
Matthews,Seattle,0818SB,2022-05-31,Tue,09:53,18.0,10.0,370.0,44.70614009867034,1.0,True,16.1,61.0
Matthews,Seattle,0818SB,2022-06-06,Mon,09:54,1200.0,120.0,270.0,74.17414844242722,2.0,True,17.2,63.0
Matthews,Seattle,0818SB,2022-06-13,Mon,10:50,240.0,200.0,730.0,99.80975627934473,3.0,True,17.5,63.5
Matthews,Seattle,0818SB,2022-06-21,Tue,10:20,39.0,3.0,1.0,52.22269755685956,3.0,False,18.6,65.5
Matthews,Seattle,0818SB,2022-06-27,Mon,10:25,52.0,17.0,11.0,54.23167600606099,3.0,False,20.2,68.4
Matthews,Seattle,0818SB,2022-07-05,Tue,11:00,28.0,82.0,140.0,60.23210931577517,2.0,False,20.4,68.7
Matthews,Seattle,0818SB,2022-07-11,Mon,10:19,31.0,270.0,96.0,46.506404856195005,1.0,False,22.2,72.0
Matthews,Seattle,0818SB,2022-07-18,Mon,10:17,67.0,230.0,32.0,35.0003190008024,0.0,False,20.7,69.3
Matthews,Seattle,0818SB,2022-07-25,Mon,10:16,16.0,67.0,350.0,59.95293752429334,1.0,True,23.7,74.7
Matthews,Seattle,0818SB,2022-08-01,Mon,11:02,14.0,49.0,21.0,61.544658258975424,1.0,False,25.7,78.3
Matthews,Seattle,0818SB,2022-08-08,Mon,10:46,160.0,4800.0,90.0,88.04214573828934,2.0,True,24.9,76.8
Matthews,Seattle,0818SB,2022-08-15,Mon,10:44,9.0,1300.0,110.0,90.85093660220736,3.0,True,24.7,76.5
Matthews,Seattle,0818SB,2022-08-22,Mon,11:06,55.0,910.0,7.0,88.80403702518055,4.0,True,24.7,76.5
Matthews,Seattle,0818SB,2022-08-29,Mon,11:28,5.0,1.0,1.0,42.01585324933346,3.0,False,24.3,75.7
Matthews,Seattle,0818SB,2022-09-01,Thu,7:50,1.0,19.0,9.0,,,False,,
Matthews,Seattle,0818SB,2022-09-06,Tue,10:35,1.0,1.0,1.0,22.19100443252475,3.0,False,22.4,72.3
Matthews,Seattle,0818SB,2022-09-12,Mon,10:48,730.0,530.0,66.0,20.7656831233737,4.0,True,20.9,69.6
Matthews,Seattle,0818SB,2022-09-19,Mon,10:56,2.0,1.0,2.0,8.916169558499876,3.0,False,20.1,68.2
Matthews,Seattle,0818SB,2022-09-26,Mon,10:16,,,,,,,19.4,66.9
Matthews,Seattle,0818SB,2022-10-03,Mon,10:40,,,,,,,19.4,66.9
Matthews,Seattle,0818SB,2022-10-11,Tue,10:31,,,,,,,18.1,64.6
Matthews,Seattle,0818SB,2022-10-17,Mon,10:28,,,,,,,18.0,64.4
Matthews,Seattle,0818SB,2022-10-24,Mon,11:00,,,,,,,15.9,60.6
Matthews,Seattle,0818SB,2023-05-15,Mon,09:51,1.0,5.0,9.0,3.5568933044900626,0.0,False,16.8,62.2
Matthews,Seattle,0818SB,2023-05-22,Mon,11:24,11.0,19.0,15.0,7.215088732398134,0.0,False,17.2,63.0
Matthews,Seattle,0818SB,2023-05-30,Tue,11:22,13.0,5.0,17.0,8.13415571284309,0.0,False,18.5,65.3
Matthews,Seattle,0818SB,2023-06-05,Mon,10:45,12.0,5.0,14.0,8.441590910805376,0.0,False,16.8,62.2
Matthews,Seattle,0818SB,2023-06-12,Mon,11:20,18.0,39.0,75.0,11.373636214432912,0.0,False,20.9,69.6
Matthews,Seattle,0818SB,2023-06-20,Tue,10:16,680.0,160.0,26.0,23.757021016081904,1.0,True,18.1,64.6
Matthews,Seattle,0818SB,2023-06-26,Mon,10:56,43.0,42.0,120.0,31.50910579039429,1.0,False,20.2,68.4
Matthews,Seattle,0818SB,2023-07-05,Wed,11:06,23.0,32.0,19.0,52.627279324114106,1.0,False,22.4,72.3
Matthews,Seattle,0818SB,2023-07-10,Mon,09:45,860.0,300.0,350.0,80.78819748562923,3.0,True,21.8,71.2
Matthews,Seattle,0818SB,2023-07-17,Mon,11:00,2600.0,210.0,9000.0,173.25417288579118,5.0,True,23.2,73.8
Matthews,Seattle,0818SB,2023-07-24,Mon,09:09,19.0,6.0,22.0,108.44230066129468,4.0,False,23.0,73.4
Matthews,Seattle,0818SB,2023-07-31,Mon,11:24,1.0,2.0,41.0,64.12977460026282,4.0,False,23.5,74.3
Matthews,Seattle,0818SB,2023-08-07,Mon,10:19,4.0,78.0,69.0,66.00110370725262,4.0,False,22.0,71.6
Matthews,Seattle,0818SB,2023-08-14,Mon,11:44,8.0,2.0,3.0,25.19154269611965,2.0,False,24.0,75.2
Matthews,Seattle,0818SB,2023-08-21,Mon,10:09,2.0,1.0,7.0,6.785277640029831,0.0,False,23.1,73.6
Matthews,Seattle,0818SB,2023-08-28,Mon,09:39,92.0,63.0,21.0,8.789597043935036,0.0,False,22.0,71.6
Matthews,Seattle,0818SB,2023-09-05,Tue,09:38,3.0,3.0,2.0,7.944493407018841,0.0,False,20.2,68.4
Matthews,Seattle,0818SB,2023-09-11,Mon,09:44,2.0,2.0,3.0,4.821084161901931,0.0,False,21.3,70.3
Matthews,Seattle,0818SB,2023-09-18,Mon,10:15,2.0,3.0,29.0,5.253296504532578,0.0,False,19.6,67.3
Matthews,Seattle,0818SB,2023-09-25,Mon,11:04,,,,,,,18.6,65.5
Matthews,Seattle,0818SB,2023-10-02,Mon,09:33,,,,,,,16.9,62.4
Matthews,Seattle,0818SB,2023-10-10,Tue,10:00,,,,,,,,
Matthews,Seattle,0818SB,2023-10-16,Mon,10:49,,,,,,,16.2,61.2
Matthews,Seattle,0818SB,2023-10-23,Mon,09:35,,,,,,,15.5,59.9
Matthews,Seattle,0818SB,2024-05-13,Mon,09:22,42.0,40.0,55.0,45.2089052336684,0.0,False,14.8,58.6
Matthews,Seattle,0818SB,2024-05-20,Mon,10:41,32.0,42.0,32.0,39.79882066234913,0.0,False,15.6,60.1
Matthews,Seattle,0818SB,2024-05-28,Tue,09:31,53.0,27.0,13.0,34.75187527810436,0.0,False,14.4,57.9
Matthews,Seattle,0818SB,2024-06-03,Mon,10:04,380.0,62.0,140.0,49.99489115171968,1.0,True,15.3,59.5
Matthews,Seattle,0818SB,2024-06-10,Mon,10:50,410.0,1100.0,51.0,70.78212818064675,3.0,True,16.6,61.9
Matthews,Seattle,0818SB,2024-06-17,Mon,09:21,91.0,64.0,75.0,78.50506186450448,3.0,False,16.8,62.2
Matthews,Seattle,0818SB,2024-06-24,Mon,10:16,1100.0,23.0,21.0,92.82900556875506,4.0,True,18.2,64.8
Matthews,Seattle,0818SB,2024-07-01,Mon,10:15,60.0,190.0,51.0,116.77319621946783,4.0,False,20.0,68.0
Matthews,Seattle,0818SB,2024-07-08,Mon,10:27,120.0,200.0,72.0,111.84739201256154,3.0,False,23.6,74.5
Matthews,Seattle,0818SB,2024-07-15,Mon,10:46,10.0,5.0,5.0,52.20419637298192,1.0,False,23.5,74.3
Matthews,Seattle,0818SB,2024-07-22,Mon,09:51,390.0,130.0,83.0,60.71448414951288,2.0,True,23.7,74.7
Matthews,Seattle,0818SB,2024-07-29,Mon,09:57,350.0,130.0,130.0,71.29624189877569,2.0,True,22.9,73.2
Matthews,Seattle,0818SB,2024-08-05,Mon,10:40,91.0,300.0,59.0,76.30786108374535,2.0,False,23.5,74.3
Matthews,Seattle,0818SB,2024-08-12,Mon,09:29,120.0,100.0,4.0,60.0918784844797,2.0,False,22.5,72.5
Matthews,Seattle,0818SB,2024-08-19,Mon,09:22,4.0,14.0,7.0,61.92112682342697,2.0,False,22.0,71.6
Matthews,Seattle,0818SB,2024-08-26,Mon,09:22,3.0,43.0,68.0,41.0304571393317,1.0,False,20.8,69.4
Matthews,Seattle,0818SB,2024-09-03,Tue,10:34,77.0,56.0,32.0,31.93728210230946,0.0,False,20.6,69.1
Matthews,Seattle,0818SB,2024-09-09,Mon,10:12,5.0,10.0,180.0,22.60024485989884,0.0,False,20.6,69.1
Matthews,Seattle,0818SB,2024-09-16,Mon,10:27,3.0,13.0,1400.0,22.79519114111182,1.0,True,19.6,67.3
Matthews,Seattle,0818SB,2024-09-23,Mon,08:00,,,,,,,19.4,66.9
Matthews,Seattle,0818SB,2024-09-30,Mon,09:50,,,,,,,18.1,64.6
Matthews,Seattle,0818SB,2024-10-07,Mon,09:46,,,,,,,17.1,62.8
Matthews,Seattle,0818SB,2024-10-15,Tue,10:45,,,,,,,16.6,61.9
Matthews,Seattle,0818SB,2024-10-21,Mon,10:25,,,,,,,15.7,60.3
Matthews,Seattle,0818SB,2025-05-12,Mon,11:04,3.0,23.0,1.0,4.101565929702348,0.0,False,15.9,60.6
Matthews,Seattle,0818SB,2025-05-19,Mon,10:07,89.0,48.0,63.0,16.273094534357035,0.0,False,15.1,59.2
Matthews,Seattle,0818SB,2025-05-27,Tue,10:49,110.0,280.0,270.0,37.71604555742693,0.0,False,17.3,63.1
Matthews,Seattle,0818SB,2025-06-02,Mon,10:06,490.0,200.0,60.0,55.78396643867825,1.0,True,18.3,64.9
Matthews,Seattle,0818SB,2025-06-09,Mon,09:05,130.0,68.0,260.0,66.26780011377625,1.0,False,20.7,69.3
Matthews,Seattle,0818SB,2025-06-16,Mon,10:34,24.0,77.0,210.0,117.84397003454583,1.0,False,20.6,69.1
Matthews,Seattle,0818SB,2025-06-23,Mon,08:54,1100.0,93.0,220.0,158.29327568956506,2.0,True,19.1,66.4
Matthews,Seattle,0818SB,2025-06-30,Mon,11:09,3.0,9.0,34.0,86.22985975501086,2.0,False,21.9,71.4
Matthews,Seattle,0818SB,2025-07-07,Mon,10:37,78.0,26.0,28.0,63.28696321426062,1.0,False,22.2,72.0
Matthews,Seattle,0818SB,2025-07-14,Mon,09:38,5.0,19.0,88.0,43.52107703056574,1.0,False,22.1,71.8
Matthews,Seattle,0818SB,2025-07-21,Mon,10:47,130.0,27.0,5.0,35.40435540406404,1.0,False,22.6,72.7
Matthews,Seattle,0818SB,2025-07-28,Mon,11:16,210.0,12.0,10.0,22.5076510542988,0.0,False,23.7,74.7
Matthews,Seattle,0818SB,2025-08-04,Mon,10:08,16.0,10.0,9.0,23.193421870331036,0.0,False,22.2,72.0
Matthews,Seattle,0818SB,2025-08-11,Mon,10:42,4.0,4.0,2.0,14.08509435471411,0.0,False,23.5,74.3
Matthews,Seattle,0818SB,2025-08-18,Mon,11:12,5.0,8.0,15.0,11.816515405107353,0.0,False,22.7,72.9
Matthews,Seattle,0818SB,2025-08-25,Mon,10:56,64.0,50.0,14.0,12.578325187991096,0.0,False,23.3,73.9
Matthews,Seattle,0818SB,2025-09-02,Tue,11:26,1.0,4.0,23.0,8.651975961706427,0.0,False,22.3,72.1
Matthews,Seattle,0818SB,2025-09-08,Mon,09:31,2.0,3.0,1.0,6.003915270599954,0.0,False,21.9,71.4
Matthews,Seattle,0818SB,2025-09-15,Mon,10:34,19.0,11.0,4.0,7.462854503139606,0.0,False,21.4,70.5
Matthews,Seattle,0818SB,2025-09-22,Mon,10:17,,,,,,,20.1,68.2
Matthews,Seattle,0818SB,2025-09-29,Mon,09:34,,,,,,,19.2,66.6
Matthews,Seattle,0818SB,2025-10-06,Mon,10:07,,,,,,,18.1,64.6
Matthews,Seattle,0818SB,2025-10-14,Tue,11:04,,,,,,,16.8,62.2
Matthews,Seattle,0818SB,2025-10-20,Mon,10:48,,,,,,,15.2,59.4
Matthews,Seattle,0818SB,2026-05-11,Mon,10:26,23.0,14.0,16.0,17.27131021699722,0.0,False,16.2,61.2
Matthews,Seattle,0818SB,2026-05-18,Mon,08:35,4.0,49.0,3.0,12.028889352977748,0.0,False,14.7,58.5
Matthews,Seattle,0818SB,2026-05-26,Tue,10:37,35.0,6700.0,1200.0,45.59992637959063,2.0,True,16.5,61.7
Matthews,Seattle,0818SB,2026-06-01,Mon,11:14,22.0,35.0,90.0,44.42398791753881,2.0,False,18.8,65.8
Matthews,Seattle,0818SB,2026-06-08,Mon,10:40,57.0,830.0,570.0,65.08524651720606,4.0,True,17.4,63.3
Matthews,Seattle,0818SB,2026-06-15,Mon,10:59,140.0,590.0,35.0,99.25537547702513,5.0,True,19.9,67.8
Matthews,Seattle,0818SB,2026-06-22,Mon,11:28,27.0,33.0,79.0,136.55130906030033,5.0,False,22.1,71.8
Matthews,Seattle,0818SB,2026-06-29,Mon,11:30,52.0,48.0,38.0,80.13264416232968,3.0,False,19.6,67.3
Matthews,Seattle,0818SB,2026-07-06,Mon,11:24,9.0,19.0,94.0,72.69460629768047,3.0,False,21.6,70.9
Matthews,Seattle,0818SB,2026-07-13,Mon,09:26,13.0,10.0,19.0,39.11050876453266,1.0,False,21.1,70.0
Matthews,Seattle,0818SB,2026-07-20,Mon,10:18,28.0,48.0,61.0,30.841739614990587,0.0,False,22.3,72.1
Matthews,Seattle,0818SB,2026-07-27,Mon,10:05,40.0,14.0,28.0,27.90368863192593,0.0,False,22.3,72.1
Matthews,Seattle,0818SB,2026-08-03,Mon,10:35,12.0,51.0,35.0,25.268591608311738,0.0,False,22.4,72.3
Matthews,Seattle,0818SB,2026-08-10,Mon,11:13,35000.0,27000.0,160.0,73.70148268963528,2.0,True,22.7,72.9
Matthews,Seattle,0818SB,2026-08-17,Mon,10:44,1.0,17.0,7.0,60.209667018830494,2.0,False,22.4,72.3
Matthews,Seattle,0818SB,2026-08-24,Mon,11:42,5.0,4.0,5.0,38.49617841862942,2.0,False,23.3,73.9
Matthews,Seattle,0818SB,2026-08-31,Mon,00:00,56.0,58.0,62.0,45.63818823509924,2.0,False,,
Meydenbauer,Bellevue,0834SB,2019-05-13,Mon,13:38,1.0,4.0,3.0,2.289428485106664,0.0,False,19.0,66.2
Meydenbauer,Bellevue,0834SB,2019-05-20,Mon,14:00,5.0,5.0,1.0,2.587340236772446,0.0,False,17.6,63.7
Meydenbauer,Bellevue,0834SB,2019-05-28,Tue,11:50,7.0,9.0,20.0,4.166019621467714,0.0,False,18.0,64.4
Meydenbauer,Bellevue,0834SB,2019-06-03,Mon,12:38,870.0,9.0,8.0,7.32029577642404,1.0,True,20.3,68.5
Meydenbauer,Bellevue,0834SB,2019-06-10,Mon,13:31,14.0,6.0,4.0,7.245118977710003,1.0,False,19.4,66.9
Meydenbauer,Bellevue,0834SB,2019-06-17,Mon,14:37,13.0,16.0,23.0,10.799894591880411,1.0,False,23.2,73.8
Meydenbauer,Bellevue,0834SB,2019-06-24,Mon,13:14,8.0,7.0,40.0,14.573819421808125,1.0,False,20.6,69.1
Meydenbauer,Bellevue,0834SB,2019-07-01,Mon,10:14,52.0,28.0,18.0,17.842030319990656,1.0,False,21.4,70.5
Meydenbauer,Bellevue,0834SB,2019-07-08,Mon,13:15,28.0,5.0,7.0,13.522881057977528,0.0,False,21.6,70.9
Meydenbauer,Bellevue,0834SB,2019-07-15,Mon,13:38,32.0,23.0,21.0,17.454995865369796,0.0,False,22.8,73.0
Meydenbauer,Bellevue,0834SB,2019-07-22,Mon,16:10,220.0,19.0,1.0,17.298645189229703,0.0,False,23.1,73.6
Meydenbauer,Bellevue,0834SB,2019-07-29,Mon,14:00,310.0,440.0,340.0,33.55432002183271,2.0,True,23.4,74.1
Meydenbauer,Bellevue,0834SB,2019-08-05,Mon,14:05,240.0,80.0,27.0,40.94150939326445,2.0,False,24.6,76.3
Meydenbauer,Bellevue,0834SB,2019-08-12,Mon,15:34,280.0,220.0,210.0,77.0670576848148,2.0,False,24.1,75.4
Meydenbauer,Bellevue,0834SB,2019-08-15,Thu,08:09,41.0,86.0,29.0,,,False,22.5,72.5
Meydenbauer,Bellevue,0834SB,2019-08-19,Mon,14:22,100.0,20.0,3.0,72.35563977606425,2.0,False,23.7,74.7
Meydenbauer,Bellevue,0834SB,2019-08-26,Mon,12:57,27.0,11.0,21.0,74.31201178944616,2.0,False,23.0,73.4
Meydenbauer,Bellevue,0834SB,2019-09-03,Tue,13:37,25.0,1.0,7.0,32.32277726514685,0.0,False,24.1,75.4
Meydenbauer,Bellevue,0834SB,2019-09-09,Mon,12:46,260.0,340.0,190.0,40.757861988555895,1.0,True,22.1,71.8
Meydenbauer,Bellevue,0834SB,2019-09-16,Mon,12:50,240.0,240.0,19.0,34.57029876973541,1.0,False,21.9,71.4
Meydenbauer,Bellevue,0834SB,2019-09-23,Mon,13:40,,,,,,,19.7,67.5
Meydenbauer,Bellevue,0834SB,2019-09-30,Mon,10:55,,,,,,,17.9,64.2
Meydenbauer,Bellevue,0834SB,2019-10-07,Mon,11:55,,,,,,,17.0,62.6
Meydenbauer,Bellevue,0834SB,2019-10-14,Mon,11:40,,,,,,,15.8,60.4
Meydenbauer,Bellevue,0834SB,2019-10-21,Mon,10:52,,,,,,,14.1,57.4
Meydenbauer,Bellevue,0834SB,2020-05-13,Wed,10:10,12.0,19.0,28.0,18.550870460432822,0.0,False,16.1,61.0
Meydenbauer,Bellevue,0834SB,2020-05-20,Wed,10:17,6.0,2.0,4.0,8.210867034438436,0.0,False,16.6,61.9
Meydenbauer,Bellevue,0834SB,2020-05-27,Wed,09:51,5.0,9.0,14.0,8.329722211917877,0.0,False,17.3,63.1
Meydenbauer,Bellevue,0834SB,2020-06-03,Wed,10:01,340.0,95.0,28.0,15.37574855585989,1.0,True,17.2,63.0
Meydenbauer,Bellevue,0834SB,2020-06-10,Wed,10:15,5.0,4.0,1.0,10.869369373769128,1.0,False,18.1,64.6
Meydenbauer,Bellevue,0834SB,2020-06-17,Wed,10:00,41.0,15.0,38.0,11.85155682652612,1.0,False,17.7,63.9
Meydenbauer,Bellevue,0834SB,2020-06-24,Wed,10:53,44.0,68.0,32.0,19.66829703953356,1.0,False,19.9,67.8
Meydenbauer,Bellevue,0834SB,2020-06-30,Tue,08:40,74.0,27.0,15.0,25.44426078610195,1.0,False,19.3,66.7
Meydenbauer,Bellevue,0834SB,2020-07-08,Wed,10:58,31.0,21.0,11.0,18.428813690570657,0.0,False,20.0,68.0
Meydenbauer,Bellevue,0834SB,2020-07-15,Wed,10:16,100.0,12.0,14.0,28.870169380812555,0.0,False,20.2,68.4
Meydenbauer,Bellevue,0834SB,2020-07-22,Wed,10:52,90.0,290.0,100.0,39.5349734563644,0.0,False,23.0,73.4
Meydenbauer,Bellevue,0834SB,2020-07-29,Wed,10:36,84.0,40.0,26.0,39.29417624453447,0.0,False,24.0,75.2
Meydenbauer,Bellevue,0834SB,2020-08-05,Wed,10:38,100.0,46.0,370.0,51.437483067573446,1.0,True,24.3,75.7
Meydenbauer,Bellevue,0834SB,2020-08-12,Wed,11:23,110.0,79.0,88.0,70.22875368119077,1.0,False,22.8,73.0
Meydenbauer,Bellevue,0834SB,2020-08-19,Wed,10:25,1000.0,80.0,17.0,94.13047921991146,2.0,True,23.8,74.8
Meydenbauer,Bellevue,0834SB,2020-08-26,Wed,10:24,56.0,71.0,27.0,76.09245191546582,2.0,False,22.3,72.1
Meydenbauer,Bellevue,0834SB,2020-09-02,Wed,09:33,150.0,260.0,46.0,93.07696910042162,2.0,False,22.1,71.8
Meydenbauer,Bellevue,0834SB,2020-09-09,Wed,10:07,34.0,36.0,2.0,60.16801583061299,1.0,False,21.9,71.4
Meydenbauer,Bellevue,0834SB,2020-09-22,Tue,13:05,,,,,,,20.9,69.6
Meydenbauer,Bellevue,0834SB,2020-09-29,Tue,12:53,,,,,,,20.1,68.2
Meydenbauer,Bellevue,0834SB,2020-10-06,Tue,13:10,,,,,,,19.2,66.6
Meydenbauer,Bellevue,0834SB,2020-10-13,Tue,13:04,,,,,,,17.3,63.1
Meydenbauer,Bellevue,0834SB,2020-10-20,Tue,12:51,,,,,,,16.3,61.3
Meydenbauer,Bellevue,0834SB,2020-10-27,Tue,12:43,,,,,,,15.1,59.2
Meydenbauer,Bellevue,0834SB,2021-05-19,Wed,09:58,12.0,7.0,8.0,8.759038279775778,0.0,False,16.0,60.8
Meydenbauer,Bellevue,0834SB,2021-05-26,Wed,12:20,520.0,8.0,8.0,16.78515792763644,1.0,True,17.4,63.3
Meydenbauer,Bellevue,0834SB,2021-06-02,Wed,09:06,1300.0,49.0,40.0,33.76112348991055,2.0,True,18.2,64.8
Meydenbauer,Bellevue,0834SB,2021-06-09,Wed,10:12,3900.0,56.0,32.0,52.081028511954734,3.0,True,18.1,64.6
Meydenbauer,Bellevue,0834SB,2021-06-16,Wed,10:24,55.0,100.0,13.0,49.76958788092352,3.0,False,19.0,66.2
Meydenbauer,Bellevue,0834SB,2021-06-23,Wed,09:00,8.0,11.0,7.0,49.48172224936872,3.0,False,21.3,70.3
Meydenbauer,Bellevue,0834SB,2021-06-30,Wed,11:33,140.0,23.0,23.0,52.192107416225554,2.0,False,25.4,77.7
Meydenbauer,Bellevue,0834SB,2021-07-07,Wed,10:37,14.0,14.0,10.0,32.360007209174626,1.0,False,23.7,74.7
Meydenbauer,Bellevue,0834SB,2021-07-14,Wed,09:00,120.0,71.0,13.0,24.54750169422442,0.0,False,23.5,74.3
Meydenbauer,Bellevue,0834SB,2021-07-21,Wed,09:46,260.0,280.0,290.0,35.86648809602168,0.0,False,22.7,72.9
Meydenbauer,Bellevue,0834SB,2021-07-28,Wed,12:50,120.0,50.0,24.0,51.59500272141389,0.0,False,24.7,76.5
Meydenbauer,Bellevue,0834SB,2021-08-04,Wed,12:28,300.0,340.0,28.0,65.81920101563513,1.0,True,25.4,77.7
Meydenbauer,Bellevue,0834SB,2021-08-11,Wed,10:45,860.0,620.0,340.0,141.06744650611256,4.0,True,23.8,74.8
Meydenbauer,Bellevue,0834SB,2021-08-13,Fri,9:45,28.0,180.0,1200.0,,,True,,
Meydenbauer,Bellevue,0834SB,2021-08-18,Wed,10:01,7.0,14.0,16.0,106.208109683953,4.0,False,23.4,74.1
Meydenbauer,Bellevue,0834SB,2021-08-25,Wed,10:33,74.0,42.0,20.0,72.01502588739667,4.0,False,22.1,71.8
Meydenbauer,Bellevue,0834SB,2021-09-01,Wed,09:32,37.0,3.0,5.0,49.71473787191139,4.0,False,20.5,68.9
Meydenbauer,Bellevue,0834SB,2021-09-08,Wed,09:55,460.0,180.0,130.0,54.31246571086395,4.0,True,20.9,69.6
Meydenbauer,Bellevue,0834SB,2021-09-15,Wed,10:27,14.0,5.0,10.0,23.66000244063488,1.0,False,20.1,68.2
Meydenbauer,Bellevue,0834SB,2021-09-22,Wed,10:23,240.0,500.0,110.0,43.22118235988364,2.0,True,19.0,66.2
Meydenbauer,Bellevue,0834SB,2021-09-28,Tue,12:20,,,,,,,18.6,65.5
Meydenbauer,Bellevue,0834SB,2021-10-05,Tue,12:53,,,,,,,17.2,63.0
Meydenbauer,Bellevue,0834SB,2021-10-12,Tue,11:25,,,,,,,15.7,60.3
Meydenbauer,Bellevue,0834SB,2021-10-19,Tue,12:42,,,,,,,15.7,60.3
Meydenbauer,Bellevue,0834SB,2021-10-26,Tue,12:54,,,,,,,14.0,57.2
Meydenbauer,Bellevue,0834SB,2022-05-17,Tue,09:30,10.0,10.0,16.0,11.69607095285147,0.0,False,13.6,56.5
Meydenbauer,Bellevue,0834SB,2022-05-24,Tue,09:20,58.0,50.0,79.0,26.75207738141205,0.0,False,15.1,59.2
Meydenbauer,Bellevue,0834SB,2022-05-31,Tue,09:24,260.0,30.0,40.0,36.47819127161702,0.0,False,15.1,59.2
Meydenbauer,Bellevue,0834SB,2022-06-07,Tue,10:00,85.0,23.0,18.0,35.51348106889358,0.0,False,17.8,64.0
Meydenbauer,Bellevue,0834SB,2022-06-14,Tue,09:12,59.0,63.0,68.0,39.856090264516816,0.0,False,16.9,62.4
Meydenbauer,Bellevue,0834SB,2022-06-22,Wed,09:58,1300.0,740.0,1000.0,96.77541292494452,3.0,True,18.7,65.7
Meydenbauer,Bellevue,0834SB,2022-06-28,Tue,12:14,260.0,94.0,70.0,110.65642702699832,3.0,False,20.5,68.9
Meydenbauer,Bellevue,0834SB,2022-07-06,Wed,09:39,100.0,100.0,43.0,113.04835156638842,3.0,False,20.5,68.9
Meydenbauer,Bellevue,0834SB,2022-07-12,Tue,09:40,420.0,95.0,110.0,155.9530914791751,4.0,True,22.0,71.6
Meydenbauer,Bellevue,0834SB,2022-07-19,Tue,09:47,400.0,280.0,44.0,190.10429836274812,5.0,True,22.5,72.5
Meydenbauer,Bellevue,0834SB,2022-07-26,Tue,12:29,530.0,760.0,12.0,133.57698776954425,4.0,True,25.3,77.5
Meydenbauer,Bellevue,0834SB,2022-08-02,Tue,10:59,6.0,2.0,7.0,68.9398470115674,4.0,False,26.0,78.8
Meydenbauer,Bellevue,0834SB,2022-08-09,Tue,09:21,150.0,120.0,62.0,73.46548745819392,4.0,False,23.2,73.8
Meydenbauer,Bellevue,0834SB,2022-08-16,Tue,10:13,6900.0,460.0,110.0,98.354061728477,5.0,True,24.2,75.6
Meydenbauer,Bellevue,0834SB,2022-08-23,Tue,11:38,300.0,51.0,31.0,84.14296175585014,4.0,False,24.5,76.1
Meydenbauer,Bellevue,0834SB,2022-08-30,Tue,09:54,730.0,230.0,86.0,90.5113461364354,3.0,True,23.5,74.3
Meydenbauer,Bellevue,0834SB,2022-09-07,Wed,09:44,51.0,25.0,31.0,136.41931469719904,3.0,False,22.1,71.8
Meydenbauer,Bellevue,0834SB,2022-09-13,Tue,09:17,66.0,120.0,110.0,134.18566052687493,3.0,False,21.4,70.5
Meydenbauer,Bellevue,0834SB,2022-09-20,Tue,09:56,55.0,86.0,51.0,82.60409083969901,1.0,False,20.2,68.4
Meydenbauer,Bellevue,0834SB,2022-09-26,Mon,11:23,,,,,,,19.9,67.8
Meydenbauer,Bellevue,0834SB,2022-10-03,Mon,12:17,,,,,,,20.1,68.2
Meydenbauer,Bellevue,0834SB,2022-10-11,Tue,12:36,,,,,,,19.7,67.5
Meydenbauer,Bellevue,0834SB,2022-10-17,Mon,12:38,,,,,,,19.5,67.1
Meydenbauer,Bellevue,0834SB,2022-10-24,Mon,12:03,,,,,,,16.6,61.9
Meydenbauer,Bellevue,0834SB,2023-05-16,Tue,09:06,18.0,20.0,37.0,23.70471518638994,0.0,False,18.5,65.3
Meydenbauer,Bellevue,0834SB,2023-05-23,Tue,08:58,7.0,12.0,4.0,12.837306695513346,0.0,False,18.7,65.7
Meydenbauer,Bellevue,0834SB,2023-05-31,Wed,09:36,14.0,13.0,13.0,12.99789840419681,0.0,False,18.7,65.7
Meydenbauer,Bellevue,0834SB,2023-06-06,Tue,09:56,5300.0,3.0,7.0,18.02794054964126,1.0,True,18.9,66.0
Meydenbauer,Bellevue,0834SB,2023-06-13,Tue,07:48,170.0,59.0,17.0,22.570449972689907,1.0,False,20.2,68.4
Meydenbauer,Bellevue,0834SB,2023-06-20,Tue,10:55,6.0,25.0,32.0,21.08576449368171,1.0,False,17.7,63.9
Meydenbauer,Bellevue,0834SB,2023-06-27,Tue,12:19,18.0,13.0,25.0,25.50999993474584,1.0,False,21.2,70.2
Meydenbauer,Bellevue,0834SB,2023-07-05,Wed,10:01,23.0,10.0,38.0,27.83194582098769,1.0,False,22.2,72.0
Meydenbauer,Bellevue,0834SB,2023-07-11,Tue,09:39,7.0,6.0,10.0,19.1864155043491,0.0,False,22.5,72.5
Meydenbauer,Bellevue,0834SB,2023-07-18,Tue,11:41,61.0,6.0,2.0,13.340678777543934,0.0,False,23.5,74.3
Meydenbauer,Bellevue,0834SB,2023-07-25,Tue,12:03,45.0,5.0,2.0,11.393120190053663,0.0,False,23.4,74.1
Meydenbauer,Bellevue,0834SB,2023-08-01,Tue,09:13,33.0,41.0,17.0,12.48193938023402,0.0,False,22.7,72.9
Meydenbauer,Bellevue,0834SB,2023-08-08,Tue,11:16,900.0,23.0,11.0,15.512156427081818,1.0,True,23.4,74.1
Meydenbauer,Bellevue,0834SB,2023-08-15,Tue,10:16,54.0,64.0,16.0,21.47674549467077,1.0,False,24.0,75.2
Meydenbauer,Bellevue,0834SB,2023-08-22,Tue,09:51,23.0,24.0,32.0,26.554634960073688,1.0,False,23.1,73.6
Meydenbauer,Bellevue,0834SB,2023-08-29,Tue,09:21,10.0,7.0,10.0,27.34844916685689,1.0,False,22.4,72.3
Meydenbauer,Bellevue,0834SB,2023-09-06,Wed,08:45,35.0,35.0,62.0,29.61543445607736,1.0,False,21.0,69.8
Meydenbauer,Bellevue,0834SB,2023-09-12,Tue,10:30,42.0,20.0,43.0,26.19451864324473,0.0,False,20.8,69.4
Meydenbauer,Bellevue,0834SB,2023-09-19,Tue,09:09,36.0,59.0,68.0,27.925978719303192,0.0,False,20.0,68.0
Meydenbauer,Bellevue,0834SB,2023-09-25,Mon,10:23,,,,,,,18.9,66.0
Meydenbauer,Bellevue,0834SB,2023-10-02,Mon,12:24,,,,,,,17.6,63.7
Meydenbauer,Bellevue,0834SB,2023-10-10,Tue,12:34,,,,,,,,
Meydenbauer,Bellevue,0834SB,2023-10-16,Mon,12:17,,,,,,,16.6,61.9
Meydenbauer,Bellevue,0834SB,2023-10-23,Mon,11:06,,,,,,,15.6,60.1
Meydenbauer,Bellevue,0834SB,2024-05-13,Mon,11:21,9.0,14.0,12.0,11.477587096634338,0.0,False,15.0,59.0
Meydenbauer,Bellevue,0834SB,2024-05-20,Mon,12:53,16.0,9.0,30.0,13.672226872994749,0.0,False,17.3,63.1
Meydenbauer,Bellevue,0834SB,2024-05-28,Tue,12:16,57.0,53.0,35.0,20.676294094872688,0.0,False,14.8,58.6
Meydenbauer,Bellevue,0834SB,2024-06-03,Mon,13:05,120.0,52.0,72.0,28.684521931615897,0.0,False,15.7,60.3
Meydenbauer,Bellevue,0834SB,2024-06-10,Mon,12:28,23.0,11.0,5.0,23.600658892754044,0.0,False,18.5,65.3
Meydenbauer,Bellevue,0834SB,2024-06-17,Mon,10:57,97.0,72.0,73.0,34.78957697209521,0.0,False,16.5,61.7
Meydenbauer,Bellevue,0834SB,2024-06-24,Mon,12:39,73.0,75.0,170.0,49.774369539129744,0.0,False,20.1,68.2
Meydenbauer,Bellevue,0834SB,2024-07-01,Mon,13:13,190.0,610.0,220.0,71.75049875046828,1.0,True,21.3,70.3
Meydenbauer,Bellevue,0834SB,2024-07-08,Mon,12:30,130.0,130.0,230.0,82.85106357431697,1.0,False,24.5,76.1
Meydenbauer,Bellevue,0834SB,2024-07-15,Mon,12:47,130.0,73.0,120.0,130.39328203386304,1.0,False,25.6,78.1
Meydenbauer,Bellevue,0834SB,2024-07-22,Mon,12:08,80.0,46.0,52.0,122.14719217692956,1.0,False,23.8,74.8
Meydenbauer,Bellevue,0834SB,2024-07-29,Mon,11:56,240.0,210.0,460.0,151.3470091635736,2.0,True,25.1,77.2
Meydenbauer,Bellevue,0834SB,2024-08-05,Mon,13:49,37.0,41.0,20.0,96.60682452959132,1.0,False,25.1,77.2
Meydenbauer,Bellevue,0834SB,2024-08-12,Mon,11:19,110.0,32.0,23.0,74.63081843660869,1.0,False,23.5,74.3
Meydenbauer,Bellevue,0834SB,2024-08-19,Mon,11:22,9200.0,640.0,130.0,115.19026675332547,3.0,True,23.6,74.5
Meydenbauer,Bellevue,0834SB,2024-08-26,Mon,11:22,330.0,160.0,240.0,152.3405026180148,4.0,True,21.2,70.2
Meydenbauer,Bellevue,0834SB,2024-09-03,Tue,13:19,37.0,14.0,13.0,88.5158478737202,3.0,False,21.9,71.4
Meydenbauer,Bellevue,0834SB,2024-09-09,Mon,12:31,6.0,5.0,12.0,65.86279579154107,3.0,False,22.0,71.6
Meydenbauer,Bellevue,0834SB,2024-09-16,Mon,12:25,620.0,72.0,9.0,73.28581271686637,4.0,True,20.8,69.4
Meydenbauer,Bellevue,0834SB,2024-09-23,Mon,10:22,27.0,260.0,100.0,45.974283789408354,2.0,False,19.8,67.6
Meydenbauer,Bellevue,0834SB,2024-09-30,Mon,12:14,,,,,,,19.6,67.3
Meydenbauer,Bellevue,0834SB,2024-10-07,Mon,11:04,,,,,,,18.0,64.4
Meydenbauer,Bellevue,0834SB,2024-10-15,Tue,13:35,,,,,,,17.5,63.5
Meydenbauer,Bellevue,0834SB,2024-10-21,Mon,13:08,,,,,,,16.1,61.0
Meydenbauer,Bellevue,0834SB,2025-05-12,Mon,13:16,7.0,5.0,7.0,6.257324745675973,0.0,False,16.9,62.4
Meydenbauer,Bellevue,0834SB,2025-05-19,Mon,12:11,160.0,110.0,190.0,30.589477500519507,0.0,False,16.1,61.0
Meydenbauer,Bellevue,0834SB,2025-05-27,Tue,12:39,250.0,14.0,6.0,29.554795650704555,0.0,False,19.0,66.2
Meydenbauer,Bellevue,0834SB,2025-06-02,Mon,12:04,80.0,11.0,6.0,25.893482508186217,0.0,False,20.0,68.0
Meydenbauer,Bellevue,0834SB,2025-06-09,Mon,11:01,150.0,270.0,120.0,37.69885176648034,0.0,False,22.1,71.8
Meydenbauer,Bellevue,0834SB,2025-06-16,Mon,13:08,33.0,32.0,18.0,50.386339884777854,0.0,False,21.7,71.1
Meydenbauer,Bellevue,0834SB,2025-06-23,Mon,10:50,53.0,36.0,19.0,37.26637862582816,0.0,False,20.5,68.9
Meydenbauer,Bellevue,0834SB,2025-06-30,Mon,13:13,630.0,410.0,130.0,60.94065105430247,2.0,True,22.5,72.5
Meydenbauer,Bellevue,0834SB,2025-07-07,Mon,12:30,670.0,80.0,43.0,91.39176075037352,3.0,True,23.3,73.9
Meydenbauer,Bellevue,0834SB,2025-07-14,Mon,12:05,97.0,82.0,50.0,77.34549073751077,3.0,False,24.3,75.7
Meydenbauer,Bellevue,0834SB,2025-07-21,Mon,13:11,98.0,61.0,4.0,78.53808323572612,3.0,False,24.2,75.6
Meydenbauer,Bellevue,0834SB,2025-07-28,Mon,13:17,330.0,1000.0,310.0,133.3879327918578,5.0,True,24.2,75.6
Meydenbauer,Bellevue,0834SB,2025-08-04,Mon,11:54,93.0,120.0,11.0,91.75910103321786,3.0,False,22.9,73.2
Meydenbauer,Bellevue,0834SB,2025-08-11,Mon,12:32,400.0,130.0,200.0,101.4555531519758,3.0,True,24.2,75.6
Meydenbauer,Bellevue,0834SB,2025-08-18,Mon,13:05,48.0,68.0,14.0,87.82752870054686,3.0,False,24.1,75.4
Meydenbauer,Bellevue,0834SB,2025-08-25,Mon,12:52,230.0,140.0,33.0,113.10477062569332,3.0,False,24.5,76.1
Meydenbauer,Bellevue,0834SB,2025-09-02,Tue,13:24,50.0,32.0,43.0,69.50164924022201,1.0,False,24.6,76.3
Meydenbauer,Bellevue,0834SB,2025-09-08,Mon,11:07,58.0,41.0,15.0,64.00464978890925,1.0,False,23.1,73.6
Meydenbauer,Bellevue,0834SB,2025-09-15,Mon,12:47,110.0,22.0,16.0,44.08305252724031,0.0,False,,
Meydenbauer,Bellevue,0834SB,2025-09-22,Mon,12:08,,,,,,,21.1,70.0
Meydenbauer,Bellevue,0834SB,2025-09-29,Mon,11:26,,,,,,,19.8,67.6
Meydenbauer,Bellevue,0834SB,2025-10-06,Mon,12:44,,,,,,,19.6,67.3
Meydenbauer,Bellevue,0834SB,2025-10-14,Tue,12:28,,,,,,,17.3,63.1
Meydenbauer,Bellevue,0834SB,2025-10-20,Mon,12:15,,,,,,,16.2,61.2
Meydenbauer,Bellevue,0834SB,2026-05-11,Mon,12:32,4.0,5.0,5.0,4.641588833612778,0.0,False,17.9,64.2
Meydenbauer,Bellevue,0834SB,2026-05-18,Mon,10:14,14.0,14.0,6.0,6.999514007005351,0.0,False,15.4,59.7
Meydenbauer,Bellevue,0834SB,2026-05-26,Tue,12:30,38.0,25.0,30.0,11.43829659279337,0.0,False,17.2,63.0
Meydenbauer,Bellevue,0834SB,2026-06-01,Mon,13:01,69.0,240.0,180.0,21.542631449058465,0.0,False,18.8,65.8
Meydenbauer,Bellevue,0834SB,2026-06-08,Mon,12:27,55.0,65.0,8.0,23.10628204191926,0.0,False,18.2,64.8
Meydenbauer,Bellevue,0834SB,2026-06-15,Mon,08:22,130.0,250.0,360.0,50.30476535777273,1.0,True,19.2,66.6
Meydenbauer,Bellevue,0834SB,2026-06-22,Mon,09:22,300.0,390.0,260.0,99.03588498942356,2.0,True,21.8,71.2
Meydenbauer,Bellevue,0834SB,2026-06-29,Mon,09:06,71.0,45.0,5.0,95.28670746368496,2.0,False,20.2,68.4
Meydenbauer,Bellevue,0834SB,2026-07-06,Mon,09:19,430.0,56.0,7.0,78.67929013274163,3.0,True,20.1,68.2
Meydenbauer,Bellevue,0834SB,2026-07-13,Mon,11:22,180.0,29.0,21.0,86.0522077903638,3.0,False,22.1,71.8
Meydenbauer,Bellevue,0834SB,2026-07-20,Mon,11:53,300.0,310.0,23.0,76.83581085209832,2.0,False,23.6,74.5
Meydenbauer,Bellevue,0834SB,2026-07-27,Mon,12:50,260.0,67.0,23.0,57.5711357537302,1.0,False,23.7,74.7
Meydenbauer,Bellevue,0834SB,2026-08-03,Mon,12:09,250.0,77.0,24.0,72.0473820140717,1.0,False,22.6,72.7
Meydenbauer,Bellevue,0834SB,2026-08-10,Mon,08:50,76.0,71.0,26.0,71.17119461624756,0.0,False,23.3,73.9
Meydenbauer,Bellevue,0834SB,2026-08-17,Mon,12:52,29.0,19.0,19.0,60.85626331518102,0.0,False,24.6,76.3
Meydenbauer,Bellevue,0834SB,2026-08-24,Mon,09:12,13.0,28.0,15.0,40.87308385365116,0.0,False,23.1,73.6
Meydenbauer,Bellevue,0834SB,2026-08-31,Mon,00:00,290.0,64.0,23.0,41.046178330581824,0.0,False,,
Mt Baker,Seattle,0820SB,2019-05-13,Mon,13:13,1.0,3.0,2.0,1.81712059283214,0.0,False,16.4,61.5
Mt Baker,Seattle,0820SB,2019-05-20,Mon,13:08,3.0,8.0,10.0,3.3604214537126653,0.0,False,15.6,60.1
Mt Baker,Seattle,0820SB,2019-05-28,Tue,08:58,19.0,6.0,15.0,5.130396797715969,0.0,False,15.4,59.7
Mt Baker,Seattle,0820SB,2019-06-03,Mon,11:28,31.0,50.0,54.0,8.766784646599126,0.0,False,19.0,66.2
Mt Baker,Seattle,0820SB,2019-06-10,Mon,13:23,49.0,350.0,210.0,15.537143086286218,1.0,True,21.0,69.8
Mt Baker,Seattle,0820SB,2019-06-17,Mon,12:25,38.0,7.0,15.0,23.96399801767652,1.0,False,20.8,69.4
Mt Baker,Seattle,0820SB,2019-06-24,Mon,11:54,2.0,2.0,1.0,18.23962303246123,1.0,False,19.2,66.6
Mt Baker,Seattle,0820SB,2019-07-01,Mon,09:05,14.0,14.0,15.0,18.91062748337965,1.0,False,20.9,69.6
Mt Baker,Seattle,0820SB,2019-07-08,Mon,15:10,9.0,2.0,360.0,15.945173266820522,2.0,True,21.2,70.2
Mt Baker,Seattle,0820SB,2019-07-15,Mon,14:27,5.0,3.0,10.0,8.13960066929798,1.0,False,22.1,71.8
Mt Baker,Seattle,0820SB,2019-07-22,Mon,11:41,2.0,10.0,5.0,6.366072385220264,1.0,False,22.4,72.3
Mt Baker,Seattle,0820SB,2019-07-29,Mon,14:03,34.0,7.0,8.0,9.602375889479172,1.0,False,23.3,73.9
Mt Baker,Seattle,0820SB,2019-08-05,Mon,12:25,11.0,12.0,50.0,10.13425457400043,1.0,False,23.6,74.5
Mt Baker,Seattle,0820SB,2019-08-12,Mon,10:50,5.0,4.0,5.0,7.673970804100941,0.0,False,22.6,72.7
Mt Baker,Seattle,0820SB,2019-08-19,Mon,12:25,18.0,10.0,7.0,8.843796926615477,0.0,False,22.8,73.0
Mt Baker,Seattle,0820SB,2019-08-26,Mon,14:25,31.0,18.0,27.0,12.354882682481996,0.0,False,23.4,74.1
Mt Baker,Seattle,0820SB,2019-09-03,Tue,12:22,8.0,27.0,12.0,12.61158959081092,0.0,False,24.1,75.4
Mt Baker,Seattle,0820SB,2019-09-09,Mon,14:51,4.0,3.0,6.0,9.33159181382158,0.0,False,21.6,70.9
Mt Baker,Seattle,0820SB,2019-09-16,Mon,12:40,12.0,30.0,100.0,13.815795625653138,0.0,False,20.7,69.3
Mt Baker,Seattle,0820SB,2019-09-23,Mon,09:41,,,,,,,19.4,66.9
Mt Baker,Seattle,0820SB,2019-09-30,Mon,08:40,,,,,,,17.6,63.7
Mt Baker,Seattle,0820SB,2019-10-07,Mon,09:59,,,,,,,16.7,62.1
Mt Baker,Seattle,0820SB,2019-10-14,Mon,08:55,,,,,,,15.0,59.0
Mt Baker,Seattle,0820SB,2019-10-21,Mon,09:07,,,,,,,13.9,57.0
Mt Baker,Seattle,0820SB,2020-05-12,Tue,09:26,1.0,1.0,32.0,3.1748021039363987,0.0,False,15.2,59.4
Mt Baker,Seattle,0820SB,2020-05-19,Tue,09:32,1.0,5.0,1.0,2.329986101501426,0.0,False,15.8,60.4
Mt Baker,Seattle,0820SB,2020-05-26,Tue,09:30,1.0,1.0,2.0,1.8982350911593704,0.0,False,15.5,59.9
Mt Baker,Seattle,0820SB,2020-06-02,Tue,09:46,10.0,9.0,6.0,2.7318822612712026,0.0,False,17.7,63.9
Mt Baker,Seattle,0820SB,2020-06-09,Tue,09:57,3.0,2.0,2.0,2.637029565255644,0.0,False,15.6,60.1
Mt Baker,Seattle,0820SB,2020-06-16,Tue,11:52,3.0,4.0,6.0,2.783516714361816,0.0,False,17.0,62.6
Mt Baker,Seattle,0820SB,2020-06-23,Tue,09:26,1.0,8.0,4.0,3.150207528659286,0.0,False,20.2,68.4
Mt Baker,Seattle,0820SB,2020-06-30,Tue,08:43,3.0,3.0,1.0,3.482464243828629,0.0,False,19.1,66.4
Mt Baker,Seattle,0820SB,2020-07-07,Tue,11:18,4.0,3.0,3.0,2.907237969733467,0.0,False,18.4,65.1
Mt Baker,Seattle,0820SB,2020-07-14,Tue,09:17,5.0,20.0,37.0,4.260055730258568,0.0,False,20.4,68.7
Mt Baker,Seattle,0820SB,2020-07-21,Tue,09:44,60.0,84.0,160.0,7.931642821441733,0.0,False,22.3,72.1
Mt Baker,Seattle,0820SB,2020-07-28,Tue,09:15,4500.0,6200.0,550.0,30.066596991727277,3.0,True,22.5,72.5
Mt Baker,Seattle,0820SB,2020-08-04,Tue,10:18,21.0,14.0,23.0,46.75267382007938,3.0,False,23.4,74.1
Mt Baker,Seattle,0820SB,2020-08-11,Tue,09:41,5.0,4.0,3.0,48.37225907014261,3.0,False,22.7,72.9
Mt Baker,Seattle,0820SB,2020-08-18,Tue,09:31,8.0,36.0,6.0,45.97825710333899,3.0,False,23.0,73.4
Mt Baker,Seattle,0820SB,2020-08-25,Tue,10:16,10.0,1.0,3.0,23.29470527741124,3.0,False,22.5,72.5
Mt Baker,Seattle,0820SB,2020-09-01,Tue,09:50,4.0,1.0,1.0,5.349708191857906,0.0,False,21.9,71.4
Mt Baker,Seattle,0820SB,2020-09-08,Tue,10:02,1.0,1.0,1.0,2.9716095744978337,0.0,False,21.7,71.1
Mt Baker,Seattle,0820SB,2020-09-22,Tue,09:25,,,,,,,20.2,68.4
Mt Baker,Seattle,0820SB,2020-09-29,Tue,10:08,,,,,,,19.3,66.7
Mt Baker,Seattle,0820SB,2020-10-06,Tue,10:37,,,,,,,18.6,65.5
Mt Baker,Seattle,0820SB,2020-10-13,Tue,09:49,,,,,,,16.7,62.1
Mt Baker,Seattle,0820SB,2020-10-20,Tue,10:10,,,,,,,15.8,60.4
Mt Baker,Seattle,0820SB,2020-10-27,Tue,10:18,,,,,,,14.0,57.2
Mt Baker,Seattle,0820SB,2021-05-18,Tue,09:43,37.0,69.0,70.0,56.32695639528285,0.0,False,14.4,57.9
Mt Baker,Seattle,0820SB,2021-05-25,Tue,12:34,11.0,9.0,10.0,23.693579408474864,0.0,False,14.6,58.3
Mt Baker,Seattle,0820SB,2021-06-01,Tue,09:44,5.0,8.0,5.0,14.86245146710636,0.0,False,17.4,63.3
Mt Baker,Seattle,0820SB,2021-06-08,Tue,09:50,1.0,5.0,13.0,10.718745271664393,0.0,False,17.3,63.1
Mt Baker,Seattle,0820SB,2021-06-15,Tue,09:45,35.0,84.0,17.0,13.720446464100336,0.0,False,17.6,63.7
Mt Baker,Seattle,0820SB,2021-06-22,Tue,11:34,3.0,23.0,17.0,9.813972892198576,0.0,False,20.1,68.2
Mt Baker,Seattle,0820SB,2021-06-29,Tue,09:39,33.0,28.0,33.0,12.333364547356028,0.0,False,25.4,77.7
Mt Baker,Seattle,0820SB,2021-07-06,Tue,09:21,3.0,1.0,6.0,10.504234353111125,0.0,False,22.9,73.2
Mt Baker,Seattle,0820SB,2021-07-13,Tue,09:53,2.0,5.0,9.0,10.73461186120396,0.0,False,23.5,74.3
Mt Baker,Seattle,0820SB,2021-07-20,Tue,10:08,4.0,2.0,2.0,6.277806538430062,0.0,False,23.1,73.6
Mt Baker,Seattle,0820SB,2021-07-27,Tue,10:35,11.0,4.0,18.0,6.115562458413597,0.0,False,24.3,75.7
Mt Baker,Seattle,0820SB,2021-08-03,Tue,10:11,6.0,16.0,10.0,4.856336377182453,0.0,False,24.3,75.7
Mt Baker,Seattle,0820SB,2021-08-10,Tue,10:08,6.0,1.0,1.0,4.513367290527609,0.0,False,23.7,74.7
Mt Baker,Seattle,0820SB,2021-08-17,Tue,09:38,1.0,2.0,1.0,3.5017610644383126,0.0,False,22.7,72.9
Mt Baker,Seattle,0820SB,2021-08-24,Tue,09:11,7.0,190.0,2.0,4.924218171846968,0.0,False,21.7,71.1
Mt Baker,Seattle,0820SB,2021-08-31,Tue,09:19,12.0,1.0,2.0,3.900345001287116,0.0,False,20.4,68.7
Mt Baker,Seattle,0820SB,2021-09-07,Tue,09:59,2.0,1.0,11.0,3.0323532118986285,0.0,False,21.1,70.0
Mt Baker,Seattle,0820SB,2021-09-14,Tue,09:24,10.0,3.0,55.0,4.409628132449753,0.0,False,20.4,68.7
Mt Baker,Seattle,0820SB,2021-09-21,Tue,09:55,1.0,1.0,1.0,4.210496398636817,0.0,False,18.9,66.0
Mt Baker,Seattle,0820SB,2021-09-28,Tue,10:22,,,,,,,17.6,63.7
Mt Baker,Seattle,0820SB,2021-10-05,Tue,10:28,,,,,,,16.8,62.2
Mt Baker,Seattle,0820SB,2021-10-12,Tue,09:41,,,,,,,15.1,59.2
Mt Baker,Seattle,0820SB,2021-10-19,Tue,10:41,,,,,,,14.8,58.6
Mt Baker,Seattle,0820SB,2021-10-26,Tue,09:52,,,,,,,12.9,55.2
Mt Baker,Seattle,0820SB,2022-05-16,Mon,10:04,5.0,31.0,9.0,11.17355580934557,0.0,False,12.6,54.7
Mt Baker,Seattle,0820SB,2022-05-23,Mon,09:40,16.0,4.0,2.0,7.5040784021409666,0.0,False,15.1,59.2
Mt Baker,Seattle,0820SB,2022-05-31,Tue,09:31,4.0,4.0,68.0,8.335560075033204,0.0,False,15.0,59.0
Mt Baker,Seattle,0820SB,2022-06-06,Mon,09:14,3.0,3.0,5.0,6.737034926730312,0.0,False,15.8,60.4
Mt Baker,Seattle,0820SB,2022-06-13,Mon,09:37,6.0,30.0,22.0,7.9913726842780815,0.0,False,15.9,60.6
Mt Baker,Seattle,0820SB,2022-06-21,Tue,09:07,68.0,19.0,6.0,8.95936758616863,0.0,False,17.3,63.1
Mt Baker,Seattle,0820SB,2022-06-27,Mon,09:25,13.0,18.0,10.0,10.87454465786648,0.0,False,20.1,68.2
Mt Baker,Seattle,0820SB,2022-07-05,Tue,09:13,30.0,23.0,36.0,13.396127144726824,0.0,False,19.2,66.6
Mt Baker,Seattle,0820SB,2022-07-11,Mon,08:56,40.0,32.0,23.0,20.63926752122181,0.0,False,21.1,70.0
Mt Baker,Seattle,0820SB,2022-07-18,Mon,10:14,220.0,23.0,43.0,26.958094998445723,0.0,False,21.4,70.5
Mt Baker,Seattle,0820SB,2022-07-25,Mon,09:13,13.0,10.0,7.0,23.370304694540984,0.0,False,22.9,73.2
Mt Baker,Seattle,0820SB,2022-08-01,Mon,09:56,1.0,1.0,1.0,13.93317154359876,0.0,False,26.5,79.7
Mt Baker,Seattle,0820SB,2022-08-08,Mon,08:56,21.0,17.0,15.0,12.578354865093536,0.0,False,23.7,74.7
Mt Baker,Seattle,0820SB,2022-08-15,Mon,09:19,8.0,3.0,50.0,10.16186464209326,0.0,False,23.1,73.6
Mt Baker,Seattle,0820SB,2022-08-22,Mon,08:20,3.0,4.0,1.0,5.285396311684199,0.0,False,23.3,73.9
Mt Baker,Seattle,0820SB,2022-08-29,Mon,09:36,3.0,1.0,1.0,3.6109062651174657,0.0,False,22.8,73.0
Mt Baker,Seattle,0820SB,2022-09-06,Tue,09:03,2.0,5.0,10.0,4.908508508350735,0.0,False,21.5,70.7
Mt Baker,Seattle,0820SB,2022-09-12,Mon,09:41,7.0,5.0,7.0,3.996164174762168,0.0,False,20.9,69.6
Mt Baker,Seattle,0820SB,2022-09-19,Mon,09:54,2.0,19.0,7.0,3.614292929274198,0.0,False,20.4,68.7
Mt Baker,Seattle,0820SB,2022-09-26,Mon,09:37,,,,,,,19.9,67.8
Mt Baker,Seattle,0820SB,2022-10-03,Mon,09:31,,,,,,,19.3,66.7
Mt Baker,Seattle,0820SB,2022-10-11,Tue,10:08,,,,,,,18.9,66.0
Mt Baker,Seattle,0820SB,2022-10-17,Mon,09:39,,,,,,,18.2,64.8
Mt Baker,Seattle,0820SB,2022-10-24,Mon,09:56,,,,,,,16.4,61.5
Mt Baker,Seattle,0820SB,2023-05-15,Mon,09:01,22.0,20.0,13.0,17.88402807348254,0.0,False,18.3,64.9
Mt Baker,Seattle,0820SB,2023-05-22,Mon,09:00,,,,,,,,
Mt Baker,Seattle,0820SB,2023-06-05,Mon,10:05,5.0,4.0,5.0,9.110999122263928,0.0,False,19.1,66.4
Mt Baker,Seattle,0820SB,2023-06-12,Mon,10:09,69.0,350.0,95.0,22.204885082875844,1.0,True,20.2,68.4
Mt Baker,Seattle,0820SB,2023-06-20,Tue,08:23,16.0,29.0,14.0,22.520986870711475,1.0,False,17.4,63.3
Mt Baker,Seattle,0820SB,2023-06-26,Mon,08:49,50.0,7.0,5.0,19.26166094004061,1.0,False,19.0,66.2
Mt Baker,Seattle,0820SB,2023-07-05,Wed,08:43,5.0,10.0,6.0,21.10832821009692,1.0,False,22.4,72.3
Mt Baker,Seattle,0820SB,2023-07-10,Mon,10:57,5.0,6.0,11.0,16.88355900665754,1.0,False,21.3,70.3
Mt Baker,Seattle,0820SB,2023-07-17,Mon,11:30,12.0,12.0,11.0,10.39293702634034,0.0,False,23.2,73.8
Mt Baker,Seattle,0820SB,2023-07-24,Mon,09:55,23.0,37.0,33.0,11.4584215236283,0.0,False,22.9,73.2
Mt Baker,Seattle,0820SB,2023-07-31,Mon,09:08,2.0,6.0,4.0,9.015815324985542,0.0,False,22.8,73.0
Mt Baker,Seattle,0820SB,2023-08-07,Mon,09:33,4.0,9.0,8.0,8.99131244440442,0.0,False,22.8,73.0
Mt Baker,Seattle,0820SB,2023-08-14,Mon,09:31,8.0,8.0,14.0,9.6104272199317,0.0,False,24.1,75.4
Mt Baker,Seattle,0820SB,2023-08-21,Mon,08:46,5.0,2.0,1.0,6.8563400512332375,0.0,False,23.0,73.4
Mt Baker,Seattle,0820SB,2023-08-28,Mon,08:38,2.0,2.0,2.0,3.978647361372256,0.0,False,22.3,72.1
Mt Baker,Seattle,0820SB,2023-09-05,Tue,09:25,1.0,1.0,1.0,3.0736378736043246,0.0,False,20.5,68.9
Mt Baker,Seattle,0820SB,2023-09-11,Mon,08:46,1.0,1.0,1.0,2.107139070145721,0.0,False,20.5,68.9
Mt Baker,Seattle,0820SB,2023-09-18,Mon,10:10,4.0,1.0,1.0,1.468960096422046,0.0,False,20.1,68.2
Mt Baker,Seattle,0820SB,2023-09-25,Mon,08:36,,,,,,,18.7,65.7
Mt Baker,Seattle,0820SB,2023-10-02,Mon,10:11,,,,,,,17.2,63.0
Mt Baker,Seattle,0820SB,2023-10-10,Tue,14:57,,,,,,,,
Mt Baker,Seattle,0820SB,2023-10-16,Mon,09:42,,,,,,,16.4,61.5
Mt Baker,Seattle,0820SB,2023-10-23,Mon,09:03,,,,,,,15.6,60.1
Mt Baker,Seattle,0820SB,2024-05-13,Mon,09:23,8.0,13.0,21.0,12.974308233432698,0.0,False,15.7,60.3
Mt Baker,Seattle,0820SB,2024-05-20,Mon,08:16,8.0,2.0,4.0,7.203973412897274,0.0,False,15.1,59.2
Mt Baker,Seattle,0820SB,2024-05-28,Tue,09:29,660.0,560.0,470.0,30.70798932381076,3.0,True,13.9,57.0
Mt Baker,Seattle,0820SB,2024-06-03,Mon,10:06,5500.0,6800.0,590.0,94.9326280012722,6.0,True,14.3,57.7
Mt Baker,Seattle,0820SB,2024-06-10,Mon,08:53,22.0,32.0,8.0,67.91670052995998,6.0,False,16.0,60.8
Mt Baker,Seattle,0820SB,2024-06-17,Mon,10:49,14.0,17.0,32.0,73.81447456512775,6.0,False,16.5,61.7
Mt Baker,Seattle,0820SB,2024-06-24,Mon,09:33,38.0,9.0,14.0,98.4176846780854,6.0,False,18.1,64.6
Mt Baker,Seattle,0820SB,2024-07-01,Mon,10:39,26.0,39.0,50.0,57.20294036173775,3.0,False,20.0,68.0
Mt Baker,Seattle,0820SB,2024-07-08,Mon,11:04,58.0,26.0,27.0,23.72217211327408,0.0,False,25.1,77.2
Mt Baker,Seattle,0820SB,2024-07-15,Mon,11:34,17.0,15.0,11.0,22.64500741266791,0.0,False,24.3,75.7
Mt Baker,Seattle,0820SB,2024-07-22,Mon,11:25,12.0,10.0,5.0,19.11616431325736,0.0,False,23.7,74.7
Mt Baker,Seattle,0820SB,2024-07-29,Mon,12:42,44.0,5.0,13.0,18.47062314887356,0.0,False,22.3,72.1
Mt Baker,Seattle,0820SB,2024-08-05,Mon,11:36,98.0,41.0,49.0,20.21908126607611,0.0,False,24.4,75.9
Mt Baker,Seattle,0820SB,2024-08-12,Mon,08:59,150.0,30.0,23.0,21.516572972964205,0.0,False,22.1,71.8
Mt Baker,Seattle,0820SB,2024-08-19,Mon,08:25,9.0,9.0,3.0,18.278953496487738,0.0,False,21.8,71.2
Mt Baker,Seattle,0820SB,2024-08-26,Mon,12:40,8.0,91.0,88.0,24.95641399231923,0.0,False,21.7,71.1
Mt Baker,Seattle,0820SB,2024-09-03,Tue,11:33,30.0,22.0,22.0,27.81135958233275,0.0,False,20.9,69.6
Mt Baker,Seattle,0820SB,2024-09-09,Mon,12:11,7.0,12.0,11.0,19.453001375311946,0.0,False,21.3,70.3
Mt Baker,Seattle,0820SB,2024-09-16,Mon,11:50,6.0,9.0,50.0,15.255092491852706,0.0,False,19.9,67.8
Mt Baker,Seattle,0820SB,2024-09-23,Mon,14:22,,,,,,,20.6,69.1
Mt Baker,Seattle,0820SB,2024-09-30,Mon,11:41,,,,,,,18.9,66.0
Mt Baker,Seattle,0820SB,2024-10-07,Mon,09:13,,,,,,,17.3,63.1
Mt Baker,Seattle,0820SB,2024-10-15,Tue,08:59,,,,,,,16.6,61.9
Mt Baker,Seattle,0820SB,2024-10-21,Mon,12:45,,,,,,,15.7,60.3
Mt Baker,Seattle,0820SB,2025-05-12,Mon,09:28,1.0,1.0,4.0,1.5874010519681994,0.0,False,15.1,59.2
Mt Baker,Seattle,0820SB,2025-05-19,Mon,09:30,7.0,4.0,11.0,3.2741742198500567,0.0,False,14.2,57.6
Mt Baker,Seattle,0820SB,2025-05-27,Tue,09:37,7.0,6.0,5.0,3.994160899253522,0.0,False,15.8,60.4
Mt Baker,Seattle,0820SB,2025-06-02,Mon,09:53,77.0,86.0,40.0,7.998157110213798,0.0,False,17.8,64.0
Mt Baker,Seattle,0820SB,2025-06-09,Mon,10:00,50.0,56.0,41.0,11.47417327186858,0.0,False,21.3,70.3
Mt Baker,Seattle,0820SB,2025-06-16,Mon,12:41,9.0,1.0,5.0,13.483363370641705,0.0,False,21.0,69.8
Mt Baker,Seattle,0820SB,2025-06-23,Mon,12:37,9.0,4900.0,470.0,28.29201984988052,2.0,True,20.5,68.9
Mt Baker,Seattle,0820SB,2025-06-30,Mon,12:47,9.0,55.0,14.0,35.71891158783707,2.0,False,22.3,72.1
Mt Baker,Seattle,0820SB,2025-07-07,Mon,10:01,10.0,30.0,32.0,28.631648547145733,2.0,False,22.0,71.6
Mt Baker,Seattle,0820SB,2025-07-14,Mon,08:57,9.0,20.0,41.0,23.844450549001458,2.0,False,22.8,73.0
Mt Baker,Seattle,0820SB,2025-07-21,Mon,12:46,5.0,5.0,5.0,25.525082394687992,2.0,False,24.0,75.2
Mt Baker,Seattle,0820SB,2025-07-28,Mon,12:59,12.0,10.0,10.0,13.319159076008583,0.0,False,24.8,76.6
Mt Baker,Seattle,0820SB,2025-08-04,Mon,12:22,31.0,19.0,19.0,13.751577370622693,0.0,False,23.0,73.4
Mt Baker,Seattle,0820SB,2025-08-11,Mon,10:25,27.0,13.0,20.0,13.467601021822489,0.0,False,23.9,75.0
Mt Baker,Seattle,0820SB,2025-08-18,Mon,09:44,94.0,86.0,77.0,18.10065482063298,0.0,False,22.1,71.8
Mt Baker,Seattle,0820SB,2025-08-25,Mon,09:37,18.0,6.0,21.0,21.95886163953056,0.0,False,23.5,74.3
Mt Baker,Seattle,0820SB,2025-09-02,Tue,12:13,1.0,3.0,3.0,15.847006637769702,0.0,False,20.0,68.0
Mt Baker,Seattle,0820SB,2025-09-08,Mon,10:09,1.0,12.0,5.0,11.183199268753905,0.0,False,22.2,72.0
Mt Baker,Seattle,0820SB,2025-09-15,Mon,12:27,16.0,9.0,14.0,10.290653563546025,0.0,False,21.0,69.8
Mt Baker,Seattle,0820SB,2025-09-22,Mon,08:50,,,,,,,20.0,68.0
Mt Baker,Seattle,0820SB,2025-09-29,Mon,10:16,,,,,,,19.6,67.3
Mt Baker,Seattle,0820SB,2025-10-06,Mon,11:05,,,,,,,19.0,66.2
Mt Baker,Seattle,0820SB,2025-10-14,Tue,08:03,,,,,,,16.2,61.2
Mt Baker,Seattle,0820SB,2025-10-20,Mon,09:08,,,,,,,15.1,59.2
Mt Baker,Seattle,0820SB,2026-05-11,Mon,09:44,23.0,12.0,17.0,16.74117750281996,0.0,False,16.2,61.2
Mt Baker,Seattle,0820SB,2026-05-18,Mon,09:32,3.0,2.0,5.0,7.212401189943999,0.0,False,14.3,57.7
Mt Baker,Seattle,0820SB,2026-05-26,Tue,12:26,290.0,150.0,95.0,20.28560727479498,0.0,False,16.1,61.0
Mt Baker,Seattle,0820SB,2026-06-01,Mon,12:44,810.0,460.0,270.0,44.38895229779433,2.0,True,20.3,68.5
Mt Baker,Seattle,0820SB,2026-06-08,Mon,09:44,74.0,410.0,270.0,60.07750271184387,3.0,True,16.1,61.0
Mt Baker,Seattle,0820SB,2026-06-15,Mon,12:52,100.0,210.0,100.0,90.24766160999896,3.0,False,22.7,72.9
Mt Baker,Seattle,0820SB,2026-06-22,Mon,12:38,110.0,260.0,95.0,193.15258141734745,3.0,False,22.9,73.2
Mt Baker,Seattle,0820SB,2026-06-29,Mon,12:19,150.0,54.0,14.0,151.9825975711663,3.0,False,18.7,65.7
Mt Baker,Seattle,0820SB,2026-07-06,Mon,09:10,55.0,87.0,170.0,110.2322857132051,1.0,False,20.3,68.5
Mt Baker,Seattle,0820SB,2026-07-13,Mon,12:27,510.0,710.0,490.0,135.3168347261781,3.0,True,22.8,73.0
Mt Baker,Seattle,0820SB,2026-07-20,Mon,12:27,3.0,2.0,7.0,65.77898433547742,3.0,False,22.6,72.7
Mt Baker,Seattle,0820SB,2026-07-27,Mon,13:13,21.0,4.0,4.0,36.1052596627283,3.0,False,22.6,72.7
Mt Baker,Seattle,0820SB,2026-08-03,Mon,12:29,4.0,9.0,5.0,23.49350258388715,3.0,False,22.3,72.1
Mt Baker,Seattle,0820SB,2026-08-10,Mon,12:47,5.0,5.0,4.0,12.890181877221131,3.0,False,23.2,73.8
Mt Baker,Seattle,0820SB,2026-08-17,Mon,13:11,12.0,31.0,23.0,6.644701204480065,0.0,False,23.9,75.0
Mt Baker,Seattle,0820SB,2026-08-24,Mon,12:46,95.0,260.0,19.0,12.369596722110211,0.0,False,24.1,75.4
Mt Baker,Seattle,0820SB,2026-08-31,Mon,00:00,4.0,5.0,2.0,10.733390295100763,0.0,False,,
Newcastle,Bellevue,083930SB,2019-05-13,Mon,16:11,14.0,14.0,77.0,24.71243834728245,0.0,False,18.9,66.0
Newcastle,Bellevue,083930SB,2019-05-20,Mon,16:10,46.0,28.0,27.0,28.40126848001006,0.0,False,16.7,62.1
Newcastle,Bellevue,083930SB,2019-05-28,Tue,12:58,17.0,96.0,11.0,27.64209971236402,0.0,False,17.1,62.8
Newcastle,Bellevue,083930SB,2019-06-03,Mon,14:45,61.0,24.0,6.0,25.69326517605015,0.0,False,20.9,69.6
Newcastle,Bellevue,083930SB,2019-06-10,Mon,16:11,81.0,5.0,5.0,22.29891718047289,0.0,False,19.9,67.8
Newcastle,Bellevue,083930SB,2019-06-17,Mon,16:16,31.0,150.0,97.0,27.967198652335973,0.0,False,22.6,72.7
Newcastle,Bellevue,083930SB,2019-06-24,Mon,15:43,180.0,710.0,160.0,42.78324430165432,1.0,True,21.9,71.4
Newcastle,Bellevue,083930SB,2019-07-01,Mon,12:40,950.0,87.0,1600.0,77.4622988233723,3.0,True,22.9,73.2
Newcastle,Bellevue,083930SB,2019-07-08,Mon,12:45,210.0,91.0,220.0,116.88437276683894,3.0,False,22.1,71.8
Newcastle,Bellevue,083930SB,2019-07-11,Thu,07:07,280.0,410.0,420.0,,,True,20.7,69.3
Newcastle,Bellevue,083930SB,2019-07-15,Mon,12:42,49.0,220.0,180.0,184.722954656574,3.0,False,22.5,72.5
Newcastle,Bellevue,083930SB,2019-07-18,Thu,09:35,20000.0,21000.0,310.0,,,True,21.1,70.0
Newcastle,Bellevue,083930SB,2019-07-22,Mon,15:12,2200.0,490.0,1100.0,312.2530221934582,6.0,True,23.5,74.3
Newcastle,Bellevue,083930SB,2019-07-25,Thu,09:10,360.0,1100.0,320.0,,,True,20.9,69.6
Newcastle,Bellevue,083930SB,2019-07-29,Mon,10:33,960.0,730.0,150.0,348.2642948520712,7.0,True,22.7,72.9
Newcastle,Bellevue,083930SB,2019-08-01,Thu,08:58,83.0,490.0,230.0,,,True,22.3,72.1
Newcastle,Bellevue,083930SB,2019-08-05,Mon,15:28,86.0,23.0,18.0,201.3344139856016,5.0,False,25.3,77.5
Newcastle,Bellevue,083930SB,2019-08-08,Thu,09:30,160.0,1000.0,260.0,,,True,22.0,71.6
Newcastle,Bellevue,083930SB,2019-08-12,Mon,14:42,72.0,34.0,33.0,154.70136558194784,5.0,False,24.8,76.6
Newcastle,Bellevue,083930SB,2019-08-15,Thu,07:10,74.0,110.0,92.0,,,False,22.0,71.6
Newcastle,Bellevue,083930SB,2019-08-19,Mon,12:43,52.0,52.0,22.0,122.62998848118303,5.0,False,23.6,74.5
Newcastle,Bellevue,083930SB,2019-08-26,Mon,12:43,610.0,56.0,46.0,78.84018547669544,3.0,True,22.5,72.5
Newcastle,Bellevue,083930SB,2019-09-03,Tue,09:27,1400.0,3500.0,380.0,95.49205927334792,4.0,True,21.7,71.1
Newcastle,Bellevue,083930SB,2019-09-09,Mon,17:48,1300.0,110.0,95.0,141.92905647130527,5.0,True,21.6,70.9
Newcastle,Bellevue,083930SB,2019-09-12,Thu,07:17,30.0,1200.0,1200.0,,,True,20.7,69.3
Newcastle,Bellevue,083930SB,2019-09-16,Mon,15:30,15.0,23.0,19.0,120.04787359515562,5.0,False,21.1,70.0
Newcastle,Bellevue,083930SB,2019-09-23,Mon,12:53,270.0,74.0,67.0,147.7419634512302,5.0,False,18.5,65.3
Newcastle,Bellevue,083930SB,2019-09-30,Mon,09:57,,,,,,,17.1,62.8
Newcastle,Bellevue,083930SB,2019-10-07,Mon,11:28,,,,,,,16.0,60.8
Newcastle,Bellevue,083930SB,2019-10-14,Mon,10:30,,,,,,,14.3,57.7
Newcastle,Bellevue,083930SB,2019-10-21,Mon,10:24,,,,,,,12.9,55.2
Newcastle,Bellevue,083930SB,2020-05-12,Tue,12:34,2.0,2.0,1.0,1.5874010519681994,0.0,False,16.2,61.2
Newcastle,Bellevue,083930SB,2020-05-19,Tue,13:18,29.0,3.0,2.0,2.976927147813206,0.0,False,16.4,61.5
Newcastle,Bellevue,083930SB,2020-05-26,Tue,13:27,6.0,1.0,12.0,3.3282485268360618,0.0,False,17.3,63.1
Newcastle,Bellevue,083930SB,2020-06-02,Tue,13:21,26.0,2.0,5.0,3.9166033435894057,0.0,False,17.9,64.2
Newcastle,Bellevue,083930SB,2020-06-09,Tue,13:25,920.0,240.0,230.0,9.728430917346262,1.0,True,17.2,63.0
Newcastle,Bellevue,083930SB,2020-06-16,Tue,10:00,11.0,30.0,26.0,16.22325342428785,1.0,False,16.8,62.2
Newcastle,Bellevue,083930SB,2020-06-23,Tue,13:28,380.0,420.0,1400.0,41.43608646731301,4.0,True,22.0,71.6
Newcastle,Bellevue,083930SB,2020-06-30,Tue,11:30,2.0,31.0,15.0,49.14229418773271,4.0,False,19.3,66.7
Newcastle,Bellevue,083930SB,2020-07-07,Tue,08:19,170.0,1800.0,590.0,120.47458348231876,6.0,True,19.1,66.4
Newcastle,Bellevue,083930SB,2020-07-14,Tue,12:09,660.0,980.0,7.0,102.54272238065997,7.0,True,22.3,72.1
Newcastle,Bellevue,083930SB,2020-07-21,Tue,12:54,960.0,54.0,190.0,164.02130525870336,8.0,True,23.6,74.5
Newcastle,Bellevue,083930SB,2020-07-28,Tue,12:16,960.0,860.0,290.0,164.77856418239955,7.0,True,24.1,75.4
Newcastle,Bellevue,083930SB,2020-08-04,Tue,13:53,63.0,44.0,85.0,238.31387468554607,7.0,False,25.4,77.7
Newcastle,Bellevue,083930SB,2020-08-11,Tue,13:41,37.0,37.0,29.0,135.924536788436,5.0,False,23.2,73.8
Newcastle,Bellevue,083930SB,2020-08-18,Tue,14:06,12.0,260.0,640.0,128.70506238602766,4.0,True,25.1,77.2
Newcastle,Bellevue,083930SB,2020-08-25,Tue,15:09,41.0,10.0,3.0,70.69055596275757,3.0,False,23.6,74.5
Newcastle,Bellevue,083930SB,2020-09-01,Tue,13:54,25.0,79.0,19.0,39.41893911230893,1.0,False,23.4,74.1
Newcastle,Bellevue,083930SB,2020-09-08,Tue,13:47,29.0,22.0,5.0,29.589900216567862,1.0,False,23.3,73.9
Newcastle,Bellevue,083930SB,2020-09-22,Tue,13:35,,,,,,,21.6,70.9
Newcastle,Bellevue,083930SB,2020-09-29,Tue,12:23,,,,,,,19.3,66.7
Newcastle,Bellevue,083930SB,2020-10-06,Tue,12:32,,,,,,,18.7,65.7
Newcastle,Bellevue,083930SB,2020-10-13,Tue,12:22,,,,,,,16.4,61.5
Newcastle,Bellevue,083930SB,2020-10-20,Tue,12:10,,,,,,,15.2,59.4
Newcastle,Bellevue,083930SB,2020-10-27,Tue,12:00,,,,,,,13.4,56.1
Newcastle,Bellevue,083930SB,2021-05-18,Tue,13:30,9.0,15.0,8.0,10.25985568006018,0.0,False,17.5,63.5
Newcastle,Bellevue,083930SB,2021-05-25,Tue,09:42,360.0,750.0,670.0,76.17463590027994,3.0,True,15.0,59.0
Newcastle,Bellevue,083930SB,2021-06-01,Tue,13:20,1300.0,120.0,18.0,93.54677611602142,4.0,True,18.0,64.4
Newcastle,Bellevue,083930SB,2021-06-08,Tue,12:20,7.0,130.0,100.0,77.89777771082169,4.0,False,18.7,65.7
Newcastle,Bellevue,083930SB,2021-06-15,Tue,13:10,260.0,230.0,120.0,93.38537846743468,4.0,False,19.7,67.5
Newcastle,Bellevue,083930SB,2021-06-22,Tue,11:14,1.0,12.0,5.0,77.01832149130915,4.0,False,21.5,70.7
Newcastle,Bellevue,083930SB,2021-06-29,Tue,13:15,16.0,4700.0,97.0,62.17714597677136,2.0,True,26.4,79.5
Newcastle,Bellevue,083930SB,2021-07-06,Tue,11:30,2200.0,690.0,90.0,80.55736680515017,3.0,True,23.6,74.5
Newcastle,Bellevue,083930SB,2021-07-13,Tue,12:59,8.0,35.0,15.0,65.62245218616397,3.0,False,24.3,75.7
Newcastle,Bellevue,083930SB,2021-07-20,Tue,13:21,140.0,85.0,250.0,61.88129938469945,3.0,False,22.5,72.5
Newcastle,Bellevue,083930SB,2021-07-27,Tue,09:11,47.0,88.0,360.0,121.49028284185655,4.0,True,22.9,73.2
Newcastle,Bellevue,083930SB,2021-08-03,Tue,13:17,420.0,380.0,72.0,125.22756338614724,5.0,True,24.8,76.6
Newcastle,Bellevue,083930SB,2021-08-10,Tue,13:27,640.0,11.0,5.0,72.18303790480132,4.0,True,24.4,75.9
Newcastle,Bellevue,083930SB,2021-08-17,Tue,12:10,1.0,660.0,43.0,81.98845374217586,5.0,True,22.2,72.0
Newcastle,Bellevue,083930SB,2021-08-24,Tue,12:41,51.0,24.0,14.0,58.13631872538963,5.0,False,22.2,72.0
Newcastle,Bellevue,083930SB,2021-08-31,Tue,13:17,390.0,250.0,300.0,70.90285409711097,5.0,True,21.1,70.0
Newcastle,Bellevue,083930SB,2021-09-07,Tue,13:05,57.0,14.0,5.0,41.69054299667327,3.0,False,21.7,71.1
Newcastle,Bellevue,083930SB,2021-09-14,Tue,09:34,22.0,200.0,1600.0,59.35257306513506,3.0,True,19.2,66.6
Newcastle,Bellevue,083930SB,2021-09-21,Tue,13:18,41.0,6.0,3.0,46.53458187678516,2.0,False,20.3,68.5
Newcastle,Bellevue,083930SB,2021-09-28,Tue,11:45,35.0,40.0,41.0,50.440104613064,2.0,False,16.0,60.8
Newcastle,Bellevue,083930SB,2021-10-05,Tue,12:00,,,,,,,15.8,60.4
Newcastle,Bellevue,083930SB,2021-10-12,Tue,11:02,,,,,,,14.3,57.7
Newcastle,Bellevue,083930SB,2021-10-19,Tue,11:58,,,,,,,15.1,59.2
Newcastle,Bellevue,083930SB,2021-10-26,Tue,12:29,,,,,,,13.4,56.1
Newcastle,Bellevue,083930SB,2022-05-16,Mon,13:23,4.0,5.0,10.0,5.848035476425733,0.0,False,,
Newcastle,Bellevue,083930SB,2022-05-23,Mon,13:06,17.0,2.0,3.0,5.227231022342967,0.0,False,15.5,59.9
Newcastle,Bellevue,083930SB,2022-05-31,Tue,12:27,41.0,6.0,5.0,6.640038332685811,0.0,False,15.3,59.5
Newcastle,Bellevue,083930SB,2022-06-06,Mon,12:32,30.0,17.0,9.0,8.351779062990992,0.0,False,17.8,64.0
Newcastle,Bellevue,083930SB,2022-06-13,Mon,13:29,9.0,8.0,5.0,8.08804137665901,0.0,False,16.5,61.7
Newcastle,Bellevue,083930SB,2022-06-21,Tue,12:21,130.0,96.0,10.0,12.421927885544005,0.0,False,19.7,67.5
Newcastle,Bellevue,083930SB,2022-06-27,Mon,13:15,760.0,170.0,180.0,28.27383115258108,1.0,True,22.7,72.9
Newcastle,Bellevue,083930SB,2022-07-05,Tue,12:25,24.0,360.0,69.0,42.69875133794364,2.0,True,21.2,70.2
Newcastle,Bellevue,083930SB,2022-07-11,Mon,12:15,62.0,1300.0,30.0,64.84225089970717,3.0,True,22.1,71.8
Newcastle,Bellevue,083930SB,2022-07-18,Mon,14:02,82.0,15.0,41.0,90.1468412175007,3.0,False,21.5,70.7
Newcastle,Bellevue,083930SB,2022-07-25,Mon,13:20,460.0,35.0,32.0,99.08348303564355,4.0,True,24.5,76.1
Newcastle,Bellevue,083930SB,2022-08-01,Mon,13:42,53.0,31.0,80.0,70.16934676311384,3.0,False,27.3,81.1
Newcastle,Bellevue,083930SB,2022-08-08,Mon,12:17,290.0,4400.0,670.0,113.91605670487787,4.0,True,25.4,77.7
Newcastle,Bellevue,083930SB,2022-08-15,Mon,12:23,620.0,75.0,54.0,114.20303286213608,4.0,True,23.9,75.0
Newcastle,Bellevue,083930SB,2022-08-22,Mon,11:06,20000.0,3000.0,1600.0,299.4445789590337,7.0,True,24.9,76.8
Newcastle,Bellevue,083930SB,2022-08-29,Mon,12:44,59.0,9.0,5.0,210.7604092695757,6.0,False,23.8,74.8
Newcastle,Bellevue,083930SB,2022-09-06,Tue,12:10,4300.0,160.0,250.0,340.07582451254723,7.0,True,22.6,72.7
Newcastle,Bellevue,083930SB,2022-09-12,Mon,12:15,51.0,40.0,94.0,194.2217796670268,5.0,False,20.7,69.3
Newcastle,Bellevue,083930SB,2022-09-19,Mon,13:32,130.0,83.0,21.0,165.4464797736562,4.0,False,21.2,70.2
Newcastle,Bellevue,083930SB,2022-09-26,Mon,11:01,,,,,,,19.5,67.1
Newcastle,Bellevue,083930SB,2022-10-03,Mon,11:44,,,,,,,19.8,67.6
Newcastle,Bellevue,083930SB,2022-10-11,Tue,11:58,,,,,,,19.0,66.2
Newcastle,Bellevue,083930SB,2022-10-17,Mon,12:08,,,,,,,18.0,64.4
Newcastle,Bellevue,083930SB,2022-10-24,Mon,11:31,,,,,,,15.5,59.9
Newcastle,Bellevue,083930SB,2023-05-15,Mon,11:30,3.0,90.0,11.0,14.374259571188356,0.0,False,20.3,68.5
Newcastle,Bellevue,083930SB,2023-05-22,Mon,11:44,110.0,210.0,32.0,36.051200777727374,0.0,False,18.6,65.5
Newcastle,Bellevue,083930SB,2023-05-30,Tue,13:27,11.0,9.0,9.0,23.21189936748567,0.0,False,20.3,68.5
Newcastle,Bellevue,083930SB,2023-06-05,Mon,14:06,110.0,67.0,27.0,29.231579340264645,0.0,False,20.3,68.5
Newcastle,Bellevue,083930SB,2023-06-12,Mon,13:51,75.0,27.0,4.0,27.117365337436027,0.0,False,22.6,72.7
Newcastle,Bellevue,083930SB,2023-06-20,Tue,12:06,11.0,35.0,23.0,29.16596161654844,0.0,False,17.2,63.0
Newcastle,Bellevue,083930SB,2023-06-26,Mon,11:59,5.0,27.0,48.0,21.268188611487577,0.0,False,20.2,68.4
Newcastle,Bellevue,083930SB,2023-07-05,Wed,11:49,59.0,180.0,200.0,31.58883372873235,0.0,False,23.2,73.8
Newcastle,Bellevue,083930SB,2023-07-10,Mon,14:01,13.0,24.0,15.0,27.8169769334264,0.0,False,22.2,72.0
Newcastle,Bellevue,083930SB,2023-07-17,Mon,08:04,58.0,27.0,34.0,31.53762421905252,0.0,False,22.2,72.0
Newcastle,Bellevue,083930SB,2023-07-24,Mon,14:06,13.0,14.0,6.0,27.430343467500755,0.0,False,22.8,73.0
Newcastle,Bellevue,083930SB,2023-07-31,Mon,12:54,14.0,3.0,1.0,19.603917428519637,0.0,False,23.7,74.7
Newcastle,Bellevue,083930SB,2023-08-07,Mon,13:03,39.0,15.0,39.0,14.49040738052268,0.0,False,23.5,74.3
Newcastle,Bellevue,083930SB,2023-08-14,Mon,12:32,410.0,51.0,52.0,20.83633654839665,1.0,True,24.6,76.3
Newcastle,Bellevue,083930SB,2023-08-21,Mon,11:29,70.0,88.0,61.0,23.73544372143668,1.0,False,23.2,73.8
Newcastle,Bellevue,083930SB,2023-08-28,Mon,11:57,380.0,33.0,20.0,34.10392369613026,2.0,True,21.7,71.1
Newcastle,Bellevue,083930SB,2023-09-05,Tue,13:28,1.0,1.0,1.0,26.582004585962963,2.0,False,21.9,71.4
Newcastle,Bellevue,083930SB,2023-09-11,Mon,12:43,6.0,99.0,250.0,30.117676256734764,2.0,False,21.3,70.3
Newcastle,Bellevue,083930SB,2023-09-18,Mon,13:35,240.0,260.0,160.0,34.915473848153006,1.0,False,20.9,69.6
Newcastle,Bellevue,083930SB,2023-09-25,Mon,10:01,,,,,,,18.2,64.8
Newcastle,Bellevue,083930SB,2023-10-02,Mon,11:59,,,,,,,16.6,61.9
Newcastle,Bellevue,083930SB,2023-10-10,Tue,13:32,,,,,,,,
Newcastle,Bellevue,083930SB,2023-10-16,Mon,11:55,,,,,,,15.9,60.6
Newcastle,Bellevue,083930SB,2023-10-23,Mon,10:36,,,,,,,13.9,57.0
Newcastle,Bellevue,083930SB,2024-05-14,Tue,10:00,5.0,11.0,10.0,8.193212706006461,0.0,False,14.7,58.5
Newcastle,Bellevue,083930SB,2024-05-21,Tue,09:47,3.0,11.0,14.0,7.958552963969364,0.0,False,15.6,60.1
Newcastle,Bellevue,083930SB,2024-05-29,Wed,12:08,14.0,6.0,10.0,8.423178314126933,0.0,False,15.0,59.0
Newcastle,Bellevue,083930SB,2024-06-04,Tue,08:16,46.0,44.0,42.0,12.731961376261456,0.0,False,14.3,57.7
Newcastle,Bellevue,083930SB,2024-06-11,Tue,08:06,9.0,9.0,7.0,11.681226738946044,0.0,False,17.1,62.8
Newcastle,Bellevue,083930SB,2024-06-17,Mon,10:04,11.0,14.0,19.0,13.05817735100032,0.0,False,15.8,60.4
Newcastle,Bellevue,083930SB,2024-06-25,Tue,08:31,3.0,3.0,4.0,11.015222255919516,0.0,False,18.8,65.8
Newcastle,Bellevue,083930SB,2024-07-02,Tue,09:42,3.0,5.0,5.0,9.376600141631874,0.0,False,19.1,66.4
Newcastle,Bellevue,083930SB,2024-07-09,Tue,09:00,3.0,53.0,8.0,7.085663935311393,0.0,False,23.5,74.3
Newcastle,Bellevue,083930SB,2024-07-16,Tue,10:21,1.0,8.0,16.0,6.416364260744663,0.0,False,25.1,77.2
Newcastle,Bellevue,083930SB,2024-07-23,Tue,10:05,3.0,5.0,8.0,5.185804490049603,0.0,False,22.8,73.0
Newcastle,Bellevue,083930SB,2024-07-30,Tue,10:11,20.0,14.0,8.0,6.8298710987386855,0.0,False,21.2,70.2
Newcastle,Bellevue,083930SB,2024-08-06,Tue,10:06,980.0,2000.0,110.0,18.407084533349057,2.0,True,20.9,69.6
Newcastle,Bellevue,083930SB,2024-08-13,Tue,10:18,14.0,10.0,14.0,18.94536328486636,2.0,False,21.4,70.5
Newcastle,Bellevue,083930SB,2024-08-20,Tue,09:07,180.0,780.0,950.0,47.71940138364257,4.0,True,21.1,70.0
Newcastle,Bellevue,083930SB,2024-08-27,Tue,10:10,30.0,360.0,170.0,90.71402053772448,5.0,True,20.1,68.2
Newcastle,Bellevue,083930SB,2024-09-04,Wed,10:44,190.0,2200.0,450.0,193.17479834512497,7.0,True,21.0,69.8
Newcastle,Bellevue,083930SB,2024-09-10,Tue,10:48,14.0,10.0,6.0,84.20266483149825,5.0,False,20.4,68.7
Newcastle,Bellevue,083930SB,2024-09-17,Tue,12:18,23.0,32.0,42.0,101.2007905481492,5.0,False,18.6,65.5
Newcastle,Bellevue,083930SB,2024-09-23,Mon,12:14,,,,,,,19.7,67.5
Newcastle,Bellevue,083930SB,2024-09-30,Mon,09:37,,,,,,,15.6,60.1
Newcastle,Bellevue,083930SB,2024-10-07,Mon,11:45,,,,,,,17.6,63.7
Newcastle,Bellevue,083930SB,2024-10-15,Tue,11:36,,,,,,,16.8,62.2
Newcastle,Bellevue,083930SB,2024-10-21,Mon,09:51,,,,,,,14.9,58.8
Newcastle,Bellevue,083930SB,2025-05-13,Tue,10:14,13.0,5.0,8.0,8.041451517178118,0.0,False,15.1,59.2
Newcastle,Bellevue,083930SB,2025-05-20,Tue,09:49,43.0,33.0,35.0,17.192629222048673,0.0,False,13.6,56.5
Newcastle,Bellevue,083930SB,2025-05-28,Wed,08:52,14.0,13.0,18.0,16.374019278776377,0.0,False,16.7,62.1
Newcastle,Bellevue,083930SB,2025-06-03,Tue,10:25,12.0,7.0,6.0,13.671589747614108,0.0,False,17.6,63.7
Newcastle,Bellevue,083930SB,2025-06-10,Tue,09:01,20.0,19.0,14.0,14.356524717871434,0.0,False,21.0,69.8
Newcastle,Bellevue,083930SB,2025-06-16,Mon,10:39,20.0,22.0,14.0,16.928604064359416,0.0,False,19.4,66.9
Newcastle,Bellevue,083930SB,2025-06-24,Tue,10:40,5.0,5.0,10.0,11.896351438728065,0.0,False,19.5,67.1
Newcastle,Bellevue,083930SB,2025-07-01,Tue,09:31,20.0,26.0,63.0,13.870127463909464,0.0,False,21.0,69.8
Newcastle,Bellevue,083930SB,2025-07-08,Tue,09:39,21.0,25.0,67.0,18.40774926717304,0.0,False,21.8,71.2
Newcastle,Bellevue,083930SB,2025-07-15,Tue,09:30,59.0,34.0,41.0,22.09433325782536,0.0,False,22.9,73.2
Newcastle,Bellevue,083930SB,2025-07-22,Tue,09:45,6.0,3.0,24.0,18.50721638245378,0.0,False,21.9,71.4
Newcastle,Bellevue,083930SB,2025-07-29,Tue,10:06,12.0,140.0,110.0,28.746958359080224,0.0,False,23.2,73.8
Newcastle,Bellevue,083930SB,2025-08-05,Tue,09:38,130.0,74.0,32.0,33.37776943733011,0.0,False,21.0,69.8
Newcastle,Bellevue,083930SB,2025-08-12,Tue,08:09,9.0,14.0,370.0,34.01051340845683,1.0,True,22.1,71.8
Newcastle,Bellevue,083930SB,2025-08-19,Tue,10:16,26.0,12.0,9.0,27.153887171666785,1.0,False,21.3,70.3
Newcastle,Bellevue,083930SB,2025-08-26,Tue,07:43,65.0,860.0,720.0,58.22587802790488,3.0,True,22.2,72.0
Newcastle,Bellevue,083930SB,2025-09-03,Wed,10:28,4300.0,2600.0,57.0,100.22060630544266,5.0,True,23.3,73.9
Newcastle,Bellevue,083930SB,2025-09-09,Tue,10:11,2500.0,4100.0,220.0,181.3893531857859,7.0,True,21.6,70.9
Newcastle,Bellevue,083930SB,2025-09-16,Tue,10:08,150.0,330.0,9.0,210.845088133992,7.0,True,21.7,71.1
Newcastle,Bellevue,083930SB,2025-09-22,Mon,10:09,24.0,42.0,34.0,249.11486573015355,7.0,False,19.7,67.5
Newcastle,Bellevue,083930SB,2025-09-29,Mon,13:05,,,,,,,19.3,66.7
Newcastle,Bellevue,083930SB,2025-10-06,Mon,08:43,,,,,,,16.4,61.5
Newcastle,Bellevue,083930SB,2025-10-14,Tue,11:19,,,,,,,15.2,59.4
Newcastle,Bellevue,083930SB,2025-10-20,Mon,11:30,,,,,,,14.8,58.6
Newcastle,Bellevue,083930SB,2026-05-12,Tue,09:16,21.0,42.0,56.0,36.69037951892457,0.0,False,15.4,59.7
Newcastle,Bellevue,083930SB,2026-05-19,Tue,09:34,470.0,270.0,160.0,100.0475296209081,1.0,True,15.0,59.0
Newcastle,Bellevue,083930SB,2026-05-27,Wed,09:27,3.0,530.0,53.0,75.99200658727148,2.0,True,17.2,63.0
Newcastle,Bellevue,083930SB,2026-06-02,Tue,09:56,50.0,14.0,9.0,53.356538460258456,2.0,False,17.9,64.2
Newcastle,Bellevue,083930SB,2026-06-09,Tue,08:49,77.0,110.0,70.0,58.42726366261967,2.0,False,16.3,61.3
Newcastle,Bellevue,083930SB,2026-06-16,Tue,10:52,37.0,40.0,14.0,55.13970309842698,2.0,False,19.9,67.8
Newcastle,Bellevue,083930SB,2026-06-23,Tue,09:44,7.0,120.0,22.0,34.5731630309875,1.0,False,21.8,71.2
Newcastle,Bellevue,083930SB,2026-06-30,Tue,09:58,12.0,5.0,10.0,24.864000043233148,0.0,False,18.3,64.9
Newcastle,Bellevue,083930SB,2026-07-07,Tue,10:30,42.0,19.0,34.0,27.406090139736584,0.0,False,20.2,68.4
Newcastle,Bellevue,083930SB,2026-07-14,Tue,09:17,110.0,71.0,9.0,23.774308177456497,0.0,False,21.6,70.9
Newcastle,Bellevue,083930SB,2026-07-21,Tue,09:29,69.0,100.0,62.0,29.09140009790785,0.0,False,22.8,73.0
Newcastle,Bellevue,083930SB,2026-07-28,Tue,11:53,19.0,29.0,74.0,30.66738274113253,0.0,False,23.3,73.9
Newcastle,Bellevue,083930SB,2026-08-04,Tue,12:02,58.0,26.0,24.0,40.306411608209295,0.0,False,22.2,72.0
Newcastle,Bellevue,083930SB,2026-08-11,Tue,09:15,6.0,19.0,38.0,35.66601420633982,0.0,False,22.4,72.3
Newcastle,Bellevue,083930SB,2026-08-18,Tue,11:52,27.0,24.0,25.0,32.341687489191,0.0,False,23.7,74.7
Newcastle,Bellevue,083930SB,2026-08-25,Tue,09:41,41.0,49.0,170.0,31.859714631791032,0.0,False,22.1,71.8
Pine Lake,Sammamish,E708SB,2019-06-03,Mon,15:01,22.0,11.0,5.0,10.656022367666113,0.0,False,22.3,72.1
Pine Lake,Sammamish,E708SB,2019-06-17,Mon,12:30,15.0,5.0,5.0,8.766026374861239,0.0,False,22.4,72.3
Pine Lake,Sammamish,E708SB,2019-07-01,Mon,11:44,4.0,3.0,43.0,8.510218375808174,0.0,False,22.5,72.5
Pine Lake,Sammamish,E708SB,2019-07-15,Mon,15:25,7.0,20.0,17.0,9.174538216185796,0.0,False,23.6,74.5
Pine Lake,Sammamish,E708SB,2019-07-22,Mon,16:55,120.0,130.0,130.0,23.84328377838277,0.0,False,24.5,76.1
Pine Lake,Sammamish,E708SB,2019-07-29,Mon,15:35,50.0,110.0,40.0,30.076440774492298,0.0,False,25.4,77.7
Pine Lake,Sammamish,E708SB,2019-08-05,Mon,15:43,180.0,47.0,35.0,51.06525437847216,0.0,False,26.6,79.9
Pine Lake,Sammamish,E708SB,2019-08-12,Mon,14:15,1000.0,230.0,110.0,72.45056352785643,1.0,True,24.3,75.7
Pine Lake,Sammamish,E708SB,2019-08-19,Mon,15:46,600.0,140.0,250.0,132.7653028033985,2.0,True,25.7,78.3
Pine Lake,Sammamish,E708SB,2019-08-22,Thu,07:56,23.0,21.0,19.0,,,False,22.8,73.0
Pine Lake,Sammamish,E708SB,2019-08-26,Mon,13:57,41.0,9.0,5.0,83.24276262829665,2.0,False,22.7,72.9
Pine Lake,Sammamish,E708SB,2019-09-03,Tue,11:05,5.0,1.0,5.0,45.433999979410885,2.0,False,23.3,73.9
Pine Lake,Sammamish,E708SB,2020-06-03,Wed,12:03,1.0,2.0,2.0,1.5874010519681994,0.0,False,18.4,65.1
Pine Lake,Sammamish,E708SB,2020-06-17,Wed,11:46,1.0,2.0,2.0,1.5874010519681994,0.0,False,19.1,66.4
Pine Lake,Sammamish,E708SB,2020-06-30,Tue,12:01,120.0,46.0,23.0,5.021867047558337,0.0,False,21.2,70.2
Pine Lake,Sammamish,E708SB,2020-07-15,Wed,12:02,1.0,3.0,1.0,4.863883104899971,0.0,False,22.6,72.7
Pine Lake,Sammamish,E708SB,2020-07-29,Wed,12:36,1.0,4.0,10.0,6.281946594805111,0.0,False,25.3,77.5
Pine Lake,Sammamish,E708SB,2020-08-05,Wed,12:31,1.0,16.0,17.0,3.1734217534556053,0.0,False,25.6,78.1
Pine Lake,Sammamish,E708SB,2020-08-12,Wed,13:07,61.0,29.0,26.0,5.817069834529829,0.0,False,23.6,74.5
Pine Lake,Sammamish,E708SB,2020-08-19,Wed,12:18,5.0,1.0,1.0,6.070041682918311,0.0,False,24.9,76.8
Pine Lake,Sammamish,E708SB,2020-08-26,Wed,12:15,4.0,27.0,1.0,5.782490426230175,0.0,False,23.0,73.4
Pine Lake,Sammamish,E708SB,2020-09-02,Wed,10:45,1.0,5.0,4.0,5.521362433178248,0.0,False,22.6,72.7
Pine Lake,Sammamish,E708SB,2020-09-09,Wed,12:03,1.0,1.0,1.0,3.799633100938444,0.0,False,22.4,72.3
Pine Lake,Sammamish,E708SB,2021-06-02,Wed,10:59,1.0,2.0,3.0,1.81712059283214,0.0,False,23.2,73.8
Pine Lake,Sammamish,E708SB,2021-06-16,Wed,12:24,3.0,5.0,16.0,3.3604214537126653,0.0,False,20.2,68.4
Pine Lake,Sammamish,E708SB,2021-06-30,Wed,10:29,7.0,4.0,7.0,4.032963438233247,0.0,False,27.5,81.5
Pine Lake,Sammamish,E708SB,2021-07-14,Wed,11:27,8.0,2.0,4.0,5.246258653370783,0.0,False,25.1,77.2
Pine Lake,Sammamish,E708SB,2021-07-28,Wed,10:56,1.0,4.0,2.0,3.595217050168444,0.0,False,24.8,76.6
Pine Lake,Sammamish,E708SB,2021-08-04,Wed,10:53,5.0,70.0,14.0,5.141049463214391,0.0,False,25.3,77.5
Pine Lake,Sammamish,E708SB,2021-08-11,Wed,14:10,75.0,87.0,230.0,11.168148998877207,0.0,False,26.1,79.0
Pine Lake,Sammamish,E708SB,2021-08-18,Wed,11:15,5.0,69.0,210.0,20.066397024119027,0.0,False,24.0,75.2
Pine Lake,Sammamish,E708SB,2021-08-25,Wed,13:46,15.0,87.0,77.0,23.738262957944368,0.0,False,,
Pine Lake,Sammamish,E708SB,2021-09-01,Wed,12:25,4.0,1.0,10.0,26.426943528643644,0.0,False,21.6,70.9
Pine Lake,Sammamish,E708SB,2021-09-08,Wed,13:21,5.0,6.0,17.0,22.726813238504864,0.0,False,22.3,72.1
Pine Lake,Sammamish,E708SB,2022-05-31,Tue,10:59,21.0,5.0,56.0,18.04924785145018,0.0,False,17.2,63.0
Pine Lake,Sammamish,E708SB,2022-06-14,Tue,11:03,41.0,22.0,9.0,19.04602699347176,0.0,False,17.8,64.0
Pine Lake,Sammamish,E708SB,2022-06-28,Tue,10:06,22.0,17.0,160.0,24.209162919801248,0.0,False,23.0,73.4
Pine Lake,Sammamish,E708SB,2022-07-12,Tue,10:53,3.0,1.0,5.0,12.46915078578466,0.0,False,23.4,74.1
Pine Lake,Sammamish,E708SB,2022-07-26,Tue,10:50,3.0,28.0,21.0,10.523875796151543,0.0,False,25.4,77.7
Pine Lake,Sammamish,E708SB,2022-08-02,Tue,13:11,1.0,5.0,6.0,4.524008944985418,0.0,False,27.4,81.3
Pine Lake,Sammamish,E708SB,2022-08-09,Tue,10:23,11.0,10.0,4.0,5.151459789869362,0.0,False,25.0,77.0
Pine Lake,Sammamish,E708SB,2022-08-16,Tue,11:26,1.0,1.0,4.0,4.614178330409816,0.0,False,24.5,76.1
Pine Lake,Sammamish,E708SB,2022-08-23,Tue,09:59,1.0,4.0,13.0,4.422580259982744,0.0,False,24.3,75.7
Pine Lake,Sammamish,E708SB,2022-08-30,Tue,11:12,6.0,2.0,1.0,3.1709390972428024,0.0,False,23.9,75.0
Pine Lake,Sammamish,E708SB,2022-09-07,Wed,11:52,4.0,5.0,4.0,3.3852115681211634,0.0,False,22.4,72.3
Pine Lake,Sammamish,E708SB,2023-05-31,Wed,11:16,14.0,9.0,9.0,10.42807993465935,0.0,False,20.0,68.0
Pine Lake,Sammamish,E708SB,2023-06-13,Tue,08:58,1.0,2.0,5.0,4.739896323935317,0.0,False,21.2,70.2
Pine Lake,Sammamish,E708SB,2023-06-27,Tue,10:37,34.0,72.0,14.0,9.003154907342958,0.0,False,21.9,71.4
Pine Lake,Sammamish,E708SB,2023-07-11,Tue,12:17,8.0,18.0,8.0,9.018922576070665,0.0,False,23.4,74.1
Pine Lake,Sammamish,E708SB,2023-07-25,Tue,10:48,3.0,2.0,2.0,9.203490638895389,0.0,False,24.1,75.4
Pine Lake,Sammamish,E708SB,2023-08-01,Tue,11:54,5.0,6.0,1.0,4.209155766098199,0.0,False,24.2,75.6
Pine Lake,Sammamish,E708SB,2023-08-08,Tue,09:49,6.0,1.0,2.0,3.614747939406569,0.0,False,24.0,75.2
Pine Lake,Sammamish,E708SB,2023-08-15,Tue,12:04,9.0,48.0,12.0,4.097438039316417,0.0,False,26.1,79.0
Pine Lake,Sammamish,E708SB,2023-08-22,Tue,12:40,7.0,13.0,21.0,5.11399887849161,0.0,False,23.8,74.8
Pine Lake,Sammamish,E708SB,2023-08-29,Tue,11:42,28.0,24.0,22.0,8.218666205851111,0.0,False,22.8,73.0
Pine Lake,Sammamish,E708SB,2023-09-06,Wed,11:09,1.0,1.0,1.0,6.551286494463567,0.0,False,21.6,70.9
Pine Lake,Sammamish,E708SB,2024-05-29,Wed,11:31,4.0,2.0,1.0,2.0,0.0,False,16.4,61.5
Pine Lake,Sammamish,E708SB,2024-06-11,Tue,09:50,2.0,3.0,2.0,2.1398263878673256,0.0,False,20.1,68.2
Pine Lake,Sammamish,E708SB,2024-06-25,Tue,10:02,1.0,1.0,1.0,1.6605515380991511,0.0,False,20.9,69.6
Pine Lake,Sammamish,E708SB,2024-07-09,Tue,10:56,5.0,31.0,87.0,3.7912406757168338,0.0,False,25.3,77.5
Pine Lake,Sammamish,E708SB,2024-07-23,Tue,11:58,9.0,9.0,8.0,5.90567510152273,0.0,False,24.6,76.3
Pine Lake,Sammamish,E708SB,2024-07-30,Tue,11:29,60.0,8.0,50.0,18.111719715083183,0.0,False,22.8,73.0
Pine Lake,Sammamish,E708SB,2024-08-06,Tue,11:44,28.0,10.0,23.0,18.233788885542083,0.0,False,24.5,76.1
Pine Lake,Sammamish,E708SB,2024-08-13,Tue,12:20,31.0,14.0,20.0,17.57651031404162,0.0,False,23.6,74.5
Pine Lake,Sammamish,E708SB,2024-08-20,Tue,11:08,43.0,19.0,11.0,18.176925984169035,0.0,False,22.7,72.9
Pine Lake,Sammamish,E708SB,2024-08-27,Tue,11:54,5.0,1.0,1.0,13.142564144759223,0.0,False,21.2,70.2
Pine Lake,Sammamish,E708SB,2024-09-04,Wed,12:53,2.0,1.0,1.0,7.026429432758262,0.0,False,22.4,72.3
Pine Lake,Sammamish,E708SB,2025-05-28,Wed,10:45,1.0,1.0,1.0,1.0,0.0,False,20.1,68.2
Pine Lake,Sammamish,E708SB,2025-06-10,Tue,10:51,1.0,4.0,1.0,1.2599210498948732,0.0,False,24.0,75.2
Pine Lake,Sammamish,E708SB,2025-06-24,Tue,12:57,43.0,26.0,23.0,3.60507582361354,0.0,False,22.1,71.8
Pine Lake,Sammamish,E708SB,2025-07-08,Tue,11:32,130.0,120.0,110.0,17.768000020660224,0.0,False,24.0,75.2
Pine Lake,Sammamish,E708SB,2025-07-22,Tue,11:47,66.0,37.0,140.0,62.750594760197416,0.0,False,24.3,75.7
Pine Lake,Sammamish,E708SB,2025-07-29,Tue,12:35,59.0,51.0,30.0,72.14644491736853,0.0,False,23.5,74.3
Pine Lake,Sammamish,E708SB,2025-08-05,Tue,12:24,5.0,2.0,1.0,29.991247796058875,0.0,False,23.5,74.3
Pine Lake,Sammamish,E708SB,2025-08-12,Tue,08:56,5.0,7.0,12.0,14.998766209015496,0.0,False,24.1,75.4
Pine Lake,Sammamish,E708SB,2025-08-19,Tue,12:23,4.0,68.0,26.0,15.757255559038413,0.0,False,23.2,73.8
Pine Lake,Sammamish,E708SB,2025-08-26,Tue,09:16,2.0,10.0,5.0,9.159863439205989,0.0,False,23.9,75.0
Pine Lake,Sammamish,E708SB,2025-09-03,Wed,12:41,4.0,5.0,1.0,5.227027310159922,0.0,False,24.2,75.6
Pine Lake,Sammamish,E708SB,2026-05-27,Wed,11:24,1.0,1.0,1.0,1.0,0.0,False,19.2,66.6
Pine Lake,Sammamish,E708SB,2026-06-09,Tue,11:04,12.0,47.0,74.0,5.889591011344994,0.0,False,18.3,64.9
Pine Lake,Sammamish,E708SB,2026-06-23,Tue,12:08,130.0,280.0,72.0,16.848041032078267,0.0,False,24.4,75.9
Pine Lake,Sammamish,E708SB,2026-07-07,Tue,12:21,18.0,71.0,16.0,50.75871459769797,0.0,False,23.3,73.9
Pine Lake,Sammamish,E708SB,2026-07-21,Tue,11:34,140.0,220.0,100.0,81.8597857561937,0.0,False,24.5,76.1
Pine Lake,Sammamish,E708SB,2026-07-28,Tue,09:50,5.0,3.0,4.0,24.973743382681157,0.0,False,23.9,75.0
Pine Lake,Sammamish,E708SB,2026-08-04,Tue,10:24,1.0,3.0,2.0,12.970558331214743,0.0,False,22.8,73.0
Pine Lake,Sammamish,E708SB,2026-08-11,Tue,11:11,81.0,28.0,58.0,15.14701382322833,0.0,False,23.9,75.0
Pine Lake,Sammamish,E708SB,2026-08-18,Tue,10:07,5.0,5.0,2.0,11.416323963737996,0.0,False,23.8,74.8
Pine Lake,Sammamish,E708SB,2026-08-25,Tue,12:13,38.0,140.0,67.0,9.887549383302998,0.0,False,24.3,75.7
Pritchard,Seattle,4903SB,2019-05-13,Mon,13:46,25.0,16.0,5.0,12.59921049894873,0.0,False,16.7,62.1
Pritchard,Seattle,4903SB,2019-05-20,Mon,13:40,1300.0,21.0,11.0,29.0467505215438,1.0,True,15.1,59.2
Pritchard,Seattle,4903SB,2019-05-28,Tue,09:40,4.0,16.0,14.0,20.11095031475489,1.0,False,15.4,59.7
Pritchard,Seattle,4903SB,2019-06-03,Mon,12:00,59.0,47.0,53.0,25.59626452393225,1.0,False,18.2,64.8
Pritchard,Seattle,4903SB,2019-06-10,Mon,14:15,21.0,41.0,42.0,26.941685856713693,1.0,False,19.9,67.8
Pritchard,Seattle,4903SB,2019-06-17,Mon,13:07,18.0,26.0,110.0,33.45533148942519,1.0,False,21.2,70.2
Pritchard,Seattle,4903SB,2019-06-24,Mon,12:37,5.0,29.0,68.0,26.641179146377333,0.0,False,20.0,68.0
Pritchard,Seattle,4903SB,2019-07-01,Mon,09:47,8.0,13.0,13.0,27.38196987911411,0.0,False,21.1,70.0
Pritchard,Seattle,4903SB,2019-07-08,Mon,14:38,75.0,20.0,9.0,23.35277833477291,0.0,False,21.1,70.0
Pritchard,Seattle,4903SB,2019-07-15,Mon,13:53,21.0,11.0,13.0,19.78299690413243,0.0,False,22.4,72.3
Pritchard,Seattle,4903SB,2019-07-22,Mon,12:37,16.0,3000.0,24.0,24.337708161754826,1.0,True,22.6,72.7
Pritchard,Seattle,4903SB,2019-07-25,Thu,06:33,32.0,3.0,2.0,,,False,20.3,68.5
Pritchard,Seattle,4903SB,2019-07-29,Mon,13:13,2.0,10.0,44.0,20.71667547455801,1.0,False,23.8,74.8
Pritchard,Seattle,4903SB,2019-08-05,Mon,12:55,12.0,320.0,180.0,31.397509373075906,1.0,False,25.3,77.5
Pritchard,Seattle,4903SB,2019-08-12,Mon,11:43,38.0,800.0,14.0,39.51904024468973,2.0,True,23.0,73.4
Pritchard,Seattle,4903SB,2019-08-19,Mon,12:57,23.0,60.0,110.0,51.33191716528383,2.0,False,23.4,74.1
Pritchard,Seattle,4903SB,2019-08-26,Mon,13:43,8.0,8.0,16.0,32.134926921125874,1.0,False,23.7,74.7
Pritchard,Seattle,4903SB,2019-09-03,Tue,11:54,5.0,5.0,180.0,35.82828108272321,1.0,False,23.9,75.0
Pritchard,Seattle,4903SB,2019-09-09,Mon,13:30,89.0,77.0,96.0,35.71049375670221,1.0,False,22.1,71.8
Pritchard,Seattle,4903SB,2019-09-16,Mon,13:09,23.0,20.0,32.0,28.53577034279512,0.0,False,20.6,69.1
Pritchard,Seattle,4903SB,2019-09-23,Mon,10:24,,,,,,,19.2,66.6
Pritchard,Seattle,4903SB,2019-09-30,Mon,09:03,,,,,,,16.9,62.4
Pritchard,Seattle,4903SB,2019-10-07,Mon,10:28,,,,,,,16.3,61.3
Pritchard,Seattle,4903SB,2019-10-14,Mon,09:25,,,,,,,14.9,58.8
Pritchard,Seattle,4903SB,2019-10-21,Mon,09:30,,,,,,,13.2,55.8
Pritchard,Seattle,4903SB,2020-05-12,Tue,10:06,10.0,21.0,4.0,9.435387960633069,0.0,False,15.2,59.4
Pritchard,Seattle,4903SB,2020-05-19,Tue,10:33,5.0,11.0,5.0,7.833129923384368,0.0,False,15.8,60.4
Pritchard,Seattle,4903SB,2020-05-26,Tue,10:26,1.0,8.0,14.0,6.662661941708268,0.0,False,15.9,60.6
Pritchard,Seattle,4903SB,2020-06-02,Tue,10:43,10.0,3.0,9.0,6.612253277671803,0.0,False,18.2,64.8
Pritchard,Seattle,4903SB,2020-06-09,Tue,10:43,59.0,140.0,220.0,11.84603740565455,0.0,False,14.7,58.5
Pritchard,Seattle,4903SB,2020-06-16,Tue,11:04,25.0,14.0,14.0,13.323987581997502,0.0,False,16.5,61.7
Pritchard,Seattle,4903SB,2020-06-23,Tue,10:18,1.0,18.0,5.0,12.367868916314288,0.0,False,20.0,68.0
Pritchard,Seattle,4903SB,2020-06-30,Tue,09:15,260.0,12.0,4.0,16.934068458561875,0.0,False,17.7,63.9
Pritchard,Seattle,4903SB,2020-07-07,Tue,10:30,18.0,6.0,3.0,17.141154163577113,0.0,False,18.2,64.8
Pritchard,Seattle,4903SB,2020-07-14,Tue,09:45,1.0,1.0,5.0,7.300364523535865,0.0,False,20.3,68.5
Pritchard,Seattle,4903SB,2020-07-21,Tue,10:24,6.0,74.0,9.0,7.201779815106663,0.0,False,23.5,74.3
Pritchard,Seattle,4903SB,2020-07-28,Tue,10:06,5.0,18.0,9.0,8.337887029595592,0.0,False,23.1,73.6
Pritchard,Seattle,4903SB,2020-08-04,Tue,11:06,1.0,17.0,9.0,6.217576387274244,0.0,False,23.9,75.0
Pritchard,Seattle,4903SB,2020-08-11,Tue,10:40,60.0,11.0,5.0,7.258035001476265,0.0,False,22.7,72.9
Pritchard,Seattle,4903SB,2020-08-18,Tue,10:31,15.0,5.0,5.0,9.678836251900588,0.0,False,23.1,73.6
Pritchard,Seattle,4903SB,2020-08-25,Tue,11:14,2.0,2.0,9.0,7.070795505681285,0.0,False,23.1,73.6
Pritchard,Seattle,4903SB,2020-09-01,Tue,10:43,3.0,1.0,8.0,5.592208544349647,0.0,False,22.7,72.9
Pritchard,Seattle,4903SB,2020-09-08,Tue,10:44,1.0,2.0,5.0,4.662339880275673,0.0,False,22.0,71.6
Pritchard,Seattle,4903SB,2020-09-22,Tue,10:05,,,,,,,20.9,69.6
Pritchard,Seattle,4903SB,2020-09-29,Tue,10:39,,,,,,,18.7,65.7
Pritchard,Seattle,4903SB,2020-10-06,Tue,11:17,,,,,,,18.7,65.7
Pritchard,Seattle,4903SB,2020-10-13,Tue,10:25,,,,,,,16.2,61.2
Pritchard,Seattle,4903SB,2020-10-20,Tue,10:57,,,,,,,15.4,59.7
Pritchard,Seattle,4903SB,2020-10-27,Tue,10:55,,,,,,,14.0,57.2
Pritchard,Seattle,4903SB,2021-05-18,Tue,10:36,21.0,6.0,2.0,6.316359597656379,0.0,False,12.6,54.7
Pritchard,Seattle,4903SB,2021-05-25,Tue,11:59,210.0,260.0,140.0,35.27390464254128,0.0,False,14.1,57.4
Pritchard,Seattle,4903SB,2021-06-01,Tue,10:26,3.0,14.0,77.0,26.400174887732277,0.0,False,18.5,65.3
Pritchard,Seattle,4903SB,2021-06-08,Tue,10:20,59.0,56.0,71.0,32.63848326130162,0.0,False,16.7,62.1
Pritchard,Seattle,4903SB,2021-06-15,Tue,10:25,10.0,48.0,41.0,31.423337823057555,0.0,False,17.3,63.1
Pritchard,Seattle,4903SB,2021-06-22,Tue,12:12,1100.0,140.0,66.0,63.72305504181475,1.0,True,20.9,69.6
Pritchard,Seattle,4903SB,2021-06-29,Tue,10:06,48.0,250.0,54.0,54.056369843169975,1.0,False,26.0,78.8
Pritchard,Seattle,4903SB,2021-07-06,Tue,10:05,7.0,32.0,5.0,50.366921979893846,1.0,False,22.8,73.0
Pritchard,Seattle,4903SB,2021-07-13,Tue,10:21,180.0,27.0,10.0,45.34902315677718,1.0,False,24.3,75.7
Pritchard,Seattle,4903SB,2021-07-20,Tue,10:45,72.0,29.0,26.0,48.52287440612398,1.0,False,22.7,72.9
Pritchard,Seattle,4903SB,2021-07-27,Tue,11:15,1.0,1.0,2.0,17.333151875541137,0.0,False,24.8,76.6
Pritchard,Seattle,4903SB,2021-08-03,Tue,10:55,41.0,40.0,170.0,16.38546333870662,0.0,False,25.1,77.2
Pritchard,Seattle,4903SB,2021-08-10,Tue,11:52,4.0,3.0,7.0,13.786778900887338,0.0,False,23.8,74.8
Pritchard,Seattle,4903SB,2021-08-17,Tue,10:09,1.0,4.0,1.0,7.3647451934259776,0.0,False,22.3,72.1
Pritchard,Seattle,4903SB,2021-08-24,Tue,09:51,6.0,7.0,3.0,4.915135623548861,0.0,False,21.1,70.0
Pritchard,Seattle,4903SB,2021-08-31,Tue,09:48,130.0,40.0,29.0,10.3918673773211,0.0,False,20.4,68.7
Pritchard,Seattle,4903SB,2021-09-07,Tue,10:31,2.0,2.0,16.0,5.944099572185283,0.0,False,21.2,70.2
Pritchard,Seattle,4903SB,2021-09-14,Tue,10:03,59.0,16.0,7.0,7.951922262091188,0.0,False,20.3,68.5
Pritchard,Seattle,4903SB,2021-09-21,Tue,10:46,3.0,4.0,22.0,10.514171454776871,0.0,False,19.2,66.6
Pritchard,Seattle,4903SB,2021-09-28,Tue,10:55,,,,,,,17.7,63.9
Pritchard,Seattle,4903SB,2021-10-05,Tue,10:57,,,,,,,16.4,61.5
Pritchard,Seattle,4903SB,2021-10-12,Tue,10:09,,,,,,,14.9,58.8
Pritchard,Seattle,4903SB,2021-10-19,Tue,11:10,,,,,,,14.8,58.6
Pritchard,Seattle,4903SB,2021-10-26,Tue,10:23,,,,,,,11.6,52.9
Pritchard,Seattle,4903SB,2022-05-16,Mon,10:48,7.0,3.0,2.0,3.4760266448864496,0.0,False,11.8,53.2
Pritchard,Seattle,4903SB,2022-05-23,Mon,10:17,340.0,300.0,2.0,14.304738059006851,1.0,True,15.2,59.4
Pritchard,Seattle,4903SB,2022-05-31,Tue,10:01,37.0,97.0,370.0,28.227520911073785,2.0,True,14.7,58.5
Pritchard,Seattle,4903SB,2022-06-06,Mon,09:57,160.0,31.0,8.0,29.595035049335216,2.0,False,15.1,59.2
Pritchard,Seattle,4903SB,2022-06-13,Mon,10:20,32.0,13.0,5.0,25.0137790441244,2.0,False,15.2,59.4
Pritchard,Seattle,4903SB,2022-06-21,Tue,09:37,64.0,77.0,56.0,44.94554023997289,2.0,False,17.7,63.9
Pritchard,Seattle,4903SB,2022-06-27,Mon,10:14,110.0,23.0,76.0,44.76860219808745,1.0,False,21.3,70.3
Pritchard,Seattle,4903SB,2022-07-05,Tue,09:45,31.0,6.0,50.0,32.16084017281573,0.0,False,19.2,66.6
Pritchard,Seattle,4903SB,2022-07-11,Mon,09:25,8.0,15.0,18.0,26.488225090324576,0.0,False,21.7,71.1
Pritchard,Seattle,4903SB,2022-07-18,Mon,10:49,38.0,23.0,20.0,30.52704249004465,0.0,False,21.4,70.5
Pritchard,Seattle,4903SB,2022-07-25,Mon,09:59,6.0,23.0,14.0,21.92946101015165,0.0,False,23.3,73.9
Pritchard,Seattle,4903SB,2022-08-01,Mon,10:36,210.0,54.0,22.0,22.313518933013643,0.0,False,27.8,82.0
Pritchard,Seattle,4903SB,2022-08-08,Mon,09:25,24.0,70.0,5.0,22.162622794074977,0.0,False,23.9,75.0
Pritchard,Seattle,4903SB,2022-08-15,Mon,09:43,1.0,12.0,16.0,18.860114283649825,0.0,False,23.3,73.9
Pritchard,Seattle,4903SB,2022-08-22,Mon,08:53,3.0,9.0,14.0,14.606326739799137,0.0,False,23.5,74.3
Pritchard,Seattle,4903SB,2022-08-29,Mon,10:05,1.0,2.0,20.0,11.279188881494646,0.0,False,22.9,73.2
Pritchard,Seattle,4903SB,2022-09-06,Tue,09:37,1.0,1.0,1.0,4.925785398925674,0.0,False,21.6,70.9
Pritchard,Seattle,4903SB,2022-09-12,Mon,10:10,2.0,3.0,1.0,3.0390204184956184,0.0,False,20.9,69.6
Pritchard,Seattle,4903SB,2022-09-19,Mon,10:34,5.0,7.0,3.0,2.919170686906491,0.0,False,21.0,69.8
Pritchard,Seattle,4903SB,2022-09-26,Mon,10:07,,,,,,,19.4,66.9
Pritchard,Seattle,4903SB,2022-10-03,Mon,10:15,,,,,,,19.5,67.1
Pritchard,Seattle,4903SB,2022-10-11,Tue,10:42,,,,,,,18.8,65.8
Pritchard,Seattle,4903SB,2022-10-17,Mon,10:15,,,,,,,17.9,64.2
Pritchard,Seattle,4903SB,2022-10-24,Mon,10:19,,,,,,,15.8,60.4
Pritchard,Seattle,4903SB,2023-05-15,Mon,09:30,1.0,4.0,5.0,2.7144176165949063,0.0,False,19.1,66.4
Pritchard,Seattle,4903SB,2023-05-22,Mon,09:32,150.0,58.0,75.0,15.343876181801273,0.0,False,18.5,65.3
Pritchard,Seattle,4903SB,2023-05-30,Tue,10:32,15.0,7.0,10.0,13.375532781215492,0.0,False,17.9,64.2
Pritchard,Seattle,4903SB,2023-06-05,Mon,10:56,4.0,1.0,4.0,8.812043847037254,0.0,False,19.4,66.9
Pritchard,Seattle,4903SB,2023-06-12,Mon,10:57,2.0,22.0,11.0,8.61094886696062,0.0,False,21.3,70.3
Pritchard,Seattle,4903SB,2023-06-20,Tue,09:01,230.0,23.0,11.0,14.6545414771317,0.0,False,17.2,63.0
Pritchard,Seattle,4903SB,2023-06-26,Mon,09:19,38.0,970.0,26.0,15.034954286048368,1.0,True,19.8,67.6
Pritchard,Seattle,4903SB,2023-07-05,Wed,09:11,53.0,17.0,8.0,27.59008878051048,1.0,False,23.0,73.4
Pritchard,Seattle,4903SB,2023-07-10,Mon,11:36,13.0,7.0,7.0,21.85471297833948,1.0,False,21.3,70.3
Pritchard,Seattle,4903SB,2023-07-17,Mon,10:51,14.0,9.0,10.0,23.29414562133542,1.0,False,23.5,74.3
Pritchard,Seattle,4903SB,2023-07-24,Mon,10:33,5.0,4.0,6.0,15.424188069896648,1.0,False,22.5,72.5
Pritchard,Seattle,4903SB,2023-07-31,Mon,10:27,1.0,5.0,5.0,7.631848384329508,0.0,False,23.2,73.8
Pritchard,Seattle,4903SB,2023-08-07,Mon,10:20,2.0,1.0,2.0,4.629983197086265,0.0,False,22.9,73.2
Pritchard,Seattle,4903SB,2023-08-14,Mon,10:04,4.0,12.0,5.0,4.338279568811784,0.0,False,24.1,75.4
Pritchard,Seattle,4903SB,2023-08-21,Mon,09:16,1.0,1.0,2.0,2.8228957002826545,0.0,False,23.1,73.6
Pritchard,Seattle,4903SB,2023-08-28,Mon,09:07,110.0,64.0,120.0,5.095651006539256,0.0,False,22.3,72.1
Pritchard,Seattle,4903SB,2023-09-05,Tue,09:57,1.0,1.0,1.0,4.111532008295656,0.0,False,20.2,68.4
Pritchard,Seattle,4903SB,2023-09-11,Mon,09:14,1.0,6.0,32.0,5.322141595301321,0.0,False,20.1,68.2
Pritchard,Seattle,4903SB,2023-09-18,Mon,10:52,2.0,5.0,62.0,5.669765817380426,0.0,False,20.4,68.7
Pritchard,Seattle,4903SB,2023-09-25,Mon,09:06,,,,,,,18.4,65.1
Pritchard,Seattle,4903SB,2023-10-02,Mon,10:51,,,,,,,17.0,62.6
Pritchard,Seattle,4903SB,2023-10-10,Tue,14:29,,,,,,,,
Pritchard,Seattle,4903SB,2023-10-16,Mon,10:08,,,,,,,16.1,61.0
Pritchard,Seattle,4903SB,2023-10-23,Mon,09:35,,,,,,,15.2,59.4
Pritchard,Seattle,4903SB,2024-05-13,Mon,09:40,41.0,79.0,110.0,70.89265004445834,0.0,False,16.1,61.0
Pritchard,Seattle,4903SB,2024-05-20,Mon,09:46,13.0,14.0,8.0,28.34615568257483,0.0,False,15.5,59.9
Pritchard,Seattle,4903SB,2024-05-28,Tue,09:55,670.0,320.0,280.0,68.01335559326115,1.0,True,13.9,57.0
Pritchard,Seattle,4903SB,2024-06-03,Mon,10:33,260.0,68.0,61.0,75.36678560819531,1.0,False,13.8,56.8
Pritchard,Seattle,4903SB,2024-06-10,Mon,09:18,130.0,140.0,32.0,76.92935399193728,1.0,False,14.8,58.6
Pritchard,Seattle,4903SB,2024-06-17,Mon,10:20,59.0,220.0,36.0,78.33280099699338,1.0,False,15.6,60.1
Pritchard,Seattle,4903SB,2024-06-24,Mon,10:05,130.0,58.0,45.0,112.66053825370504,1.0,False,16.6,61.9
Pritchard,Seattle,4903SB,2024-07-01,Mon,10:13,110.0,88.0,360.0,93.18760672809304,1.0,True,19.4,66.9
Pritchard,Seattle,4903SB,2024-07-08,Mon,10:35,73.0,110.0,67.0,88.96585871817689,1.0,False,24.9,76.8
Pritchard,Seattle,4903SB,2024-07-15,Mon,10:58,6.0,7.0,21.0,57.70850934187725,1.0,False,24.0,75.2
Pritchard,Seattle,4903SB,2024-07-22,Mon,10:50,7.0,7.0,13.0,37.17155010995061,1.0,False,23.9,75.0
Pritchard,Seattle,4903SB,2024-07-29,Mon,12:10,240.0,25.0,29.0,35.552900012570625,1.0,False,22.5,72.5
Pritchard,Seattle,4903SB,2024-08-05,Mon,10:59,56.0,57.0,81.0,29.89278425346953,0.0,False,23.2,73.8
Pritchard,Seattle,4903SB,2024-08-12,Mon,09:37,95.0,37.0,8.0,24.55357299747843,0.0,False,21.7,71.1
Pritchard,Seattle,4903SB,2024-08-19,Mon,09:25,110.0,110.0,120.0,40.22980254595067,0.0,False,22.3,72.1
Pritchard,Seattle,4903SB,2024-08-26,Mon,12:08,68.0,87.0,15.0,55.908765189419725,0.0,False,21.9,71.4
Pritchard,Seattle,4903SB,2024-09-03,Tue,10:59,14.0,7.0,140.0,47.19908266393042,0.0,False,20.6,69.1
Pritchard,Seattle,4903SB,2024-09-09,Mon,11:43,7.0,5.0,6.0,29.370521026588385,0.0,False,21.3,70.3
Pritchard,Seattle,4903SB,2024-09-16,Mon,11:18,3.0,7.0,14.0,21.67040951690101,0.0,False,19.6,67.3
Pritchard,Seattle,4903SB,2024-09-23,Mon,14:00,,,,,,,20.3,68.5
Pritchard,Seattle,4903SB,2024-09-30,Mon,11:11,,,,,,,18.6,65.5
Pritchard,Seattle,4903SB,2024-10-07,Mon,09:35,,,,,,,17.0,62.6
Pritchard,Seattle,4903SB,2024-10-15,Tue,09:31,,,,,,,16.4,61.5
Pritchard,Seattle,4903SB,2024-10-21,Mon,12:18,,,,,,,15.3,59.5
Pritchard,Seattle,4903SB,2025-05-12,Mon,09:59,2.0,1.0,7.0,2.4101422641752297,0.0,False,14.9,58.8
Pritchard,Seattle,4903SB,2025-05-19,Mon,10:01,52.0,68.0,110.0,13.263928217211516,0.0,False,13.6,56.5
Pritchard,Seattle,4903SB,2025-05-27,Tue,10:14,12.0,12.0,4.0,11.354335373254036,0.0,False,15.6,60.1
Pritchard,Seattle,4903SB,2025-06-02,Mon,10:25,4.0,14.0,17.0,10.954461518459905,0.0,False,18.3,64.9
Pritchard,Seattle,4903SB,2025-06-09,Mon,10:39,5.0,39.0,56.0,12.615012053685396,0.0,False,22.7,72.9
Pritchard,Seattle,4903SB,2025-06-16,Mon,12:07,53.0,6.0,11.0,18.227780401182063,0.0,False,20.2,68.4
Pritchard,Seattle,4903SB,2025-06-23,Mon,12:03,14.0,12000.0,180.0,24.36570101583771,1.0,True,20.7,69.3
Pritchard,Seattle,4903SB,2025-06-30,Mon,12:16,250.0,730.0,710.0,55.40966099451394,3.0,True,22.5,72.5
Pritchard,Seattle,4903SB,2025-07-07,Mon,11:01,3.0,5.0,3.0,45.20889208636171,3.0,False,22.7,72.9
Pritchard,Seattle,4903SB,2025-07-14,Mon,09:38,5.0,19.0,52.0,42.8802673873875,3.0,False,23.4,74.1
Pritchard,Seattle,4903SB,2025-07-21,Mon,11:48,610.0,140.0,95.0,71.88113558796971,4.0,True,23.8,74.8
Pritchard,Seattle,4903SB,2025-07-28,Mon,12:33,31.0,11000.0,1900.0,88.17456837242779,5.0,True,25.4,77.7
Pritchard,Seattle,4903SB,2025-08-04,Mon,11:49,53.0,65.0,35.0,55.36803098613189,3.0,False,22.7,72.9
Pritchard,Seattle,4903SB,2025-08-11,Mon,11:08,8.0,4.0,11.0,63.50595080046534,3.0,False,23.6,74.5
Pritchard,Seattle,4903SB,2025-08-18,Mon,10:16,310.0,160.0,11.0,86.90089516020038,3.0,False,21.9,71.4
Pritchard,Seattle,4903SB,2025-08-25,Mon,10:09,230.0,460.0,210.0,92.93782028353048,3.0,True,23.7,74.7
Pritchard,Seattle,4903SB,2025-09-02,Tue,11:46,3.0,7.0,13.0,34.927657551829604,1.0,False,20.5,68.9
Pritchard,Seattle,4903SB,2025-09-08,Mon,10:38,260.0,43.0,53.0,38.838890989691805,1.0,False,22.4,72.3
Pritchard,Seattle,4903SB,2025-09-15,Mon,11:57,43.0,26.0,40.0,53.64518688727343,1.0,False,22.1,71.8
Pritchard,Seattle,4903SB,2025-09-22,Mon,09:13,,,,,,,19.6,67.3
Pritchard,Seattle,4903SB,2025-09-29,Mon,10:37,,,,,,,19.4,66.9
Pritchard,Seattle,4903SB,2025-10-06,Mon,10:35,,,,,,,18.5,65.3
Pritchard,Seattle,4903SB,2025-10-14,Tue,08:38,,,,,,,15.2,59.4
Pritchard,Seattle,4903SB,2025-10-20,Mon,09:27,,,,,,,14.7,58.5
Pritchard,Seattle,4903SB,2026-05-11,Mon,10:29,11.0,230.0,310.0,92.22048565839133,0.0,False,16.2,61.2
Pritchard,Seattle,4903SB,2026-05-18,Mon,10:16,13.0,16.0,30.0,41.20448282055719,0.0,False,14.9,58.8
Pritchard,Seattle,4903SB,2026-05-26,Tue,11:59,1100.0,340.0,4100.0,125.10020728249712,3.0,True,15.2,59.4
Pritchard,Seattle,4903SB,2026-06-01,Mon,12:15,15.0,71.0,260.0,106.2846226438488,3.0,False,19.4,66.9
Pritchard,Seattle,4903SB,2026-06-08,Mon,10:28,9.0,86.0,72.0,86.61263377089016,3.0,False,16.0,60.8
Pritchard,Seattle,4903SB,2026-06-15,Mon,12:22,81.0,280.0,140.0,95.07518295904222,3.0,False,22.5,72.5
Pritchard,Seattle,4903SB,2026-06-22,Mon,12:07,72.0,93.0,77.0,127.60722816343788,3.0,False,22.3,72.1
Pritchard,Seattle,4903SB,2026-06-29,Mon,11:48,110.0,260.0,100.0,83.93104816698684,0.0,False,18.0,64.4
Pritchard,Seattle,4903SB,2026-07-06,Mon,09:42,1.0,5.0,140.0,56.33448378852537,0.0,False,20.0,68.0
Pritchard,Seattle,4903SB,2026-07-13,Mon,11:56,8.0,7.0,140.0,49.42998660735477,0.0,False,22.5,72.5
Pritchard,Seattle,4903SB,2026-07-20,Mon,11:55,33.0,25.0,64.0,37.61675673604522,0.0,False,23.4,74.1
Pritchard,Seattle,4903SB,2026-07-27,Mon,12:36,63.0,37.0,36.0,33.32861415313677,0.0,False,22.5,72.5
Pritchard,Seattle,4903SB,2026-08-03,Mon,11:42,3.0,2.0,83.0,18.71578910622975,0.0,False,21.8,71.2
Pritchard,Seattle,4903SB,2026-08-10,Mon,12:12,160.0,12.0,8.0,22.9946968196362,0.0,False,23.2,73.8
Pritchard,Seattle,4903SB,2026-08-17,Mon,12:33,6.0,12.0,170.0,23.68783548739469,0.0,False,23.6,74.5
Pritchard,Seattle,4903SB,2026-08-24,Mon,12:19,14.0,13.0,5.0,18.069766594610197,0.0,False,24.0,75.2
Pritchard,Seattle,4903SB,2026-08-31,Mon,00:00,10.0,4.0,5.0,12.080870369785677,0.0,False,,
Rattlesnake Lake,Seattle Public Utilities,A999SB,2019-05-26,Sun,0:01,62.0,46.0,8.0,28.36263021155451,0.0,False,15.0,59.0
Rattlesnake Lake,Seattle Public Utilities,A999SB,2019-06-03,Mon,0:01,155.0,166.0,15.0,45.44245218361898,0.0,False,18.0,64.4
Rattlesnake Lake,Seattle Public Utilities,A999SB,2019-06-10,Mon,0:01,8.0,2.0,8.0,21.832775396309422,0.0,False,15.33333333,59.6
Rattlesnake Lake,Seattle Public Utilities,A999SB,2019-06-17,Mon,0:01,0.0,2.0,3.0,11.726749491471663,0.0,False,18.0,64.4
Rattlesnake Lake,Seattle Public Utilities,A999SB,2019-06-24,Mon,0:01,0.0,1.0,0.0,7.167077789875742,0.0,False,18.0,64.4
Rattlesnake Lake,Seattle Public Utilities,A999SB,2019-07-01,Mon,0:01,0.0,0.0,0.0,3.6710712846119,0.0,False,18.0,64.4
Rattlesnake Lake,Seattle Public Utilities,A999SB,2019-07-09,Tue,0:01,1.0,0.0,0.0,1.5572466836700098,0.0,False,17.0,62.6
Rattlesnake Lake,Seattle Public Utilities,A999SB,2019-07-15,Mon,0:01,4.0,9.0,0.0,1.4309690811052556,0.0,False,19.0,66.2
Rattlesnake Lake,Seattle Public Utilities,A999SB,2019-07-22,Mon,0:01,40.0,23.0,27.0,2.493237246228771,0.0,False,19.0,66.2
Rattlesnake Lake,Seattle Public Utilities,A999SB,2019-07-29,Mon,0:01,66.0,57.0,79.0,5.77608175522764,0.0,False,20.0,68.0
Rattlesnake Lake,Seattle Public Utilities,A999SB,2019-08-05,Mon,0:01,47.0,15.0,35.0,11.33575564782866,0.0,False,21.0,69.8
Rattlesnake Lake,Seattle Public Utilities,A999SB,2019-08-12,Mon,0:01,17.0,14.0,7.0,18.587835008091425,0.0,False,20.0,68.0
Rattlesnake Lake,Seattle Public Utilities,A999SB,2019-08-19,Mon,0:01,8.0,3.0,7.0,20.59819953963271,0.0,False,20.0,68.0
Rattlesnake Lake,Seattle Public Utilities,A999SB,2019-08-27,Tue,0:01,0.0,1.0,0.0,10.491054782410169,0.0,False,19.0,66.2
Rattlesnake Lake,Seattle Public Utilities,A999SB,2019-09-02,Mon,0:01,0.0,0.0,0.0,4.5284484611143885,0.0,False,20.0,68.0
Rattlesnake Lake,Seattle Public Utilities,A999SB,2020-06-09,Tue,0:01,20.0,12.0,5.0,10.626585691826111,0.0,False,14.66666667,58.4
Rattlesnake Lake,Seattle Public Utilities,A999SB,2020-06-15,Mon,0:01,9.0,6.0,0.0,6.3376633710643056,0.0,False,15.0,59.0
Rattlesnake Lake,Seattle Public Utilities,A999SB,2020-06-22,Mon,0:01,8.0,32.0,1.0,6.341641152856427,0.0,False,16.33333333,61.4
Rattlesnake Lake,Seattle Public Utilities,A999SB,2020-06-29,Mon,0:01,7.0,5.0,124.0,8.031106622564975,0.0,False,17.0,62.6
Rattlesnake Lake,Seattle Public Utilities,A999SB,2020-07-06,Mon,0:01,1.0,0.0,4.0,5.80707782174883,0.0,False,17.0,62.6
Rattlesnake Lake,Seattle Public Utilities,A999SB,2020-07-13,Mon,0:01,2.0,18.0,0.0,4.596554316514606,0.0,False,17.0,62.6
Rattlesnake Lake,Seattle Public Utilities,A999SB,2020-07-20,Mon,0:01,4.0,2.0,5.0,4.50550502659981,0.0,False,19.33333333,66.8
Rattlesnake Lake,Seattle Public Utilities,A999SB,2020-07-27,Mon,0:01,548.0,3.0,19.0,6.206372555365453,1.0,True,19.0,66.2
Rattlesnake Lake,Seattle Public Utilities,A999SB,2020-08-03,Mon,0:01,2.0,0.0,1.0,3.718837424961575,1.0,False,20.0,68.0
Rattlesnake Lake,Seattle Public Utilities,A999SB,2020-08-10,Mon,0:01,19.0,5.0,45.0,5.920143966617221,1.0,False,19.0,66.2
Rattlesnake Lake,Seattle Public Utilities,A999SB,2020-08-17,Mon,0:01,6.0,4.0,5.0,6.414914186090589,1.0,False,20.0,68.0
Rattlesnake Lake,Seattle Public Utilities,A999SB,2020-08-25,Tue,0:01,6.0,4.0,3.0,6.671277685087253,1.0,False,,
Rattlesnake Lake,Seattle Public Utilities,A999SB,2020-08-31,Mon,0:01,0.0,0.0,0.0,3.3463034703662147,0.0,False,18.0,64.4
Rattlesnake Lake,Seattle Public Utilities,A999SB,2020-09-07,Mon,0:01,8.0,1.0,0.0,3.67030923593648,0.0,False,18.0,64.4
Rattlesnake Lake,Seattle Public Utilities,A999SB,2020-09-14,Mon,0:01,0.0,1.0,0.0,2.1020364793573427,0.0,False,16.0,60.8
Rattlesnake Lake,Seattle Public Utilities,A999SB,2021-05-24,Mon,0:01,4.0,2.0,6.0,3.634241185664279,0.0,False,14.0,57.2
Rattlesnake Lake,Seattle Public Utilities,A999SB,2021-05-31,Mon,0:01,3.0,1.0,2.0,2.5697965868506505,0.0,False,15.0,59.0
Rattlesnake Lake,Seattle Public Utilities,A999SB,2021-06-07,Mon,0:01,11.0,10.0,37.0,4.724239184041731,0.0,False,16.0,60.8
Rattlesnake Lake,Seattle Public Utilities,A999SB,2021-06-14,Mon,0:01,44.0,36.0,33.0,7.923882029936288,0.0,False,17.0,62.6
Rattlesnake Lake,Seattle Public Utilities,A999SB,2021-06-21,Mon,0:01,57.0,16.0,2.0,8.640762266409157,0.0,False,19.0,66.2
Rattlesnake Lake,Seattle Public Utilities,A999SB,2021-06-28,Mon,0:01,26.0,66.0,83.0,14.724560216876885,0.0,False,19.0,66.2
Rattlesnake Lake,Seattle Public Utilities,A999SB,2021-07-05,Mon,0:01,1.0,2.0,0.0,13.684667471245774,0.0,False,22.0,71.6
Rattlesnake Lake,Seattle Public Utilities,A999SB,2021-07-12,Mon,0:01,2.0,3.0,3.0,9.534094564424402,0.0,False,21.0,69.8
Rattlesnake Lake,Seattle Public Utilities,A999SB,2021-07-19,Mon,0:01,3.0,1.0,0.0,4.972058895636529,0.0,False,19.0,66.2
Rattlesnake Lake,Seattle Public Utilities,A999SB,2021-07-26,Mon,0:01,0.0,0.0,0.0,3.013940044481614,0.0,False,20.0,68.0
Rattlesnake Lake,Seattle Public Utilities,A999SB,2021-08-02,Mon,0:01,,4.0,3.0,1.6125270183728533,0.0,,22.0,71.6
Rattlesnake Lake,Seattle Public Utilities,A999SB,2021-08-09,Mon,0:01,1.0,1.0,1.0,1.539707884572017,0.0,False,20.0,68.0
Rattlesnake Lake,Seattle Public Utilities,A999SB,2021-08-16,Mon,0:01,2.0,2.0,2.0,1.458678222596748,0.0,False,23.0,73.4
Rattlesnake Lake,Seattle Public Utilities,A999SB,2021-08-23,Mon,0:01,0.0,0.0,0.0,1.3556619776599483,0.0,False,18.0,64.4
Rattlesnake Lake,Seattle Public Utilities,A999SB,2021-08-30,Mon,0:01,2.0,3.0,4.0,1.6755812747668832,0.0,False,18.0,64.4
Rattlesnake Lake,Seattle Public Utilities,A999SB,2021-09-06,Mon,0:01,3.0,0.0,3.0,1.6437518295172258,0.0,False,19.0,66.2
Rattlesnake Lake,Seattle Public Utilities,A999SB,2022-05-30,Mon,0:01,13.0,8.0,3.0,6.782422886028335,0.0,False,14.0,57.2
Rattlesnake Lake,Seattle Public Utilities,A999SB,2022-06-06,Mon,0:01,28.0,23.0,20.0,12.608935104420691,0.0,False,16.0,60.8
Rattlesnake Lake,Seattle Public Utilities,A999SB,2022-06-13,Mon,0:01,20.0,15.0,15.0,13.794250483143443,0.0,False,15.0,59.0
Rattlesnake Lake,Seattle Public Utilities,A999SB,2022-06-20,Mon,0:01,16.0,10.0,42.0,14.918357845276509,0.0,False,15.0,59.0
Rattlesnake Lake,Seattle Public Utilities,A999SB,2022-06-27,Mon,0:01,11.0,3.0,5.0,12.212626611804613,0.0,False,18.0,64.4
Rattlesnake Lake,Seattle Public Utilities,A999SB,2022-07-04,Mon,0:01,21.0,23.0,24.0,15.54089398259472,0.0,False,18.0,64.4
Rattlesnake Lake,Seattle Public Utilities,A999SB,2022-07-13,Wed,0:01,35.0,13.0,9.0,13.913576855823647,0.0,False,20.66666667,69.2
Rattlesnake Lake,Seattle Public Utilities,A999SB,2022-07-18,Mon,0:01,57.0,53.0,34.0,17.736163182590094,0.0,False,19.0,66.2
Rattlesnake Lake,Seattle Public Utilities,A999SB,2022-07-25,Mon,0:01,68.0,22.0,44.0,20.650346456957184,0.0,False,20.0,68.0
Rattlesnake Lake,Seattle Public Utilities,A999SB,2022-08-01,Mon,0:01,179.0,142.0,130.0,39.96692429838669,0.0,False,23.0,73.4
Rattlesnake Lake,Seattle Public Utilities,A999SB,2022-08-08,Mon,0:01,0.0,0.0,1.0,21.416911220741927,0.0,False,20.33333333,68.6
Rattlesnake Lake,Seattle Public Utilities,A999SB,2022-08-15,Mon,0:01,0.0,2.0,0.0,12.882749901117547,0.0,False,20.33333333,68.6
Rattlesnake Lake,Seattle Public Utilities,A999SB,2022-08-22,Mon,0:01,39.0,231.0,326.0,16.109901264362733,1.0,True,20.66666667,69.2
Rattlesnake Lake,Seattle Public Utilities,A999SB,2022-08-29,Mon,0:01,0.0,0.0,1.0,7.688953964416065,1.0,False,19.0,66.2
Rattlesnake Lake,Seattle Public Utilities,A999SB,2022-09-05,Mon,0:01,2.0,1.0,0.0,2.960262874294199,1.0,False,19.33333333,66.8
Rattlesnake Lake,Seattle Public Utilities,A999SB,2022-09-11,Sun,0:01,1.0,0.0,0.0,,,False,18.0,64.4
Rattlesnake Lake,Seattle Public Utilities,A999SB,2023-05-30,Tue,0:01,6.0,13.0,10.0,9.20516408251589,0.0,False,17.0,62.6
Rattlesnake Lake,Seattle Public Utilities,A999SB,2023-06-05,Mon,0:01,4.0,1.0,6.0,5.152891216126676,0.0,False,17.0,62.6
Rattlesnake Lake,Seattle Public Utilities,A999SB,2023-06-12,Mon,0:01,23.0,26.0,16.0,8.260647920010191,0.0,False,17.0,62.6
Rattlesnake Lake,Seattle Public Utilities,A999SB,2023-06-19,Mon,0:01,31.0,28.0,41.0,11.66906026441343,0.0,False,16.0,60.8
Rattlesnake Lake,Seattle Public Utilities,A999SB,2023-06-26,Mon,0:01,10.0,8.0,6.0,10.774028549423656,0.0,False,18.0,64.4
Rattlesnake Lake,Seattle Public Utilities,A999SB,2023-07-03,Mon,0:01,1.0,2.0,1.0,7.238365043375641,0.0,False,20.0,68.0
Rattlesnake Lake,Seattle Public Utilities,A999SB,2023-07-10,Mon,0:01,6.0,3.0,4.0,7.788405686646818,0.0,False,19.66666667,67.4
Rattlesnake Lake,Seattle Public Utilities,A999SB,2023-07-17,Mon,0:01,4.0,6.0,5.0,5.81664515586643,0.0,False,20.0,68.0
Rattlesnake Lake,Seattle Public Utilities,A999SB,2023-07-24,Mon,0:01,8.0,4.0,7.0,4.148924510421193,0.0,False,21.0,69.8
Rattlesnake Lake,Seattle Public Utilities,A999SB,2023-07-31,Mon,0:01,1.0,3.0,3.0,3.182748223422343,0.0,False,20.0,68.0
Rattlesnake Lake,Seattle Public Utilities,A999SB,2023-08-07,Mon,0:01,10.0,9.0,22.0,5.040937319980864,0.0,False,21.0,69.8
Rattlesnake Lake,Seattle Public Utilities,A999SB,2023-08-14,Mon,0:01,3.0,2.0,3.0,4.595935918038942,0.0,False,21.0,69.8
Rattlesnake Lake,Seattle Public Utilities,A999SB,2023-08-21,Mon,0:01,0.0,0.0,1.0,3.3401185511614018,0.0,False,20.66666667,69.2
Rattlesnake Lake,Seattle Public Utilities,A999SB,2023-08-28,Mon,0:01,8.0,16.0,8.0,3.69628409972739,0.0,False,20.66666667,69.2
Rattlesnake Lake,Seattle Public Utilities,A999SB,2023-09-04,Mon,0:01,0.0,0.0,0.0,3.192634312005969,0.0,False,19.0,66.2
Rattlesnake Lake,Seattle Public Utilities,A999SB,2024-05-27,Mon,0:01,0.0,1.0,3.0,1.4422495703074083,0.0,False,13.0,55.4
Rattlesnake Lake,Seattle Public Utilities,A999SB,2024-06-03,Mon,0:01,13.0,9.0,9.0,3.8305247342271858,0.0,False,13.66666667,56.6
Rattlesnake Lake,Seattle Public Utilities,A999SB,2024-06-10,Mon,0:01,3.0,8.0,1.0,3.4849427818956302,0.0,False,15.0,59.0
Rattlesnake Lake,Seattle Public Utilities,A999SB,2024-06-17,Mon,0:01,4.0,3.0,1.0,3.13746225281899,0.0,False,14.0,57.2
Rattlesnake Lake,Seattle Public Utilities,A999SB,2024-06-24,Mon,0:01,0.0,1.0,3.0,2.6857828184788453,0.0,False,16.0,60.8
Rattlesnake Lake,Seattle Public Utilities,A999SB,2024-07-01,Mon,0:01,2.0,1.0,5.0,2.9102444805684384,0.0,False,17.0,62.6
Rattlesnake Lake,Seattle Public Utilities,A999SB,2024-07-08,Mon,0:01,1.0,9.0,16.0,2.5487373442602244,0.0,False,19.0,66.2
Rattlesnake Lake,Seattle Public Utilities,A999SB,2024-07-15,Mon,0:01,3.0,2.0,0.0,2.323741154190192,0.0,False,20.0,68.0
Rattlesnake Lake,Seattle Public Utilities,A999SB,2024-07-22,Mon,0:01,0.0,8.0,28.0,2.8243956527660297,0.0,False,20.0,68.0
Rattlesnake Lake,Seattle Public Utilities,A999SB,2024-07-29,Mon,0:01,2.0,0.0,1.0,2.749072016765064,0.0,False,18.0,64.4
Rattlesnake Lake,Seattle Public Utilities,A999SB,2024-08-05,Mon,0:01,0.0,1.0,2.0,2.469381082740932,0.0,False,20.0,68.0
Rattlesnake Lake,Seattle Public Utilities,A999SB,2024-08-12,Mon,0:01,0.0,1.0,0.0,1.772953249658517,0.0,False,20.0,68.0
Rattlesnake Lake,Seattle Public Utilities,A999SB,2024-08-19,Mon,0:01,4.0,1.0,4.0,1.89275847514723,0.0,False,18.0,64.4
Rattlesnake Lake,Seattle Public Utilities,A999SB,2024-08-26,Mon,0:01,2.0,1.0,0.0,1.381912879967776,0.0,False,16.0,60.8
Rattlesnake Lake,Seattle Public Utilities,A999SB,2024-09-02,Mon,0:01,2.0,0.0,2.0,1.447269237440378,0.0,False,18.0,64.4
Rattlesnake Lake,Seattle Public Utilities,A999SB,2024-09-09,Mon,0:01,0.0,2.0,0.0,1.447269237440378,0.0,False,19.0,66.2
Rattlesnake Lake,Seattle Public Utilities,A999SB,2024-09-16,Mon,0:01,5.0,3.0,5.0,1.9299826962462,0.0,False,16.0,60.8
Rattlesnake Lake,Seattle Public Utilities,A999SB,2025-05-26,Mon,0:01,3.0,1.0,3.0,2.0800838230519045,0.0,False,15.0,59.0
Rattlesnake Lake,Seattle Public Utilities,A999SB,2025-06-02,Mon,0:01,16.0,291.0,291.0,15.17136807649888,0.0,False,14.66666667,58.4
Rattlesnake Lake,Seattle Public Utilities,A999SB,2025-06-08,Sun,0:01,8.0,3.0,3.0,,,False,20.0,68.0
Rattlesnake Lake,Seattle Public Utilities,A999SB,2025-06-16,Mon,0:01,10.0,3.0,6.0,10.912786631874548,0.0,False,17.0,62.6
Rattlesnake Lake,Seattle Public Utilities,A999SB,2025-06-23,Mon,0:01,3.0,1.0,9.0,7.901909685228181,0.0,False,16.0,60.8
Rattlesnake Lake,Seattle Public Utilities,A999SB,2025-06-30,Mon,0:01,7.0,0.0,1.0,7.73814189506578,0.0,False,18.0,64.4
Rattlesnake Lake,Seattle Public Utilities,A999SB,2025-07-07,Mon,0:01,9.0,7.0,0.0,3.369687070704741,0.0,False,19.0,66.2
Rattlesnake Lake,Seattle Public Utilities,A999SB,2025-07-14,Mon,0:01,27.0,17.0,6.0,4.4812852201174005,0.0,False,21.0,69.8
Rattlesnake Lake,Seattle Public Utilities,A999SB,2025-07-21,Mon,0:01,108.0,5.0,17.0,5.82425790832547,0.0,False,20.0,68.0
Rattlesnake Lake,Seattle Public Utilities,A999SB,2025-07-28,Mon,0:01,13.0,20.0,13.0,8.036694513203681,0.0,False,20.0,68.0
Rattlesnake Lake,Seattle Public Utilities,A999SB,2025-08-04,Mon,0:01,9.0,2.0,10.0,9.979047536828922,0.0,False,19.33333333,66.8
Rattlesnake Lake,Seattle Public Utilities,A999SB,2025-08-11,Mon,0:01,27.0,29.0,21.0,14.46100441204677,0.0,False,20.66666667,69.2
Rattlesnake Lake,Seattle Public Utilities,A999SB,2025-08-18,Mon,0:01,0.0,1.0,3.0,9.176469240801808,0.0,False,19.0,66.2
Rattlesnake Lake,Seattle Public Utilities,A999SB,2025-08-25,Mon,0:01,0.0,0.0,3.0,5.373956971456458,0.0,False,21.0,69.8
Rattlesnake Lake,Seattle Public Utilities,A999SB,2025-09-01,Mon,0:01,0.0,0.0,0.0,3.1263174263939426,0.0,False,21.33333333,70.4
Rattlesnake Lake,Seattle Public Utilities,A999SB,2025-09-08,Mon,0:01,0.0,1.0,0.0,2.211472641873271,0.0,False,20.0,68.0
Rattlesnake Lake,Seattle Public Utilities,A999SB,2025-09-15,Mon,0:01,0.0,0.0,2.0,1.2125086169006218,0.0,False,19.0,66.2
Rattlesnake Lake,Seattle Public Utilities,A999SB,2026-05-25,Mon,0:01,1.0,0.0,0.0,1.0,0.0,False,16.0,60.8
Rattlesnake Lake,Seattle Public Utilities,A999SB,2026-06-01,Mon,0:01,9.0,0.0,0.0,1.4422495703074083,0.0,False,15.0,59.0
Rattlesnake Lake,Seattle Public Utilities,A999SB,2026-06-08,Mon,0:01,1.0,63.0,326.0,3.847689987621347,1.0,True,13.66666667,56.6
Rattlesnake Lake,Seattle Public Utilities,A999SB,2026-06-15,Mon,0:01,4.0,25.0,9.0,4.842692918078701,1.0,False,17.0,62.6
Rattlesnake Lake,Seattle Public Utilities,A999SB,2026-06-22,Mon,0:01,10.0,12.0,12.0,5.73623643955362,1.0,False,19.0,66.2
Rattlesnake Lake,Seattle Public Utilities,A999SB,2026-06-29,Mon,0:01,17.0,10.0,33.0,10.199007272215855,1.0,False,17.0,62.6
Rattlesnake Lake,Seattle Public Utilities,A999SB,2026-07-06,Mon,0:01,0.0,4.0,12.0,11.403140708527896,1.0,False,18.0,64.4
Rattlesnake Lake,Seattle Public Utilities,A999SB,2026-07-13,Mon,0:01,1.0,3.0,7.0,7.20557361829621,0.0,False,19.0,66.2
Rattlesnake Lake,Seattle Public Utilities,A999SB,2026-07-20,Mon,0:01,1.0,16.0,24.0,6.807815970101747,0.0,False,19.33333333,66.8
Rattlesnake Lake,Seattle Public Utilities,A999SB,2026-07-27,Mon,0:01,6.0,1.0,4.0,5.181606044092996,0.0,False,20.0,68.0
Rattlesnake Lake,Seattle Public Utilities,A999SB,2026-08-02,Sun,0:01,30.0,14.0,12.0,,,False,19.0,66.2
Rattlesnake Lake,Seattle Public Utilities,A999SB,2026-08-10,Mon,0:01,0.0,0.0,0.0,2.757804526370065,0.0,False,20.0,68.0
Rattlesnake Lake,Seattle Public Utilities,A999SB,2026-08-17,Mon,0:01,114.0,55.0,11.0,5.415021986716046,0.0,False,20.0,68.0
Rattlesnake Lake,Seattle Public Utilities,A999SB,2026-08-24,Mon,0:01,0.0,0.0,1.0,3.2979137164134005,0.0,False,19.0,66.2
Rattlesnake Lake,Seattle Public Utilities,A999SB,2026-08-31,Mon,0:01,0.0,0.0,0.0,2.5305894054858205,0.0,False,18.0,64.4
Sammamish Landing,Sammamish,SAMMLANDINGSB,2019-06-03,Mon,14:35,1.0,1.0,1.0,1.0,0.0,False,21.5,70.7
Sammamish Landing,Sammamish,SAMMLANDINGSB,2019-06-17,Mon,12:55,1.0,3.0,1.0,1.2009369551760027,0.0,False,22.2,72.0
Sammamish Landing,Sammamish,SAMMLANDINGSB,2019-07-01,Mon,13:00,2.0,3.0,14.0,1.848512034382223,0.0,False,22.4,72.3
Sammamish Landing,Sammamish,SAMMLANDINGSB,2019-07-15,Mon,15:55,8.0,21.0,8.0,4.115496162398395,0.0,False,22.6,72.7
Sammamish Landing,Sammamish,SAMMLANDINGSB,2019-07-22,Mon,16:26,1.0,6.0,7.0,5.517848352762241,0.0,False,23.6,74.5
Sammamish Landing,Sammamish,SAMMLANDINGSB,2019-07-29,Mon,16:00,8.0,52.0,13.0,7.369087454898564,0.0,False,24.2,75.6
Sammamish Landing,Sammamish,SAMMLANDINGSB,2019-08-05,Mon,16:16,23.0,1.0,2.0,7.008422192138883,0.0,False,25.9,78.6
Sammamish Landing,Sammamish,SAMMLANDINGSB,2019-08-12,Mon,13:53,4.0,4.0,11.0,6.70188620497802,0.0,False,24.2,75.6
Sammamish Landing,Sammamish,SAMMLANDINGSB,2019-08-19,Mon,16:16,2.0,2.0,3.0,4.893082233335173,0.0,False,24.3,75.7
Sammamish Landing,Sammamish,SAMMLANDINGSB,2019-08-26,Mon,14:56,3.0,2.0,1.0,4.297764806970211,0.0,False,23.3,73.9
Sammamish Landing,Sammamish,SAMMLANDINGSB,2019-09-03,Tue,12:01,2.0,3.0,8.0,3.1365793739280727,0.0,False,23.5,74.3
Sammamish Landing,Sammamish,SAMMLANDINGSB,2020-06-03,Wed,12:33,1.0,1.0,1.0,1.0,0.0,False,18.4,65.1
Sammamish Landing,Sammamish,SAMMLANDINGSB,2020-06-17,Wed,12:25,1.0,1.0,1.0,1.0,0.0,False,19.4,66.9
Sammamish Landing,Sammamish,SAMMLANDINGSB,2020-06-30,Tue,11:09,36.0,23.0,42.0,3.195851752195872,0.0,False,19.9,67.8
Sammamish Landing,Sammamish,SAMMLANDINGSB,2020-07-15,Wed,12:35,8.0,34.0,69.0,9.536979451168438,0.0,False,22.2,72.0
Sammamish Landing,Sammamish,SAMMLANDINGSB,2020-07-29,Wed,13:10,1.0,3.0,27.0,15.540491061016631,0.0,False,24.7,76.5
Sammamish Landing,Sammamish,SAMMLANDINGSB,2020-08-05,Wed,13:12,1.0,1.0,2.0,5.252014179345803,0.0,False,25.6,78.1
Sammamish Landing,Sammamish,SAMMLANDINGSB,2020-08-12,Wed,14:00,1.0,1.0,10.0,4.203177694983287,0.0,False,24.0,75.2
Sammamish Landing,Sammamish,SAMMLANDINGSB,2020-08-19,Wed,12:54,11.0,23.0,4.0,3.2952721954366893,0.0,False,25.1,77.2
Sammamish Landing,Sammamish,SAMMLANDINGSB,2020-08-26,Wed,12:47,37.0,50.0,46.0,5.533182641404047,0.0,False,23.2,73.8
Sammamish Landing,Sammamish,SAMMLANDINGSB,2020-09-02,Wed,11:11,120.0,160.0,13.0,9.452767510604044,0.0,False,23.6,74.5
Sammamish Landing,Sammamish,SAMMLANDINGSB,2020-09-09,Wed,12:33,8.0,10.0,11.0,14.183687528762572,0.0,False,22.5,72.5
Sammamish Landing,Sammamish,SAMMLANDINGSB,2021-06-02,Wed,11:31,1.0,8.0,10.0,4.308869380063767,0.0,False,19.7,67.5
Sammamish Landing,Sammamish,SAMMLANDINGSB,2021-06-16,Wed,12:54,5.0,5.0,3.0,4.262769748452453,0.0,False,20.6,69.1
Sammamish Landing,Sammamish,SAMMLANDINGSB,2021-06-30,Wed,09:37,3.0,1.0,2.0,3.208158624336987,0.0,False,26.3,79.3
Sammamish Landing,Sammamish,SAMMLANDINGSB,2021-07-14,Wed,12:00,2.0,1.0,1.0,2.1293603732376645,0.0,False,24.8,76.6
Sammamish Landing,Sammamish,SAMMLANDINGSB,2021-07-28,Wed,10:11,1.0,1.0,1.0,1.3179806292130023,0.0,False,23.4,74.1
Sammamish Landing,Sammamish,SAMMLANDINGSB,2021-08-04,Wed,10:11,1.0,1.0,1.0,1.080059738892306,0.0,False,24.2,75.6
Sammamish Landing,Sammamish,SAMMLANDINGSB,2021-08-11,Wed,13:05,35.0,58.0,240.0,3.155450993212498,0.0,False,24.6,76.3
Sammamish Landing,Sammamish,SAMMLANDINGSB,2021-08-18,Wed,11:45,41.0,28.0,32.0,7.151545874697334,0.0,False,24.6,76.3
Sammamish Landing,Sammamish,SAMMLANDINGSB,2021-08-25,Wed,12:55,410.0,2100.0,700.0,18.57205762423265,3.0,True,23.4,74.1
Sammamish Landing,Sammamish,SAMMLANDINGSB,2021-09-01,Wed,12:03,1.0,1.0,1.0,18.57205762423265,3.0,False,21.4,70.5
Sammamish Landing,Sammamish,SAMMLANDINGSB,2021-09-08,Wed,12:32,1.0,1.0,1.0,18.57205762423265,3.0,False,21.9,71.4
Sammamish Landing,Sammamish,SAMMLANDINGSB,2022-05-31,Tue,12:19,5.0,5.0,4.0,4.641588833612778,0.0,False,17.1,62.8
Sammamish Landing,Sammamish,SAMMLANDINGSB,2022-06-14,Tue,11:34,1.0,1.0,2.0,2.418271175121957,0.0,False,17.7,63.9
Sammamish Landing,Sammamish,SAMMLANDINGSB,2022-06-28,Tue,09:33,1.0,4.0,1.0,2.1016749801593,0.0,False,21.6,70.9
Sammamish Landing,Sammamish,SAMMLANDINGSB,2022-07-12,Tue,11:48,2.0,2.0,1.0,1.4697344922755988,0.0,False,23.4,74.1
Sammamish Landing,Sammamish,SAMMLANDINGSB,2022-07-26,Tue,10:04,3.0,3.0,2.0,1.8761425449123872,0.0,False,23.6,74.5
Sammamish Landing,Sammamish,SAMMLANDINGSB,2022-08-02,Tue,13:41,1.0,5.0,2.0,2.0772147055012558,0.0,False,27.2,81.0
Sammamish Landing,Sammamish,SAMMLANDINGSB,2022-08-09,Tue,11:13,5.0,11.0,8.0,2.8734177116415744,0.0,False,24.7,76.5
Sammamish Landing,Sammamish,SAMMLANDINGSB,2022-08-16,Tue,12:18,7.0,6.0,20.0,4.486596766087949,0.0,False,24.9,76.8
Sammamish Landing,Sammamish,SAMMLANDINGSB,2022-08-23,Tue,09:35,1.0,1.0,1.0,3.323025172718223,0.0,False,23.7,74.7
Sammamish Landing,Sammamish,SAMMLANDINGSB,2022-08-30,Tue,12:04,1.0,35.0,45.0,4.477141646796706,0.0,False,24.8,76.6
Sammamish Landing,Sammamish,SAMMLANDINGSB,2022-09-07,Wed,12:22,1.0,1.0,4.0,4.2118364700431705,0.0,False,23.1,73.6
Sammamish Landing,Sammamish,SAMMLANDINGSB,2023-05-31,Wed,11:42,1.0,1.0,1.0,1.0,0.0,False,19.4,66.9
Sammamish Landing,Sammamish,SAMMLANDINGSB,2023-06-13,Tue,08:38,3.0,5.0,4.0,1.9786024464679264,0.0,False,21.4,70.5
Sammamish Landing,Sammamish,SAMMLANDINGSB,2023-06-27,Tue,09:48,2.0,1.0,1.0,1.7022374401561589,0.0,False,20.8,69.4
Sammamish Landing,Sammamish,SAMMLANDINGSB,2023-07-11,Tue,11:26,1.0,1.0,1.0,1.7022374401561589,0.0,False,23.1,73.6
Sammamish Landing,Sammamish,SAMMLANDINGSB,2023-07-25,Tue,09:40,2.0,3.0,1.0,1.3179806292130023,0.0,False,23.1,73.6
Sammamish Landing,Sammamish,SAMMLANDINGSB,2023-08-01,Tue,10:59,1.0,5.0,2.0,1.5760586001492374,0.0,False,23.3,73.9
Sammamish Landing,Sammamish,SAMMLANDINGSB,2023-08-08,Tue,08:48,1.0,1.0,2.0,1.4902704972092566,0.0,False,23.0,73.4
Sammamish Landing,Sammamish,SAMMLANDINGSB,2023-08-15,Tue,13:06,3.0,4.0,2.0,1.9421497234037028,0.0,False,24.7,76.5
Sammamish Landing,Sammamish,SAMMLANDINGSB,2023-08-22,Tue,11:37,5.0,1.0,1.0,1.893320625901984,0.0,False,23.5,74.3
Sammamish Landing,Sammamish,SAMMLANDINGSB,2023-08-29,Tue,10:59,1.0,2.0,5.0,1.9589081936024304,0.0,False,22.6,72.7
Sammamish Landing,Sammamish,SAMMLANDINGSB,2023-09-06,Wed,10:37,1.0,2.0,7.0,2.003345947396931,0.0,False,21.3,70.3
Sammamish Landing,Sammamish,SAMMLANDINGSB,2024-05-29,Wed,10:42,6.0,2.0,1.0,2.289428485106664,0.0,False,15.5,59.9
Sammamish Landing,Sammamish,SAMMLANDINGSB,2024-06-11,Tue,10:09,3.0,4.0,3.0,2.749459273997205,0.0,False,18.3,64.9
Sammamish Landing,Sammamish,SAMMLANDINGSB,2024-06-25,Tue,10:41,2.0,3.0,1.0,2.394929742296807,0.0,False,19.7,67.5
Sammamish Landing,Sammamish,SAMMLANDINGSB,2024-07-09,Tue,11:38,59.0,41.0,34.0,6.390099420231225,0.0,False,25.7,78.3
Sammamish Landing,Sammamish,SAMMLANDINGSB,2024-07-23,Tue,11:35,3.0,1.0,4.0,5.655801287405365,0.0,False,24.4,75.9
Sammamish Landing,Sammamish,SAMMLANDINGSB,2024-07-30,Tue,11:56,4.0,1.0,7.0,6.711633439876177,0.0,False,22.6,72.7
Sammamish Landing,Sammamish,SAMMLANDINGSB,2024-08-06,Tue,12:09,8.0,6.0,2.0,6.0997276067725625,0.0,False,24.1,75.4
Sammamish Landing,Sammamish,SAMMLANDINGSB,2024-08-13,Tue,12:51,1.0,1.0,1.0,2.375294934251412,0.0,False,23.5,74.3
Sammamish Landing,Sammamish,SAMMLANDINGSB,2024-08-20,Tue,11:35,3.0,5.0,8.0,2.749072016765063,0.0,False,23.2,73.8
Sammamish Landing,Sammamish,SAMMLANDINGSB,2024-08-27,Tue,12:22,2.0,4.0,2.0,2.802304771049321,0.0,False,21.8,71.2
Sammamish Landing,Sammamish,SAMMLANDINGSB,2024-09-04,Wed,12:27,4.0,5.0,1.0,2.740144698479303,0.0,False,22.4,72.3
Sammamish Landing,Sammamish,SAMMLANDINGSB,2025-05-28,Wed,11:12,1.0,1.0,1.0,1.0,0.0,False,19.1,66.4
Sammamish Landing,Sammamish,SAMMLANDINGSB,2025-06-10,Tue,11:32,1.0,1.0,1.0,1.0,0.0,False,22.4,72.3
Sammamish Landing,Sammamish,SAMMLANDINGSB,2025-06-24,Tue,13:26,1.0,1.0,1.0,1.0,0.0,False,21.9,71.4
Sammamish Landing,Sammamish,SAMMLANDINGSB,2025-07-08,Tue,11:58,1.0,1.0,1.0,1.0,0.0,False,23.1,73.6
Sammamish Landing,Sammamish,SAMMLANDINGSB,2025-07-22,Tue,11:23,1.0,1.0,1.0,1.0,0.0,False,23.4,74.1
Sammamish Landing,Sammamish,SAMMLANDINGSB,2025-07-29,Tue,11:49,1.0,1.0,1.0,1.0,0.0,False,23.8,74.8
Sammamish Landing,Sammamish,SAMMLANDINGSB,2025-08-05,Tue,11:17,1.0,1.0,6.0,1.1610366723739942,0.0,False,22.9,73.2
Sammamish Landing,Sammamish,SAMMLANDINGSB,2025-08-12,Tue,10:16,1.0,1.0,1.0,1.1610366723739942,0.0,False,23.1,73.6
Sammamish Landing,Sammamish,SAMMLANDINGSB,2025-08-19,Tue,11:43,1.0,4.0,1.0,1.235987511915882,0.0,False,24.2,75.6
Sammamish Landing,Sammamish,SAMMLANDINGSB,2025-08-26,Tue,09:38,1.0,1.0,4.0,1.3556619776599483,0.0,False,23.5,74.3
Sammamish Landing,Sammamish,SAMMLANDINGSB,2025-09-03,Wed,13:04,1.0,1.0,1.0,1.3556619776599483,0.0,False,24.7,76.5
Sammamish Landing,Sammamish,SAMMLANDINGSB,2026-05-27,Wed,12:12,1.0,1.0,1.0,1.0,0.0,False,20.2,68.4
Sammamish Landing,Sammamish,SAMMLANDINGSB,2026-06-09,Tue,10:04,6.0,2.0,41.0,2.8097058160896693,0.0,False,17.6,63.7
Sammamish Landing,Sammamish,SAMMLANDINGSB,2026-06-23,Tue,11:24,1.0,4.0,7.0,2.883384572603885,0.0,False,22.9,73.2
Sammamish Landing,Sammamish,SAMMLANDINGSB,2026-07-07,Tue,13:17,4.0,3.0,5.0,4.544383053189987,0.0,False,21.9,71.4
Sammamish Landing,Sammamish,SAMMLANDINGSB,2026-07-21,Tue,11:10,1.0,1.0,32.0,3.3543361638884326,0.0,False,23.9,75.0
Sammamish Landing,Sammamish,SAMMLANDINGSB,2026-07-28,Tue,09:15,6.0,5.0,12.0,4.454970769438575,0.0,False,23.2,73.8
Sammamish Landing,Sammamish,SAMMLANDINGSB,2026-08-04,Tue,09:54,3.0,1.0,14.0,4.1870140510063525,0.0,False,22.1,71.8
Sammamish Landing,Sammamish,SAMMLANDINGSB,2026-08-11,Tue,11:36,1.0,1.0,1.0,2.976632008022741,0.0,False,23.9,75.0
Sammamish Landing,Sammamish,SAMMLANDINGSB,2026-08-18,Tue,09:41,2.0,5.0,5.0,3.106309929463369,0.0,False,23.3,73.9
Sammamish Landing,Sammamish,SAMMLANDINGSB,2026-08-25,Tue,11:30,1.0,1.0,1.0,2.465479824884708,0.0,False,24.0,75.2
Seward Park,Seattle,0813SB,2019-05-13,Mon,13:30,1.0,1.0,2.0,1.2599210498948732,0.0,False,15.4,59.7
Seward Park,Seattle,0813SB,2019-05-20,Mon,13:27,12.0,3.0,8.0,2.8844991406148166,0.0,False,15.4,59.7
Seward Park,Seattle,0813SB,2019-05-28,Tue,09:25,13.0,5.0,11.0,4.205897892581827,0.0,False,15.2,59.4
Seward Park,Seattle,0813SB,2019-06-03,Mon,11:44,62.0,91.0,68.0,8.574771253138245,0.0,False,18.0,64.4
Seward Park,Seattle,0813SB,2019-06-10,Mon,13:47,190.0,26.0,91.0,13.28707105259007,0.0,False,20.6,69.1
Seward Park,Seattle,0813SB,2019-06-17,Mon,12:48,27.0,73.0,150.0,29.381848601392964,0.0,False,21.1,70.0
Seward Park,Seattle,0813SB,2019-06-24,Mon,12:11,11.0,7.0,58.0,35.273416949249615,0.0,False,18.5,65.3
Seward Park,Seattle,0813SB,2019-07-01,Mon,09:25,35.0,23.0,28.0,44.39738489661296,0.0,False,21.1,70.0
Seward Park,Seattle,0813SB,2019-07-08,Mon,14:53,12.0,29.0,7.0,31.686412813133067,0.0,False,21.7,71.1
Seward Park,Seattle,0813SB,2019-07-15,Mon,14:10,590.0,260.0,280.0,42.94250872655108,1.0,True,23.0,73.4
Seward Park,Seattle,0813SB,2019-07-22,Mon,12:11,12.0,16.0,9.0,30.479310361216868,1.0,False,22.1,71.8
Seward Park,Seattle,0813SB,2019-07-29,Mon,13:46,41.0,10.0,6.0,29.291361730009413,1.0,False,24.4,75.9
Seward Park,Seattle,0813SB,2019-08-05,Mon,12:41,37.0,43.0,260.0,35.56194750353695,1.0,False,24.9,76.8
Seward Park,Seattle,0813SB,2019-08-12,Mon,11:15,14.0,7.0,11.0,33.68074078758888,1.0,False,22.6,72.7
Seward Park,Seattle,0813SB,2019-08-19,Mon,12:44,16.0,4.0,3.0,14.81617699554461,0.0,False,23.2,73.8
Seward Park,Seattle,0813SB,2019-08-26,Mon,14:05,110.0,32.0,94.0,21.03187261828988,0.0,False,22.7,72.9
Seward Park,Seattle,0813SB,2019-09-03,Tue,12:11,290.0,31.0,5.0,25.52687090276379,0.0,False,22.8,73.0
Seward Park,Seattle,0813SB,2019-09-09,Mon,15:17,850.0,210.0,26.0,29.991311073632943,1.0,True,21.7,71.1
Seward Park,Seattle,0813SB,2019-09-16,Mon,12:57,360.0,86.0,12.0,44.27443358903561,2.0,True,20.3,68.5
Seward Park,Seattle,0813SB,2019-09-23,Mon,10:05,,,,,,,18.4,65.1
Seward Park,Seattle,0813SB,2019-09-30,Mon,08:53,,,,,,,16.4,61.5
Seward Park,Seattle,0813SB,2019-10-07,Mon,10:15,,,,,,,15.8,60.4
Seward Park,Seattle,0813SB,2019-10-14,Mon,09:10,,,,,,,14.5,58.1
Seward Park,Seattle,0813SB,2019-10-21,Mon,09:20,,,,,,,13.2,55.8
Seward Park,Seattle,0813SB,2020-05-12,Tue,09:43,2.0,2.0,2.0,2.0,0.0,False,14.3,57.7
Seward Park,Seattle,0813SB,2020-05-19,Tue,10:00,1.0,4.0,1.0,1.7817974362806783,0.0,False,15.9,60.6
Seward Park,Seattle,0813SB,2020-05-26,Tue,09:55,12.0,4.0,2.0,2.440569871745621,0.0,False,15.4,59.7
Seward Park,Seattle,0813SB,2020-06-02,Tue,10:13,5.0,25.0,16.0,3.678783816152192,0.0,False,18.4,65.1
Seward Park,Seattle,0813SB,2020-06-09,Tue,10:18,1.0,5.0,1.0,3.156177460870451,0.0,False,14.9,58.8
Seward Park,Seattle,0813SB,2020-06-16,Tue,11:38,130.0,420.0,130.0,7.864983477801527,1.0,True,16.3,61.3
Seward Park,Seattle,0813SB,2020-06-23,Tue,09:58,11.0,11.0,1.0,9.872174876647186,1.0,False,20.6,69.1
Seward Park,Seattle,0813SB,2020-06-30,Tue,09:01,54.0,14.0,22.0,13.920592573747026,1.0,False,17.4,63.3
Seward Park,Seattle,0813SB,2020-07-07,Tue,10:52,1600.0,26.0,4.0,18.69243781482597,2.0,True,18.2,64.8
Seward Park,Seattle,0813SB,2020-07-14,Tue,09:33,8.0,19.0,13.0,27.847555206687748,2.0,False,20.3,68.5
Seward Park,Seattle,0813SB,2020-07-21,Tue,10:08,20.0,22.0,23.0,17.991058183990628,1.0,False,23.3,73.9
Seward Park,Seattle,0813SB,2020-07-28,Tue,09:48,170.0,110.0,240.0,36.28060662006359,1.0,False,23.5,74.3
Seward Park,Seattle,0813SB,2020-08-04,Tue,10:46,1100.0,77.0,63.0,53.3040047363496,2.0,True,23.0,73.4
Seward Park,Seattle,0813SB,2020-08-11,Tue,10:18,44.0,37.0,27.0,48.77727059183936,1.0,False,22.8,73.0
Seward Park,Seattle,0813SB,2020-08-18,Tue,10:06,110.0,71.0,130.0,73.94996817469652,1.0,False,22.9,73.2
Seward Park,Seattle,0813SB,2020-08-25,Tue,10:40,62.0,16.0,13.0,75.15472538433738,1.0,False,22.3,72.1
Seward Park,Seattle,0813SB,2020-09-01,Tue,10:20,10.0,53.0,50.0,53.37884355248823,1.0,False,22.3,72.1
Seward Park,Seattle,0813SB,2020-09-08,Tue,10:25,56.0,26.0,110.0,42.25302765919687,0.0,False,20.9,69.6
Seward Park,Seattle,0813SB,2020-09-22,Tue,09:42,,,,,,,19.9,67.8
Seward Park,Seattle,0813SB,2020-09-29,Tue,10:23,,,,,,,18.7,65.7
Seward Park,Seattle,0813SB,2020-10-06,Tue,11:01,,,,,,,18.2,64.8
Seward Park,Seattle,0813SB,2020-10-13,Tue,10:06,,,,,,,16.3,61.3
Seward Park,Seattle,0813SB,2020-10-20,Tue,10:30,,,,,,,15.1,59.2
Seward Park,Seattle,0813SB,2020-10-27,Tue,10:36,,,,,,,13.4,56.1
Seward Park,Seattle,0813SB,2021-05-18,Tue,10:04,1.0,1.0,2.0,1.2599210498948732,0.0,False,11.3,52.3
Seward Park,Seattle,0813SB,2021-05-25,Tue,12:21,4.0,260.0,150.0,8.235546664325527,0.0,False,13.9,57.0
Seward Park,Seattle,0813SB,2021-06-01,Tue,10:08,240.0,100.0,86.0,20.51615785215197,0.0,False,19.4,66.9
Seward Park,Seattle,0813SB,2021-06-08,Tue,10:06,43.0,11.0,17.0,20.3945688741234,0.0,False,16.5,61.7
Seward Park,Seattle,0813SB,2021-06-15,Tue,10:03,180.0,340.0,180.0,32.891212613722615,1.0,True,17.0,62.6
Seward Park,Seattle,0813SB,2021-06-22,Tue,11:51,61.0,36.0,34.0,66.35677980945238,1.0,False,21.6,70.9
Seward Park,Seattle,0813SB,2021-06-29,Tue,09:54,10.0,21.0,21.0,52.31660679519736,1.0,False,25.2,77.4
Seward Park,Seattle,0813SB,2021-07-06,Tue,09:47,16.0,16.0,13.0,34.07776810606633,1.0,False,22.8,73.0
Seward Park,Seattle,0813SB,2021-07-13,Tue,10:09,67.0,16.0,4.0,32.67890212271284,1.0,False,23.9,75.0
Seward Park,Seattle,0813SB,2021-07-20,Tue,10:25,19.0,13.0,12.0,18.891121550341097,0.0,False,23.5,74.3
Seward Park,Seattle,0813SB,2021-07-27,Tue,10:57,25.0,31.0,120.0,19.16972379528868,0.0,False,25.0,77.0
Seward Park,Seattle,0813SB,2021-08-03,Tue,10:33,13.0,5.0,11.0,16.980104249244075,0.0,False,24.3,75.7
Seward Park,Seattle,0813SB,2021-08-10,Tue,10:36,32.0,120.0,23.0,21.128341206693044,0.0,False,22.8,73.0
Seward Park,Seattle,0813SB,2021-08-17,Tue,09:56,22.0,53.0,23.0,23.875007083067292,0.0,False,21.4,70.5
Seward Park,Seattle,0813SB,2021-08-24,Tue,09:31,1.0,3.0,1.0,15.076240129198707,0.0,False,21.1,70.0
Seward Park,Seattle,0813SB,2021-08-31,Tue,09:35,23.0,7.0,3.0,10.61672720244568,0.0,False,19.9,67.8
Seward Park,Seattle,0813SB,2021-09-07,Tue,10:17,60.0,69.0,120.0,16.422868973384876,0.0,False,20.4,68.7
Seward Park,Seattle,0813SB,2021-09-14,Tue,09:43,13.0,11.0,5.0,11.912387898145456,0.0,False,19.5,67.1
Seward Park,Seattle,0813SB,2021-09-21,Tue,10:25,40.0,27.0,54.0,12.545603817108802,0.0,False,17.8,64.0
Seward Park,Seattle,0813SB,2021-09-28,Tue,10:36,,,,,,,16.5,61.7
Seward Park,Seattle,0813SB,2021-10-05,Tue,10:43,,,,,,,16.8,62.2
Seward Park,Seattle,0813SB,2021-10-12,Tue,09:57,,,,,,,14.9,58.8
Seward Park,Seattle,0813SB,2021-10-19,Tue,10:54,,,,,,,14.0,57.2
Seward Park,Seattle,0813SB,2021-10-26,Tue,10:11,,,,,,,11.7,53.1
Seward Park,Seattle,0813SB,2022-05-16,Mon,10:28,3.0,2.0,4.0,2.8844991406148166,0.0,False,11.6,52.9
Seward Park,Seattle,0813SB,2022-05-23,Mon,10:00,2.0,4.0,5.0,3.14083560495004,0.0,False,15.7,60.3
Seward Park,Seattle,0813SB,2022-05-31,Tue,09:47,480.0,39.0,13.0,8.508159116131042,1.0,True,14.6,58.3
Seward Park,Seattle,0813SB,2022-06-06,Mon,09:34,62.0,190.0,130.0,16.32302914413501,1.0,False,15.0,59.0
Seward Park,Seattle,0813SB,2022-06-13,Mon,10:00,120.0,130.0,130.0,24.587354422075325,1.0,False,15.8,60.4
Seward Park,Seattle,0813SB,2022-06-21,Tue,09:21,10.0,5.0,41.0,33.07358780499722,1.0,False,16.7,62.1
Seward Park,Seattle,0813SB,2022-06-27,Mon,09:49,38.0,100.0,30.0,56.20879825483879,1.0,False,21.0,69.8
Seward Park,Seattle,0813SB,2022-07-05,Tue,09:27,69.0,23.0,3.0,43.24151477704086,0.0,False,18.6,65.5
Seward Park,Seattle,0813SB,2022-07-11,Mon,09:11,15.0,15.0,8.0,27.579083092039617,0.0,False,20.7,69.3
Seward Park,Seattle,0813SB,2022-07-18,Mon,10:31,21.0,9.0,7.0,16.912687182101827,0.0,False,21.0,69.8
Seward Park,Seattle,0813SB,2022-07-25,Mon,09:40,91.0,54.0,25.0,22.218805276566712,0.0,False,23.6,74.5
Seward Park,Seattle,0813SB,2022-08-01,Mon,10:18,5.0,5.0,7.0,14.425457071207786,0.0,False,27.1,80.8
Seward Park,Seattle,0813SB,2022-08-08,Mon,09:13,560.0,110.0,18.0,20.746264875755298,1.0,True,23.8,74.8
Seward Park,Seattle,0813SB,2022-08-15,Mon,09:29,17.0,4.0,5.0,18.56466054403413,1.0,False,23.6,74.5
Seward Park,Seattle,0813SB,2022-08-22,Mon,08:34,38.0,4.0,5.0,17.891109032339415,1.0,False,23.3,73.9
Seward Park,Seattle,0813SB,2022-08-29,Mon,09:52,6.0,8.0,2.0,11.104448660434215,1.0,False,22.2,72.0
Seward Park,Seattle,0813SB,2022-09-06,Tue,09:25,24.0,23.0,5.0,13.346121352407597,1.0,False,20.5,68.9
Seward Park,Seattle,0813SB,2022-09-12,Mon,09:57,7.0,2.0,2.0,6.589342123936778,0.0,False,20.7,69.3
Seward Park,Seattle,0813SB,2022-09-19,Mon,10:16,3.0,2.0,1.0,5.034467550154168,0.0,False,19.4,66.9
Seward Park,Seattle,0813SB,2022-09-26,Mon,09:55,,,,,,,19.4,66.9
Seward Park,Seattle,0813SB,2022-10-03,Mon,09:59,,,,,,,19.2,66.6
Seward Park,Seattle,0813SB,2022-10-11,Tue,10:27,,,,,,,17.7,63.9
Seward Park,Seattle,0813SB,2022-10-17,Mon,09:53,,,,,,,17.8,64.0
Seward Park,Seattle,0813SB,2022-10-24,Mon,10:09,,,,,,,15.6,60.1
Seward Park,Seattle,0813SB,2023-05-15,Mon,09:15,200.0,5.0,5.0,17.099759466766965,0.0,False,19.7,67.5
Seward Park,Seattle,0813SB,2023-05-22,Mon,09:12,22.0,190.0,110.0,36.329255274898976,0.0,False,18.6,65.5
Seward Park,Seattle,0813SB,2023-05-30,Tue,10:15,30.0,19.0,21.0,31.138132983320013,0.0,False,17.9,64.2
Seward Park,Seattle,0813SB,2023-06-05,Mon,10:37,10.0,22.0,22.0,26.732518350098875,0.0,False,19.5,67.1
Seward Park,Seattle,0813SB,2023-06-12,Mon,10:34,64.0,150.0,9.0,29.56193209406328,0.0,False,20.4,68.7
Seward Park,Seattle,0813SB,2023-06-20,Tue,08:45,31.0,86.0,98.0,38.48344087333543,0.0,False,17.2,63.0
Seward Park,Seattle,0813SB,2023-06-26,Mon,09:07,63.0,89.0,32.0,36.143316488490406,0.0,False,20.7,69.3
Seward Park,Seattle,0813SB,2023-07-05,Wed,08:58,10.0,17.0,22.0,39.6609100304034,0.0,False,23.2,73.8
Seward Park,Seattle,0813SB,2023-07-10,Mon,11:20,9.0,3.0,2.0,24.7846652362386,0.0,False,21.6,70.9
Seward Park,Seattle,0813SB,2023-07-17,Mon,11:10,250.0,5.0,7.0,21.275642199489912,0.0,False,24.3,75.7
Seward Park,Seattle,0813SB,2023-07-24,Mon,10:15,34.0,32.0,33.0,18.63887885669194,0.0,False,22.9,73.2
Seward Park,Seattle,0813SB,2023-07-31,Mon,09:30,14.0,19.0,23.0,14.879958324991147,0.0,False,22.4,72.3
Seward Park,Seattle,0813SB,2023-08-07,Mon,10:03,430.0,18.0,3.0,16.806131437069954,1.0,True,22.5,72.5
Seward Park,Seattle,0813SB,2023-08-14,Mon,09:46,140.0,13.0,5.0,23.65434524568733,1.0,False,23.4,74.1
Seward Park,Seattle,0813SB,2023-08-21,Mon,09:03,26.0,17.0,28.0,24.207452095098944,1.0,False,22.8,73.0
Seward Park,Seattle,0813SB,2023-08-28,Mon,08:55,26.0,52.0,42.0,24.95866149280591,1.0,False,22.7,72.9
Seward Park,Seattle,0813SB,2023-09-05,Tue,09:42,2.0,1.0,3.0,15.727417270624809,1.0,False,20.2,68.4
Seward Park,Seattle,0813SB,2023-09-11,Mon,09:01,11.0,10.0,14.0,13.125060372614074,0.0,False,20.2,68.4
Seward Park,Seattle,0813SB,2023-09-18,Mon,10:30,36.0,46.0,7.0,13.338564967518035,0.0,False,20.1,68.2
Seward Park,Seattle,0813SB,2023-09-25,Mon,08:55,,,,,,,18.5,65.3
Seward Park,Seattle,0813SB,2023-10-02,Mon,10:39,,,,,,,16.9,62.4
Seward Park,Seattle,0813SB,2023-10-10,Tue,14:45,,,,,,,,
Seward Park,Seattle,0813SB,2023-10-16,Mon,09:56,,,,,,,16.0,60.8
Seward Park,Seattle,0813SB,2023-10-23,Mon,09:20,,,,,,,14.7,58.5
Seward Park,Seattle,0813SB,2024-05-13,Mon,09:09,2200.0,51.0,56.0,184.52715869910057,1.0,True,18.1,64.6
Seward Park,Seattle,0813SB,2024-05-20,Mon,08:36,52.0,59.0,27.0,89.68779231556272,1.0,False,15.0,59.0
Seward Park,Seattle,0813SB,2024-05-28,Tue,09:43,100.0,64.0,96.0,88.10153349793877,1.0,False,13.9,57.0
Seward Park,Seattle,0813SB,2024-06-03,Mon,10:21,460.0,30.0,24.0,82.93639008594567,2.0,True,13.4,56.1
Seward Park,Seattle,0813SB,2024-06-10,Mon,09:07,22.0,19.0,8.0,58.877205274141446,2.0,False,15.0,59.0
Seward Park,Seattle,0813SB,2024-06-17,Mon,10:34,960.0,560.0,490.0,75.52872455791683,4.0,True,16.4,61.5
Seward Park,Seattle,0813SB,2024-06-24,Mon,09:50,26.0,13.0,10.0,61.0227801140208,4.0,False,16.9,62.4
Seward Park,Seattle,0813SB,2024-07-01,Mon,10:25,110.0,110.0,80.0,62.90042786458811,4.0,False,19.9,67.8
Seward Park,Seattle,0813SB,2024-07-08,Mon,10:49,420.0,20.0,25.0,61.01859415041186,4.0,True,25.3,77.5
Seward Park,Seattle,0813SB,2024-07-15,Mon,11:17,19.0,20.0,19.0,64.23133165830762,4.0,False,23.7,74.7
Seward Park,Seattle,0813SB,2024-07-22,Mon,11:06,5.0,10.0,9.0,26.500296773755466,1.0,False,24.3,75.7
Seward Park,Seattle,0813SB,2024-07-29,Mon,12:26,590.0,330.0,220.0,49.747989391902735,3.0,True,22.0,71.6
Seward Park,Seattle,0813SB,2024-08-05,Mon,11:15,83.0,29.0,47.0,43.11437608876438,3.0,False,23.3,73.9
Seward Park,Seattle,0813SB,2024-08-12,Mon,09:16,19.0,32.0,17.0,35.27207312374019,2.0,False,21.2,70.2
Seward Park,Seattle,0813SB,2024-08-19,Mon,08:53,29.0,58.0,71.0,42.52726587553745,2.0,False,21.4,70.5
Seward Park,Seattle,0813SB,2024-08-26,Mon,12:20,41.0,23.0,25.0,55.37113275547263,2.0,False,21.1,70.0
Seward Park,Seattle,0813SB,2024-09-03,Tue,11:18,110.0,11.0,39.0,35.16312769859179,0.0,False,20.4,68.7
Seward Park,Seattle,0813SB,2024-09-09,Mon,11:56,47.0,41.0,18.0,32.49821563018936,0.0,False,21.3,70.3
Seward Park,Seattle,0813SB,2024-09-16,Mon,11:31,68.0,17.0,14.0,33.48433980402457,0.0,False,19.3,66.7
Seward Park,Seattle,0813SB,2024-09-23,Mon,14:09,,,,,,,20.4,68.7
Seward Park,Seattle,0813SB,2024-09-30,Mon,11:29,,,,,,,17.0,62.6
Seward Park,Seattle,0813SB,2024-10-07,Mon,09:25,,,,,,,16.2,61.2
Seward Park,Seattle,0813SB,2024-10-15,Tue,09:22,,,,,,,16.4,61.5
Seward Park,Seattle,0813SB,2024-10-21,Mon,12:30,,,,,,,15.2,59.4
Seward Park,Seattle,0813SB,2025-05-12,Mon,09:47,74.0,86.0,64.0,74.12591176444755,0.0,False,13.4,56.1
Seward Park,Seattle,0813SB,2025-05-19,Mon,09:47,53.0,41.0,10.0,45.480822685866166,0.0,False,13.9,57.0
Seward Park,Seattle,0813SB,2025-05-27,Tue,09:56,150.0,14.0,1.0,29.809476675368888,0.0,False,14.9,58.8
Seward Park,Seattle,0813SB,2025-06-02,Mon,10:10,36.0,84.0,23.0,32.30662314866112,0.0,False,18.6,65.5
Seward Park,Seattle,0813SB,2025-06-09,Mon,10:22,54.0,49.0,31.0,34.2791481896612,0.0,False,23.3,73.9
Seward Park,Seattle,0813SB,2025-06-16,Mon,12:21,13.0,32.0,5.0,24.112388598205825,0.0,False,20.7,69.3
Seward Park,Seattle,0813SB,2025-06-23,Mon,12:18,250.0,41.0,52.0,29.845903675780576,0.0,False,20.4,68.7
Seward Park,Seattle,0813SB,2025-06-30,Mon,12:29,130.0,84.0,28.0,41.60020697077011,0.0,False,22.3,72.1
Seward Park,Seattle,0813SB,2025-07-07,Mon,10:43,38.0,32.0,35.0,40.26011005842485,0.0,False,22.8,73.0
Seward Park,Seattle,0813SB,2025-07-14,Mon,09:16,54.0,50.0,13.0,38.04509415986735,0.0,False,23.9,75.0
Seward Park,Seattle,0813SB,2025-07-21,Mon,12:11,26.0,110.0,5.0,43.26302110836583,0.0,False,24.3,75.7
Seward Park,Seattle,0813SB,2025-07-28,Mon,12:45,140.0,9.0,10.0,33.70490177826823,0.0,False,25.4,77.7
Seward Park,Seattle,0813SB,2025-08-04,Mon,12:02,20.0,8.0,9.0,23.580799231845948,0.0,False,22.7,72.9
Seward Park,Seattle,0813SB,2025-08-11,Mon,10:46,45.0,23.0,23.0,22.684869843070565,0.0,False,23.5,74.3
Seward Park,Seattle,0813SB,2025-08-18,Mon,10:04,7.0,23.0,5.0,17.63743973055586,0.0,False,21.5,70.7
Seward Park,Seattle,0813SB,2025-08-25,Mon,09:58,67.0,34.0,10.0,18.19351953987116,0.0,False,23.7,74.7
Seward Park,Seattle,0813SB,2025-09-02,Tue,11:58,130.0,35.0,72.0,22.607278168901136,0.0,False,20.2,68.4
Seward Park,Seattle,0813SB,2025-09-08,Mon,10:24,5.0,13.0,13.0,21.81798099905113,0.0,False,21.8,71.2
Seward Park,Seattle,0813SB,2025-09-15,Mon,12:11,77.0,82.0,260.0,28.932671882262905,0.0,False,20.8,69.4
Seward Park,Seattle,0813SB,2025-09-22,Mon,09:02,,,,,,,19.3,66.7
Seward Park,Seattle,0813SB,2025-09-29,Mon,10:25,,,,,,,19.2,66.6
Seward Park,Seattle,0813SB,2025-10-06,Mon,10:51,,,,,,,17.4,63.3
Seward Park,Seattle,0813SB,2025-10-14,Tue,08:21,,,,,,,14.1,57.4
Seward Park,Seattle,0813SB,2025-10-20,Mon,09:19,,,,,,,14.0,57.2
Seward Park,Seattle,0813SB,2026-05-11,Mon,10:03,1200.0,690.0,680.0,825.7458819192836,3.0,True,15.5,59.9
Seward Park,Seattle,0813SB,2026-05-18,Mon,09:56,73.0,42.0,220.0,269.1053592213289,3.0,False,14.4,57.9
Seward Park,Seattle,0813SB,2026-05-26,Tue,12:11,190.0,100.0,220.0,226.79552692164492,3.0,False,15.2,59.4
Seward Park,Seattle,0813SB,2026-06-01,Mon,12:28,59.0,24.0,32.0,142.80507210819718,3.0,False,20.4,68.7
Seward Park,Seattle,0813SB,2026-06-08,Mon,10:13,59.0,180.0,320.0,144.2823495605996,3.0,False,15.6,60.1
Seward Park,Seattle,0813SB,2026-06-15,Mon,12:34,100.0,16.0,27.0,76.71427277697022,0.0,False,23.2,73.8
Seward Park,Seattle,0813SB,2026-06-22,Mon,12:23,100.0,230.0,20.0,74.781419694861,0.0,False,22.5,72.5
Seward Park,Seattle,0813SB,2026-06-29,Mon,12:05,56.0,22.0,150.0,60.74288543827598,0.0,False,18.9,66.0
Seward Park,Seattle,0813SB,2026-07-06,Mon,09:27,45.0,110.0,31.0,65.88891088085627,0.0,False,20.8,69.4
Seward Park,Seattle,0813SB,2026-07-13,Mon,12:11,37.0,61.0,12.0,47.74283633000261,0.0,False,23.4,74.1
Seward Park,Seattle,0813SB,2026-07-20,Mon,12:10,14.0,17.0,8.0,38.77219866618026,0.0,False,24.5,76.1
Seward Park,Seattle,0813SB,2026-07-27,Mon,12:55,2.0,2.0,14.0,21.25930727150951,0.0,False,22.0,71.6
Seward Park,Seattle,0813SB,2026-08-03,Mon,12:04,23.0,23.0,45.0,18.54443148113429,0.0,False,22.0,71.6
Seward Park,Seattle,0813SB,2026-08-10,Mon,12:28,57.0,19.0,33.0,16.827717939128355,0.0,False,23.5,74.3
Seward Park,Seattle,0813SB,2026-08-17,Mon,12:49,4.0,13.0,26.0,13.779796892567392,0.0,False,23.7,74.7
Seward Park,Seattle,0813SB,2026-08-24,Mon,12:32,68.0,84.0,84.0,19.922149082797034,0.0,False,22.5,72.5
Seward Park,Seattle,0813SB,2026-08-31,Mon,00:00,56.0,8.0,18.0,27.74770179759616,0.0,False,,
Waverly Park,Kirkland,WAVRLYPSB,2019-05-13,Mon,15:30,3.0,1.0,3.0,2.0800838230519045,0.0,False,17.6,63.7
Waverly Park,Kirkland,WAVRLYPSB,2019-05-20,Mon,14:55,18.0,23.0,23.0,6.639903705382678,0.0,False,16.7,62.1
Waverly Park,Kirkland,WAVRLYPSB,2019-05-28,Tue,12:19,55.0,47.0,50.0,13.06304978597686,0.0,False,17.9,64.2
Waverly Park,Kirkland,WAVRLYPSB,2019-06-03,Mon,16:00,30.0,20.0,1.0,11.709707335004722,0.0,False,21.0,69.8
Waverly Park,Kirkland,WAVRLYPSB,2019-06-10,Mon,15:52,4.0,2.0,1.0,8.223237465318253,0.0,False,19.9,67.8
Waverly Park,Kirkland,WAVRLYPSB,2019-06-17,Mon,16:02,22.0,5.0,340.0,14.331273071480032,1.0,True,22.1,71.8
Waverly Park,Kirkland,WAVRLYPSB,2019-06-24,Mon,16:03,25.0,29.0,8.0,13.865368798364598,1.0,False,21.4,70.5
Waverly Park,Kirkland,WAVRLYPSB,2019-07-01,Mon,12:44,86.0,41.0,24.0,13.479350268763891,1.0,False,22.4,72.3
Waverly Park,Kirkland,WAVRLYPSB,2019-07-08,Mon,14:22,17.0,1.0,26.0,13.2074921161422,1.0,False,22.0,71.6
Waverly Park,Kirkland,WAVRLYPSB,2019-07-15,Mon,15:02,50.0,140.0,91.0,28.025733620964,1.0,False,22.4,72.3
Waverly Park,Kirkland,WAVRLYPSB,2019-07-22,Mon,14:56,63.0,68.0,48.0,31.39821287848327,0.0,False,23.5,74.3
Waverly Park,Kirkland,WAVRLYPSB,2019-07-29,Mon,14:07,28.0,32.0,14.0,33.05512469079177,0.0,False,24.2,75.6
Waverly Park,Kirkland,WAVRLYPSB,2019-08-05,Mon,15:22,330.0,14.0,12.0,32.13616963505155,1.0,True,24.9,76.8
Waverly Park,Kirkland,WAVRLYPSB,2019-08-12,Mon,12:30,170.0,460.0,390.0,67.54357608903037,3.0,True,26.2,79.2
Waverly Park,Kirkland,WAVRLYPSB,2019-08-19,Mon,14:29,7.0,5.0,36.0,44.5997877019537,3.0,False,23.9,75.0
Waverly Park,Kirkland,WAVRLYPSB,2019-08-26,Mon,15:39,66.0,6.0,14.0,35.052174057032204,3.0,False,23.3,73.9
Waverly Park,Kirkland,WAVRLYPSB,2019-09-03,Tue,10:45,3.0,8.0,5.0,25.70975706556014,3.0,False,22.5,72.5
Waverly Park,Kirkland,WAVRLYPSB,2019-09-09,Mon,13:26,11.0,23.0,20.0,21.917270078341588,2.0,False,21.3,70.3
Waverly Park,Kirkland,WAVRLYPSB,2019-09-16,Mon,16:17,3.0,1.0,43.0,9.605965355447754,0.0,False,21.3,70.3
Waverly Park,Kirkland,WAVRLYPSB,2019-09-23,Mon,12:52,,,,,,,18.6,65.5
Waverly Park,Kirkland,WAVRLYPSB,2019-09-30,Mon,12:34,,,,,,,18.3,64.9
Waverly Park,Kirkland,WAVRLYPSB,2019-10-07,Mon,12:23,,,,,,,16.2,61.2
Waverly Park,Kirkland,WAVRLYPSB,2019-10-14,Mon,12:38,,,,,,,16.2,61.2
Waverly Park,Kirkland,WAVRLYPSB,2019-10-21,Mon,12:44,,,,,,,13.6,56.5
Waverly Park,Kirkland,WAVRLYPSB,2020-05-12,Tue,12:02,1.0,1.0,1.0,1.0,0.0,False,16.4,61.5
Waverly Park,Kirkland,WAVRLYPSB,2020-05-19,Tue,13:03,14.0,7.0,17.0,3.4430698457441284,0.0,False,16.7,62.1
Waverly Park,Kirkland,WAVRLYPSB,2020-05-26,Tue,11:31,3.0,8.0,2.0,3.5056493221536646,0.0,False,17.2,63.0
Waverly Park,Kirkland,WAVRLYPSB,2020-06-02,Tue,11:42,2.0,4.0,1.0,3.046729178240621,0.0,False,17.2,63.0
Waverly Park,Kirkland,WAVRLYPSB,2020-06-09,Tue,10:01,22.0,31.0,23.0,4.642670858105307,0.0,False,16.5,61.7
Waverly Park,Kirkland,WAVRLYPSB,2020-06-16,Tue,13:56,14.0,8.0,23.0,7.837260566426113,0.0,False,17.2,63.0
Waverly Park,Kirkland,WAVRLYPSB,2020-06-23,Tue,13:07,5.0,2.0,1.0,5.572532622405924,0.0,False,20.8,69.4
Waverly Park,Kirkland,WAVRLYPSB,2020-06-29,Mon,13:03,12.0,13.0,12.0,7.114159426438306,0.0,False,19.2,66.6
Waverly Park,Kirkland,WAVRLYPSB,2020-07-07,Tue,12:52,14.0,10.0,5.0,9.584970860754629,0.0,False,19.7,67.5
Waverly Park,Kirkland,WAVRLYPSB,2020-07-14,Tue,12:25,6.0,1.0,1.0,5.672398492068852,0.0,False,21.0,69.8
Waverly Park,Kirkland,WAVRLYPSB,2020-07-21,Tue,11:16,12.0,16.0,3.0,5.133322007065676,0.0,False,22.5,72.5
Waverly Park,Kirkland,WAVRLYPSB,2020-07-28,Tue,12:41,67.0,180.0,230.0,11.83777780849267,0.0,False,23.5,74.3
Waverly Park,Kirkland,WAVRLYPSB,2020-08-04,Tue,13:05,130.0,15.0,38.0,15.127633992667525,0.0,False,24.1,75.4
Waverly Park,Kirkland,WAVRLYPSB,2020-08-11,Tue,13:49,2.0,5.0,13.0,13.521577525989851,0.0,False,23.2,73.8
Waverly Park,Kirkland,WAVRLYPSB,2020-08-18,Tue,10:52,14.0,32.0,41.0,23.089865540030072,0.0,False,22.6,72.7
Waverly Park,Kirkland,WAVRLYPSB,2020-08-25,Tue,12:23,25.0,420.0,79.0,37.49565958628507,1.0,True,23.2,73.8
Waverly Park,Kirkland,WAVRLYPSB,2020-09-01,Tue,12:32,30.0,3.0,4.0,20.64727877062939,1.0,False,22.8,73.0
Waverly Park,Kirkland,WAVRLYPSB,2020-09-08,Tue,12:13,1.0,27.0,1.0,12.179585969386736,1.0,False,21.8,71.2
Waverly Park,Kirkland,WAVRLYPSB,2020-09-22,Tue,11:37,,,,,,,20.8,69.4
Waverly Park,Kirkland,WAVRLYPSB,2020-09-29,Tue,12:16,,,,,,,20.7,69.3
Waverly Park,Kirkland,WAVRLYPSB,2020-10-06,Tue,11:09,,,,,,,18.5,65.3
Waverly Park,Kirkland,WAVRLYPSB,2020-10-13,Tue,12:22,,,,,,,17.2,63.0
Waverly Park,Kirkland,WAVRLYPSB,2020-10-20,Tue,12:37,,,,,,,16.3,61.3
Waverly Park,Kirkland,WAVRLYPSB,2020-10-27,Tue,12:08,,,,,,,14.7,58.5
Waverly Park,Kirkland,WAVRLYPSB,2021-05-18,Tue,12:36,7.0,5.0,6.0,5.943921952763129,0.0,False,16.3,61.3
Waverly Park,Kirkland,WAVRLYPSB,2021-05-25,Tue,11:58,1.0,3.0,4.0,3.6889272467624967,0.0,False,16.0,60.8
Waverly Park,Kirkland,WAVRLYPSB,2021-06-01,Tue,12:32,2.0,1.0,1.0,2.5785833300105723,0.0,False,19.0,66.2
Waverly Park,Kirkland,WAVRLYPSB,2021-06-08,Tue,11:53,2.0,9.0,6.0,3.0059922576111417,0.0,False,18.2,64.8
Waverly Park,Kirkland,WAVRLYPSB,2021-06-15,Tue,12:39,58.0,49.0,42.0,5.258338142516946,0.0,False,19.5,67.1
Waverly Park,Kirkland,WAVRLYPSB,2021-06-22,Tue,10:24,8.0,5.0,5.0,5.2412622500099015,0.0,False,20.3,68.5
Waverly Park,Kirkland,WAVRLYPSB,2021-06-29,Tue,10:46,14.0,23.0,12.0,7.702403783114684,0.0,False,25.6,78.1
Waverly Park,Kirkland,WAVRLYPSB,2021-07-06,Tue,12:20,5.0,3.0,1.0,8.809752335484324,0.0,False,24.4,75.9
Waverly Park,Kirkland,WAVRLYPSB,2021-07-13,Tue,12:58,20.0,59.0,390.0,15.37913432040314,1.0,True,24.3,75.7
Waverly Park,Kirkland,WAVRLYPSB,2021-07-20,Tue,12:13,32.0,27.0,37.0,14.086011227641482,1.0,False,22.7,72.9
Waverly Park,Kirkland,WAVRLYPSB,2021-07-27,Tue,12:13,220.0,15.0,14.0,20.247068968277297,1.0,False,,
Waverly Park,Kirkland,WAVRLYPSB,2021-08-03,Tue,11:00,5.0,35.0,8.0,18.922051641454587,1.0,False,24.0,75.2
Waverly Park,Kirkland,WAVRLYPSB,2021-08-10,Tue,11:20,17.0,1.0,1.0,19.080601772921405,1.0,False,23.1,73.6
Waverly Park,Kirkland,WAVRLYPSB,2021-08-17,Tue,10:00,3.0,5.0,27.0,11.936929479269786,0.0,False,22.3,72.1
Waverly Park,Kirkland,WAVRLYPSB,2021-08-24,Tue,12:21,31.0,5.0,3.0,9.003439706770717,0.0,False,22.7,72.9
Waverly Park,Kirkland,WAVRLYPSB,2021-08-31,Tue,10:52,1.0,3.0,3.0,5.093877494620993,0.0,False,20.2,68.4
Waverly Park,Kirkland,WAVRLYPSB,2021-09-07,Tue,12:42,14.0,5.0,1.0,4.1717009003106735,0.0,False,22.1,71.8
Waverly Park,Kirkland,WAVRLYPSB,2021-09-14,Tue,11:42,37.0,45.0,59.0,7.431919296710223,0.0,False,20.1,68.2
Waverly Park,Kirkland,WAVRLYPSB,2021-09-21,Tue,12:44,53.0,23.0,1.0,7.998420462928475,0.0,False,,
Waverly Park,Kirkland,WAVRLYPSB,2021-09-28,Tue,12:40,,,,,,,17.3,63.1
Waverly Park,Kirkland,WAVRLYPSB,2021-10-05,Tue,11:51,,,,,,,16.7,62.1
Waverly Park,Kirkland,WAVRLYPSB,2021-10-12,Tue,12:04,,,,,,,15.7,60.3
Waverly Park,Kirkland,WAVRLYPSB,2021-10-19,Tue,11:21,,,,,,,15.0,59.0
Waverly Park,Kirkland,WAVRLYPSB,2021-10-26,Tue,11:01,,,,,,,13.6,56.5
Waverly Park,Kirkland,WAVRLYPSB,2022-05-16,Mon,11:23,37.0,30.0,32.0,32.87186305950834,0.0,False,13.7,56.7
Waverly Park,Kirkland,WAVRLYPSB,2022-05-23,Mon,11:34,67.0,40.0,35.0,38.64671928181751,0.0,False,15.5,59.9
Waverly Park,Kirkland,WAVRLYPSB,2022-05-31,Tue,11:34,1.0,3.0,3.0,14.591570368311356,0.0,False,15.1,59.2
Waverly Park,Kirkland,WAVRLYPSB,2022-06-06,Mon,11:37,13.0,14.0,14.0,14.352464369260703,0.0,False,18.0,64.4
Waverly Park,Kirkland,WAVRLYPSB,2022-06-13,Mon,12:45,38.0,34.0,23.0,16.739425103008166,0.0,False,17.3,63.1
Waverly Park,Kirkland,WAVRLYPSB,2022-06-21,Tue,11:42,5.0,11.0,1.0,10.874263540869288,0.0,False,18.8,65.8
Waverly Park,Kirkland,WAVRLYPSB,2022-06-27,Mon,11:46,15.0,11.0,8.0,8.183855016471739,0.0,False,21.3,70.3
Waverly Park,Kirkland,WAVRLYPSB,2022-07-05,Tue,12:27,1.0,1.0,1.0,7.068735958904473,0.0,False,20.9,69.6
Waverly Park,Kirkland,WAVRLYPSB,2022-07-11,Mon,11:32,26.0,24.0,4.0,7.059025814515548,0.0,False,21.9,71.4
Waverly Park,Kirkland,WAVRLYPSB,2022-07-18,Mon,11:15,23.0,6.0,7.0,5.617510444198476,0.0,False,20.1,68.2
Waverly Park,Kirkland,WAVRLYPSB,2022-07-25,Mon,11:39,4.0,1.0,4.0,5.173618188432686,0.0,False,22.8,73.0
Waverly Park,Kirkland,WAVRLYPSB,2022-08-01,Mon,12:29,100.0,18.0,30.0,6.625963359788951,0.0,False,26.7,80.1
Waverly Park,Kirkland,WAVRLYPSB,2022-08-08,Mon,13:05,5.0,29.0,5.0,10.278700940875527,0.0,False,25.5,77.9
Waverly Park,Kirkland,WAVRLYPSB,2022-08-15,Mon,11:59,3.0,2.0,5.0,7.654732325594778,0.0,False,24.2,75.6
Waverly Park,Kirkland,WAVRLYPSB,2022-08-22,Mon,13:10,1.0,12.0,5.0,6.3602611835305485,0.0,False,25.0,77.0
Waverly Park,Kirkland,WAVRLYPSB,2022-08-29,Mon,13:15,9.0,3.0,3.0,7.0865135090481886,0.0,False,24.3,75.7
Waverly Park,Kirkland,WAVRLYPSB,2022-09-06,Tue,12:04,7.0,2.0,1.0,4.086469273290462,0.0,False,22.7,72.9
Waverly Park,Kirkland,WAVRLYPSB,2022-09-12,Mon,11:50,7.0,5.0,8.0,3.835331488473581,0.0,False,21.1,70.0
Waverly Park,Kirkland,WAVRLYPSB,2022-09-19,Mon,12:14,7.0,1.0,2.0,3.645328671681914,0.0,False,20.9,69.6
Waverly Park,Kirkland,WAVRLYPSB,2022-09-26,Mon,11:30,,,,,,,19.7,67.5
Waverly Park,Kirkland,WAVRLYPSB,2022-10-03,Mon,11:32,,,,,,,19.8,67.6
Waverly Park,Kirkland,WAVRLYPSB,2022-10-11,Tue,11:17,,,,,,,19.0,66.2
Waverly Park,Kirkland,WAVRLYPSB,2022-10-17,Mon,11:15,,,,,,,18.4,65.1
Waverly Park,Kirkland,WAVRLYPSB,2022-10-24,Mon,12:29,,,,,,,16.1,61.0
Waverly Park,Kirkland,WAVRLYPSB,2023-05-15,Mon,11:08,1.0,1.0,2.0,1.2599210498948732,0.0,False,18.2,64.8
Waverly Park,Kirkland,WAVRLYPSB,2023-05-22,Mon,12:27,4.0,5.0,7.0,2.557759296802023,0.0,False,18.6,65.5
Waverly Park,Kirkland,WAVRLYPSB,2023-05-30,Tue,13:27,2.0,3.0,4.0,2.662338377605736,0.0,False,19.8,67.6
Waverly Park,Kirkland,WAVRLYPSB,2023-06-05,Mon,12:05,6.0,9.0,25.0,3.800218665942349,0.0,False,18.9,66.0
Waverly Park,Kirkland,WAVRLYPSB,2023-06-12,Mon,13:12,1.0,2.0,2.0,3.1914217624769026,0.0,False,21.7,71.1
Waverly Park,Kirkland,WAVRLYPSB,2023-06-20,Tue,11:38,7.0,5.0,14.0,4.60534257286023,0.0,False,17.3,63.1
Waverly Park,Kirkland,WAVRLYPSB,2023-06-26,Mon,12:05,4.0,5.0,8.0,4.646522783087507,0.0,False,19.9,67.8
Waverly Park,Kirkland,WAVRLYPSB,2023-07-05,Wed,13:14,1.0,1.0,2.0,3.0417055542213225,0.0,False,23.5,74.3
Waverly Park,Kirkland,WAVRLYPSB,2023-07-10,Mon,10:49,7.0,5.0,5.0,3.435813695993918,0.0,False,21.2,70.2
Waverly Park,Kirkland,WAVRLYPSB,2023-07-17,Mon,13:04,3.0,1.0,2.0,3.529953819870599,0.0,False,22.7,72.9
Waverly Park,Kirkland,WAVRLYPSB,2023-07-24,Mon,10:13,14.0,24.0,14.0,4.104438689196668,0.0,False,21.9,71.4
Waverly Park,Kirkland,WAVRLYPSB,2023-07-31,Mon,13:40,18.0,4.0,2.0,4.075709984564879,0.0,False,24.6,76.3
Waverly Park,Kirkland,WAVRLYPSB,2023-08-07,Mon,11:40,10.0,8.0,11.0,6.115520858211813,0.0,False,22.6,72.7
Waverly Park,Kirkland,WAVRLYPSB,2023-08-14,Mon,13:12,5.0,5.0,5.0,5.979867797103986,0.0,False,24.1,75.4
Waverly Park,Kirkland,WAVRLYPSB,2023-08-21,Mon,11:16,1.0,12.0,1.0,6.262680399151335,0.0,False,23.3,73.9
Waverly Park,Kirkland,WAVRLYPSB,2023-08-28,Mon,10:47,7.0,4.0,4.0,4.881391378129047,0.0,False,22.0,71.6
Waverly Park,Kirkland,WAVRLYPSB,2023-09-05,Tue,10:36,1.0,1.0,10.0,4.086198533462559,0.0,False,20.7,69.3
Waverly Park,Kirkland,WAVRLYPSB,2023-09-11,Mon,10:44,22.0,35.0,140.0,5.63026110915115,0.0,False,22.1,71.8
Waverly Park,Kirkland,WAVRLYPSB,2023-09-18,Mon,11:15,5.0,4.0,3.0,5.361396814845458,0.0,False,19.9,67.8
Waverly Park,Kirkland,WAVRLYPSB,2023-09-25,Mon,12:40,,,,,,,18.5,65.3
Waverly Park,Kirkland,WAVRLYPSB,2023-10-02,Mon,10:15,,,,,,,17.0,62.6
Waverly Park,Kirkland,WAVRLYPSB,2023-10-10,Tue,10:48,,,,,,,,
Waverly Park,Kirkland,WAVRLYPSB,2023-10-16,Mon,11:48,,,,,,,16.5,61.7
Waverly Park,Kirkland,WAVRLYPSB,2023-10-23,Mon,10:16,,,,,,,15.2,59.4
Waverly Park,Kirkland,WAVRLYPSB,2024-05-13,Mon,10:40,1.0,1.0,6.0,1.81712059283214,0.0,False,14.0,57.2
Waverly Park,Kirkland,WAVRLYPSB,2024-05-20,Mon,12:07,8.0,6.0,1.0,2.5697965868506505,0.0,False,15.9,60.6
Waverly Park,Kirkland,WAVRLYPSB,2024-05-28,Tue,11:32,1.0,2.0,3.0,2.289428485106664,0.0,False,14.4,57.9
Waverly Park,Kirkland,WAVRLYPSB,2024-06-03,Mon,12:18,250.0,250.0,260.0,7.42505643011473,0.0,False,15.3,59.5
Waverly Park,Kirkland,WAVRLYPSB,2024-06-10,Mon,11:52,24.0,690.0,340.0,14.015085671529638,2.0,True,17.8,64.0
Waverly Park,Kirkland,WAVRLYPSB,2024-06-17,Mon,10:14,10.0,8.0,3.0,17.92254816928553,2.0,False,15.6,60.1
Waverly Park,Kirkland,WAVRLYPSB,2024-06-24,Mon,11:53,510.0,66.0,77.0,37.05874117125258,3.0,True,18.0,64.4
Waverly Park,Kirkland,WAVRLYPSB,2024-07-01,Mon,12:20,28.0,5.0,1.0,45.71819916715623,3.0,False,20.0,68.0
Waverly Park,Kirkland,WAVRLYPSB,2024-07-08,Mon,11:48,8.0,8.0,7.0,22.704786642519345,3.0,False,24.3,75.7
Waverly Park,Kirkland,WAVRLYPSB,2024-07-15,Mon,12:11,49.0,95.0,44.0,18.204257332686907,1.0,False,24.7,76.5
Waverly Park,Kirkland,WAVRLYPSB,2024-07-22,Mon,11:25,2.0,2.0,5.0,15.425084421188576,1.0,False,23.5,74.3
Waverly Park,Kirkland,WAVRLYPSB,2024-07-29,Mon,11:17,230.0,310.0,260.0,17.58698604567333,0.0,False,23.8,74.8
Waverly Park,Kirkland,WAVRLYPSB,2024-08-05,Mon,13:01,22.0,98.0,71.0,28.03991484001484,0.0,False,24.8,76.6
Waverly Park,Kirkland,WAVRLYPSB,2024-08-12,Mon,10:38,45.0,14.0,10.0,33.44369026926836,0.0,False,22.0,71.6
Waverly Park,Kirkland,WAVRLYPSB,2024-08-19,Mon,10:38,43.0,13.0,5.0,25.117793713531626,0.0,False,22.8,73.0
Waverly Park,Kirkland,WAVRLYPSB,2024-08-26,Mon,10:41,20.0,28.0,32.0,39.51864300606433,0.0,False,21.3,70.3
Waverly Park,Kirkland,WAVRLYPSB,2024-09-03,Tue,12:40,7.0,3.0,5.0,17.66080321400662,0.0,False,21.8,71.2
Waverly Park,Kirkland,WAVRLYPSB,2024-09-09,Mon,11:37,6.0,4.0,12.0,11.622765535357678,0.0,False,21.7,71.1
Waverly Park,Kirkland,WAVRLYPSB,2024-09-16,Mon,11:49,2.0,14.0,13.0,9.610814594341385,0.0,False,20.0,68.0
Waverly Park,Kirkland,WAVRLYPSB,2024-09-23,Mon,09:42,,,,,,,19.5,67.1
Waverly Park,Kirkland,WAVRLYPSB,2024-09-30,Mon,10:42,,,,,,,18.3,64.9
Waverly Park,Kirkland,WAVRLYPSB,2024-10-07,Mon,10:33,,,,,,,17.2,63.0
Waverly Park,Kirkland,WAVRLYPSB,2024-10-15,Tue,11:52,,,,,,,16.9,62.4
Waverly Park,Kirkland,WAVRLYPSB,2024-10-21,Mon,11:25,,,,,,,15.6,60.1
Waverly Park,Kirkland,WAVRLYPSB,2025-05-12,Mon,12:34,8.0,7.0,2.0,4.820284528350459,0.0,False,15.9,60.6
Waverly Park,Kirkland,WAVRLYPSB,2025-05-19,Mon,11:30,140.0,180.0,130.0,26.756357247218126,0.0,False,14.9,58.8
Waverly Park,Kirkland,WAVRLYPSB,2025-05-27,Tue,12:03,1.0,1.0,1.0,8.945775408672613,0.0,False,18.0,64.4
Waverly Park,Kirkland,WAVRLYPSB,2025-06-02,Mon,11:22,17.0,12.0,5.0,9.213617399176592,0.0,False,19.6,67.3
Waverly Park,Kirkland,WAVRLYPSB,2025-06-09,Mon,10:22,3.0,6.0,9.0,8.295549137290916,0.0,False,21.5,70.7
Waverly Park,Kirkland,WAVRLYPSB,2025-06-16,Mon,11:54,13.0,13.0,1.0,8.526217077703883,0.0,False,20.4,68.7
Waverly Park,Kirkland,WAVRLYPSB,2025-06-23,Mon,10:07,12.0,14.0,5.0,4.913060119266238,0.0,False,19.3,66.7
Waverly Park,Kirkland,WAVRLYPSB,2025-06-30,Mon,12:23,220.0,17.0,3.0,9.148536018331749,0.0,False,21.6,70.9
Waverly Park,Kirkland,WAVRLYPSB,2025-07-07,Mon,11:50,4.0,98.0,15.0,10.28182195669014,0.0,False,22.1,71.8
Waverly Park,Kirkland,WAVRLYPSB,2025-07-14,Mon,10:58,12.0,9.0,11.0,11.742399205057133,0.0,False,22.3,72.1
Waverly Park,Kirkland,WAVRLYPSB,2025-07-21,Mon,11:59,3.0,20.0,20.0,13.381654429563934,0.0,False,24.2,75.6
Waverly Park,Kirkland,WAVRLYPSB,2025-07-28,Mon,12:23,6.0,35.0,7.0,13.890323070292077,0.0,False,24.1,75.4
Waverly Park,Kirkland,WAVRLYPSB,2025-08-04,Mon,11:14,4.0,6.0,9.0,10.674390174117702,0.0,False,22.0,71.6
Waverly Park,Kirkland,WAVRLYPSB,2025-08-11,Mon,11:54,80.0,28.0,61.0,13.165068052653451,0.0,False,23.1,73.6
Waverly Park,Kirkland,WAVRLYPSB,2025-08-18,Mon,12:25,4.0,8.0,10.0,12.06272269838079,0.0,False,22.6,72.7
Waverly Park,Kirkland,WAVRLYPSB,2025-08-25,Mon,12:08,22.0,54.0,33.0,15.21908770722011,0.0,False,23.8,74.8
Waverly Park,Kirkland,WAVRLYPSB,2025-09-02,Tue,12:42,58.0,76.0,91.0,22.1200614662964,0.0,False,23.1,73.6
Waverly Park,Kirkland,WAVRLYPSB,2025-09-08,Mon,10:33,1.0,9.0,9.0,20.719936206475456,0.0,False,22.2,72.0
Waverly Park,Kirkland,WAVRLYPSB,2025-09-15,Mon,12:00,1.0,4.0,2.0,10.819882790899973,0.0,False,21.1,70.0
Waverly Park,Kirkland,WAVRLYPSB,2025-09-22,Mon,11:28,,,,,,,21.2,70.2
Waverly Park,Kirkland,WAVRLYPSB,2025-09-29,Mon,10:23,,,,,,,19.5,67.1
Waverly Park,Kirkland,WAVRLYPSB,2025-10-06,Mon,10:59,,,,,,,18.6,65.5
Waverly Park,Kirkland,WAVRLYPSB,2025-10-14,Tue,11:55,,,,,,,16.8,62.2
Waverly Park,Kirkland,WAVRLYPSB,2025-10-20,Mon,11:36,,,,,,,15.4,59.7
Waverly Park,Kirkland,WAVRLYPSB,2026-05-11,Mon,11:46,18.0,10.0,3.0,8.143252849784721,0.0,False,15.6,60.1
Waverly Park,Kirkland,WAVRLYPSB,2026-05-18,Mon,09:35,1.0,1.0,1.0,2.853638528227554,0.0,False,15.1,59.2
Waverly Park,Kirkland,WAVRLYPSB,2026-05-26,Tue,11:51,45.0,39.0,57.0,7.230556906378636,0.0,False,16.7,62.1
Waverly Park,Kirkland,WAVRLYPSB,2026-06-01,Mon,12:25,2.0,4.0,1.0,5.243681565214487,0.0,False,18.1,64.6
Waverly Park,Kirkland,WAVRLYPSB,2026-06-08,Mon,11:50,5.0,5.0,3.0,5.020108832421791,0.0,False,17.6,63.7
Waverly Park,Kirkland,WAVRLYPSB,2026-06-15,Mon,09:01,750.0,400.0,200.0,10.891732464516108,2.0,True,19.1,66.4
Waverly Park,Kirkland,WAVRLYPSB,2026-06-22,Mon,10:05,3.0,1.0,1.0,11.719391127103547,2.0,False,20.4,68.7
Waverly Park,Kirkland,WAVRLYPSB,2026-06-29,Mon,10:05,4.0,2.0,1.0,6.2483821467345,2.0,False,19.3,66.7
Waverly Park,Kirkland,WAVRLYPSB,2026-07-06,Mon,09:59,31.0,1.0,1.0,6.838891231957424,2.0,False,19.9,67.8
Waverly Park,Kirkland,WAVRLYPSB,2026-07-13,Mon,10:37,2.0,1.0,1.0,5.3709397275954895,2.0,False,21.1,70.0
Waverly Park,Kirkland,WAVRLYPSB,2026-07-20,Mon,11:19,39.0,24.0,1.0,2.567981665308132,0.0,False,21.9,71.4
Waverly Park,Kirkland,WAVRLYPSB,2026-07-27,Mon,11:47,1.0,1.0,4.0,2.6177078042241613,0.0,False,22.3,72.1
Waverly Park,Kirkland,WAVRLYPSB,2026-08-03,Mon,11:35,1.0,5.0,2.0,2.6569405394801517,0.0,False,22.1,71.8
Waverly Park,Kirkland,WAVRLYPSB,2026-08-10,Mon,09:42,35.0,21.0,18.0,3.978582597362992,0.0,False,21.8,71.2
Waverly Park,Kirkland,WAVRLYPSB,2026-08-17,Mon,12:04,110.0,12.0,5.0,6.828038711106202,0.0,False,23.4,74.1
Waverly Park,Kirkland,WAVRLYPSB,2026-08-24,Mon,10:11,35.0,27.0,79.0,9.14284824663768,0.0,False,22.3,72.1
Waverly Park,Kirkland,WAVRLYPSB,2026-08-31,Mon,00:00,20.0,2.0,3.0,11.469811001757892,0.0,False,,
