beach,jurisdiction,locator,date,day,time_x,samplea,sampleb,samplec,geomean30d,nsampleshigh30d,hightoday,watertempc,watertempf,collect date,time_y,rain_1d,rain_3d,rain_7d,temperature_2m_max 
Angle Lake,SeaTac,A732SB,7/15/2024,Mon,8:24,16,12,16,14.53696474,0,FALSE,24.4,75.9,7/15/2024 0:00,7/15/2024 0:00,0,0,0,26.7
Angle Lake,SeaTac,A732SB,7/22/2024,Mon,8:16,9,8,10,11.41455411,0,FALSE,24.3,75.7,7/22/2024 0:00,7/22/2024 0:00,0,0,0,20.4
Angle Lake,SeaTac,A732SB,7/29/2024,Mon,9:26,5,17,5,9.931522907,0,FALSE,22.7,72.9,7/29/2024 0:00,7/29/2024 0:00,0,0,1,18.1
Angle Lake,SeaTac,A732SB,8/5/2024,Mon,8:33,14,5,10,9.657248122,0,FALSE,23.3,73.9,8/5/2024 0:00,8/5/2024 0:00,0,0,16.4,27.5
Angle Lake,SeaTac,A732SB,8/12/2024,Mon,11:59,17,23,14,10.8918846,0,FALSE,23.5,74.3,8/12/2024 0:00,8/12/2024 0:00,0,0,0,22.5
Angle Lake,SeaTac,A732SB,8/19/2024,Mon,12:40,110,63,34,14.54640787,0,FALSE,24.3,75.7,8/19/2024 0:00,8/19/2024 0:00,2.3,18.1,19.9,23.8
Angle Lake,SeaTac,A732SB,8/26/2024,Mon,10:58,14,9,6,14.59379968,0,FALSE,22,71.6,8/26/2024 0:00,8/26/2024 0:00,0.1,20.9,33.7,23.2
Angle Lake,SeaTac,A732SB,9/3/2024,Tue,8:22,22,32,23,18.60212186,0,FALSE,21.1,70,9/3/2024 0:00,9/3/2024 0:00,0.8,0.8,6.5,22.1
Angle Lake,SeaTac,A732SB,9/9/2024,Mon,9:19,31,19,15,22.02772872,0,FALSE,21.7,71.1,9/9/2024 0:00,9/9/2024 0:00,0,0,0.8,22
Angle Lake,SeaTac,A732SB,9/16/2024,Mon,8:47,14,24,24,22.60404176,0,FALSE,20,68,9/16/2024 0:00,9/16/2024 0:00,1.1,21.4,26.1,19.8
Angle Lake,SeaTac,A732SB,5/12/2025,Mon,11:07,32,98,5,25.02929898,0,FALSE,17.1,62.8,5/12/2025 0:00,5/12/2025 0:00,5.3,5.3,6,16.5
Angle Lake,SeaTac,A732SB,5/19/2025,Mon,12:54,62,86,97,44.82304146,0,FALSE,16.9,62.4,5/19/2025 0:00,5/19/2025 0:00,4.3,35,42,15
Angle Lake,SeaTac,A732SB,5/27/2025,Tue,13:42,140,20,60,48.03865083,0,FALSE,19.4,66.9,5/27/2025 0:00,5/27/2025 0:00,1.9,1.9,9.1,21.2
Angle Lake,SeaTac,A732SB,6/2/2025,Mon,11:34,12,5,10,31.09608433,0,FALSE,20.1,68.2,6/2/2025 0:00,6/2/2025 0:00,0,1.1,7.1,19
Angle Lake,SeaTac,A732SB,6/9/2025,Mon,11:42,52,28,17,30.69530248,0,FALSE,23.9,75,6/9/2025 0:00,6/9/2025 0:00,0,0,0.2,27.6
Angle Lake,SeaTac,A732SB,6/16/2025,Mon,8:48,14,5,8,24.58072654,0,FALSE,20.7,69.3,6/16/2025 0:00,6/16/2025 0:00,0,0.1,0.4,22.1
Angle Lake,SeaTac,A732SB,6/23/2025,Mon,8:36,180,10,42,21.6231375,0,FALSE,20.3,68.5,6/23/2025 0:00,6/23/2025 0:00,0.2,13.1,14.4,23.7
Angle Lake,SeaTac,A732SB,6/30/2025,Mon,8:48,420,170,100,27.76374022,1,TRUE,22.2,72,6/30/2025 0:00,6/30/2025 0:00,0,0.7,2.3,27.6
Angle Lake,SeaTac,A732SB,7/7/2025,Mon,14:17,1300,99,120,54.64098776,2,TRUE,24,75.2,7/7/2025 0:00,7/7/2025 0:00,0,0,0,27.6
Angle Lake,SeaTac,A732SB,7/14/2025,Mon,12:26,71,33,220,66.89970249,2,FALSE,25.1,77.2,7/14/2025 0:00,7/14/2025 0:00,0,0,4.9,26.2
Angle Lake,SeaTac,A732SB,7/21/2025,Mon,8:37,9,10,12,69.89400097,2,FALSE,22.7,72.9,7/21/2025 0:00,7/21/2025 0:00,0,0,0,25.3
Angle Lake,SeaTac,A732SB,7/28/2025,Mon,9:21,150,60,110,82.96866999,2,FALSE,23.1,73.6,7/28/2025 0:00,7/28/2025 0:00,0,0.1,0.1,27.2
Angle Lake,SeaTac,A732SB,8/4/2025,Mon,8:31,5,4,3,38.06662123,1,FALSE,22.7,72.9,8/4/2025 0:00,8/4/2025 0:00,0,0,0,23.2
Angle Lake,SeaTac,A732SB,8/11/2025,Mon,14:26,29,26,50,25.49077862,0,FALSE,24.8,76.6,8/11/2025 0:00,8/11/2025 0:00,0,0,20.6,29.5
Angle Lake,SeaTac,A732SB,8/18/2025,Mon,13:20,360,280,72,30.40579095,1,TRUE,24,75.2,8/18/2025 0:00,8/18/2025 0:00,0.2,36.5,39,22.1
Angle Lake,SeaTac,A732SB,8/25/2025,Mon,13:02,6,14,15,30.71987361,1,FALSE,24.9,76.8,8/25/2025 0:00,8/25/2025 0:00,0,0,0,30.2
Angle Lake,SeaTac,A732SB,9/2/2025,Tue,8:40,5,5,2,15.88455595,1,FALSE,20.1,68.2,9/2/2025 0:00,9/2/2025 0:00,0,1,3.2,24.8
Angle Lake,SeaTac,A732SB,9/8/2025,Mon,13:49,7400,210,680,48.30910486,3,TRUE,23.3,73.9,9/8/2025 0:00,9/8/2025 0:00,0,0.6,0.6,22.5
Angle Lake,SeaTac,A732SB,9/15/2025,Mon,8:18,6,5,4,32.92696106,3,FALSE,21,69.8,9/15/2025 0:00,9/15/2025 0:00,3.9,4.2,4.3,20.2
Angle Lake,SeaTac,A732SB,5/11/2026,Mon,13:29,5,5,4,4.641588834,0,FALSE,19.1,66.4,5/11/2026 0:00,,,,,
Angle Lake,SeaTac,A732SB,5/18/2026,Mon,13:33,17,1,83,7.215301815,0,FALSE,17.7,63.9,5/18/2026 0:00,,,,,
Angle Lake,SeaTac,A732SB,5/26/2026,Tue,8:41,8,10,5,7.265867018,0,FALSE,17.5,63.5,5/26/2026 0:00,,,,,
Angle Lake,SeaTac,A732SB,6/1/2026,Mon,8:37,26,22,48,10.37174958,0,FALSE,18.9,66,6/1/2026 0:00,,,,,
Angle Lake,SeaTac,A732SB,6/8/2026,Mon,13:46,77,72,30,14.47920054,0,FALSE,19,66.2,6/8/2026 0:00,,,,,
Angle Lake,SeaTac,A732SB,6/15/2026,Mon,8:41,31,43,48,22.27491261,0,FALSE,22.3,72.1,6/15/2026 0:00,,,,,
Angle Lake,SeaTac,A732SB,6/22/2026,Mon,8:38,25,10,63,26.16171711,0,FALSE,22.5,72.5,6/22/2026 0:00,,,,,
Angle Lake,SeaTac,A732SB,6/29/2026,Mon,8:19,2,3,2,20.70813538,0,FALSE,20.8,69.4,6/29/2026 0:00,,,,,
Angle Lake,SeaTac,A732SB,7/6/2026,Mon,13:11,430,240,95,30.6425849,1,TRUE,22.8,73,7/6/2026 0:00,,,,,
Angle Lake,SeaTac,A732SB,7/13/2026,Mon,0:00,8,10,3,19.81267805,1,FALSE,,,7/13/2026 0:00,,,,,
Beaver Lake,Sammamish,A709SB,6/3/2019,Mon,1:52,2,2,4,2.5198421,0,FALSE,22.1,71.8,6/3/2019 0:00,,,,,
Beaver Lake,Sammamish,A709SB,6/17/2019,Mon,12:07,17,6,3,4.12072439,0,FALSE,22.5,72.5,6/17/2019 0:00,,,,,
Beaver Lake,Sammamish,A709SB,7/1/2019,Mon,12:03,6,92,96,8.607848913,0,FALSE,24.7,76.5,7/1/2019 0:00,,,,,
Beaver Lake,Sammamish,A709SB,7/15/2019,Mon,15:04,11,8,20,14.51162493,0,FALSE,24,75.2,7/15/2019 0:00,,,,,
Beaver Lake,Sammamish,A709SB,7/22/2019,Mon,17:18,53,32,28,25.41822422,0,FALSE,24.8,76.6,7/22/2019 0:00,,,,,
Beaver Lake,Sammamish,A709SB,7/29/2019,Mon,15:15,340,88,99,39.18849967,1,TRUE,24.7,76.5,7/29/2019 0:00,,,,,
Beaver Lake,Sammamish,A709SB,8/5/2019,Mon,15:19,18,5,7,27.08649578,1,FALSE,26.3,79.3,8/5/2019 0:00,,,,,
Beaver Lake,Sammamish,A709SB,8/12/2019,Mon,14:54,390,250,240,43.39935907,2,TRUE,24.2,75.6,8/12/2019 0:00,,,,,
Beaver Lake,Sammamish,A709SB,8/19/2019,Mon,15:28,14,9,3,39.16955082,2,FALSE,23.5,74.3,8/19/2019 0:00,,,,,
Beaver Lake,Sammamish,A709SB,8/26/2019,Mon,14:15,78,65,68,44.70376734,2,FALSE,22.7,72.9,8/26/2019 0:00,,,,,
Beaver Lake,Sammamish,A709SB,9/3/2019,Tue,10:38,9,8,5,24.50893868,1,FALSE,23.5,74.3,9/3/2019 0:00,,,,,
Beaver Lake,Sammamish,A709SB,6/3/2020,Wed,11:28,3,4,2,2.884499141,0,FALSE,17.9,64.2,6/3/2020 0:00,6/3/2020 0:00,0.2,7.9,24.5,18.2
Beaver Lake,Sammamish,A709SB,6/17/2020,Wed,11:22,3,1,7,2.821013012,0,FALSE,18.9,66,6/17/2020 0:00,6/17/2020 0:00,2.4,14,32.2,19.9
Beaver Lake,Sammamish,A709SB,6/30/2020,Tue,11:40,7,10,7,3.973568783,0,FALSE,20.3,68.5,6/30/2020 0:00,6/30/2020 0:00,0,12.9,14.9,17.5
Beaver Lake,Sammamish,A709SB,7/15/2020,Wed,11:34,5,6,6,4.970610861,0,FALSE,23.7,74.7,7/15/2020 0:00,7/15/2020 0:00,0,2,7.3,25.8
Beaver Lake,Sammamish,A709SB,7/29/2020,Wed,12:05,4,5,5,5.911786367,0,FALSE,26.1,79,7/29/2020 0:00,7/29/2020 0:00,0,0,2.5,29.6
Beaver Lake,Sammamish,A709SB,8/5/2020,Wed,12:07,50,54,48,10.9869027,0,FALSE,26,78.8,8/5/2020 0:00,8/5/2020 0:00,0,0.4,0.4,27.2
Beaver Lake,Sammamish,A709SB,8/12/2020,Wed,13:28,2,6,2,7.864553341,0,FALSE,23,73.4,8/12/2020 0:00,8/12/2020 0:00,0.1,0.1,16.7,18.7
Beaver Lake,Sammamish,A709SB,8/19/2020,Wed,11:53,5,3,10,7.745966692,0,FALSE,25.2,77.4,8/19/2020 0:00,8/19/2020 0:00,0,0,0,26.9
Beaver Lake,Sammamish,A709SB,8/26/2020,Wed,11:55,29,37,110,11.20452184,0,FALSE,23.4,74.1,8/26/2020 0:00,8/26/2020 0:00,0,0,17.3,23.2
Beaver Lake,Sammamish,A709SB,9/2/2020,Wed,10:30,10,5,11,12.55309571,0,FALSE,22.9,73.2,9/2/2020 0:00,9/2/2020 0:00,0,0.5,0.7,25.1
Beaver Lake,Sammamish,A709SB,9/9/2020,Wed,11:36,4,30,68,10.43974403,0,FALSE,22.5,72.5,9/9/2020 0:00,9/9/2020 0:00,0,0,0.1,30.4
Beaver Lake,Sammamish,A709SB,6/2/2021,Wed,10:33,8,20,11,12.07362147,0,FALSE,24.6,76.3,6/2/2021 0:00,6/2/2021 0:00,0,0,17.9,28.6
Beaver Lake,Sammamish,A709SB,6/16/2021,Wed,12:02,11,36,3,11.3080621,0,FALSE,21.8,71.2,6/16/2021 0:00,6/16/2021 0:00,5,39.9,45.7,20.9
Beaver Lake,Sammamish,A709SB,6/30/2021,Wed,10:13,8,28,14,12.32381068,0,FALSE,27.4,81.3,6/30/2021 0:00,6/30/2021 0:00,0,0,0,27.5
Beaver Lake,Sammamish,A709SB,7/14/2021,Wed,11:00,4,10,6,9.876439669,0,FALSE,24.9,76.8,7/14/2021 0:00,7/14/2021 0:00,0,0,0.7,25.3
Beaver Lake,Sammamish,A709SB,7/28/2021,Wed,10:40,13,6,6,8.905291248,0,FALSE,25.7,78.3,7/28/2021 0:00,7/28/2021 0:00,0,0,0.1,29.4
Beaver Lake,Sammamish,A709SB,8/4/2021,Wed,10:37,22,19,20,9.930305212,0,FALSE,26.1,79,8/4/2021 0:00,8/4/2021 0:00,0,4,4.2,29.6
Beaver Lake,Sammamish,A709SB,8/11/2021,Wed,13:53,4,1,3,6.881034229,0,FALSE,27.4,81.3,8/11/2021 0:00,8/11/2021 0:00,0,2.6,15.2,30.7
Beaver Lake,Sammamish,A709SB,8/18/2021,Wed,10:55,7,4,5,6.578801524,0,FALSE,23.7,74.7,8/18/2021 0:00,8/18/2021 0:00,1.6,4.3,4.3,23.9
Beaver Lake,Sammamish,A709SB,8/25/2021,Wed,13:26,11,13,12,7.415695916,0,FALSE,21.8,71.2,8/25/2021 0:00,8/25/2021 0:00,0,0.2,0.6,25.5
Beaver Lake,Sammamish,A709SB,9/1/2021,Wed,12:31,2,5,7,6.533442283,0,FALSE,21.3,70.3,9/1/2021 0:00,9/1/2021 0:00,1.2,3.2,10.6,20.7
Beaver Lake,Sammamish,A709SB,9/8/2021,Wed,13:01,12,5,4,5.156350015,0,FALSE,21.8,71.2,9/8/2021 0:00,9/8/2021 0:00,0,1.9,1.9,25.3
Beaver Lake,Sammamish,A709SB,5/31/2022,Tue,11:17,43,140,39,61.69079488,0,FALSE,19,66.2,5/31/2022 0:00,5/31/2022 0:00,2,15.3,44.6,20
Beaver Lake,Sammamish,A709SB,6/14/2022,Tue,10:42,23,66,11,39.70887585,0,FALSE,17.1,62.8,6/14/2022 0:00,6/14/2022 0:00,4.4,11.7,46,15.5
Beaver Lake,Sammamish,A709SB,6/28/2022,Tue,10:24,13,7,19,26.64894748,0,FALSE,23.2,73.8,6/28/2022 0:00,6/28/2022 0:00,0.1,0.1,2.6,18.4
Beaver Lake,Sammamish,A709SB,7/12/2022,Tue,11:18,5,16,31,16.07315885,0,FALSE,26.1,79,7/12/2022 0:00,7/12/2022 0:00,0,0,8.9,27.4
Beaver Lake,Sammamish,A709SB,7/26/2022,Tue,11:10,11,11,9,11.86762567,0,FALSE,26.7,80.1,7/26/2022 0:00,7/26/2022 0:00,0,0.2,0.2,34.6
Beaver Lake,Sammamish,A709SB,8/2/2022,Tue,12:45,6,10,10,10.55096816,0,FALSE,27.2,81,8/2/2022 0:00,8/2/2022 0:00,0.3,0.3,0.3,25
Beaver Lake,Sammamish,A709SB,8/9/2022,Tue,10:43,140,100,190,20.0851943,0,FALSE,24.8,76.6,8/9/2022 0:00,8/9/2022 0:00,0,0,1,31.1
Beaver Lake,Sammamish,A709SB,8/16/2022,Tue,11:46,13,11,21,20.4080421,0,FALSE,25.2,77.4,8/16/2022 0:00,8/16/2022 0:00,0,0,2.9,27.3
Beaver Lake,Sammamish,A709SB,8/23/2022,Tue,10:19,10,18,6,17.78563288,0,FALSE,25,77,8/23/2022 0:00,8/23/2022 0:00,0,0,0.6,27
Beaver Lake,Sammamish,A709SB,8/30/2022,Tue,11:33,500,52,11,25.78448929,1,TRUE,25.2,77.4,8/30/2022 0:00,8/30/2022 0:00,0,5.3,6.5,31.6
Beaver Lake,Sammamish,A709SB,9/7/2022,Wed,11:17,12,9,8,26.41897922,1,FALSE,22.5,72.5,9/7/2022 0:00,9/7/2022 0:00,0,1.9,2.1,23.9
Beaver Lake,Sammamish,A709SB,5/31/2023,Wed,10:55,2,2,3,2.289428485,0,FALSE,19.3,66.7,5/31/2023 0:00,5/31/2023 0:00,0.7,1.2,1.3,16.3
Beaver Lake,Sammamish,A709SB,6/13/2023,Tue,9:11,23,23,50,8.259133519,0,FALSE,21.1,70,6/13/2023 0:00,6/13/2023 0:00,0,3.2,12.4,19.6
Beaver Lake,Sammamish,A709SB,6/27/2023,Tue,10:17,5,8,4,7.181114945,0,FALSE,22.2,72,6/27/2023 0:00,6/27/2023 0:00,0,0,5.3,23.6
Beaver Lake,Sammamish,A709SB,7/11/2023,Tue,12:37,7,13,10,11.61623068,0,FALSE,24.2,75.6,7/11/2023 0:00,7/11/2023 0:00,0.4,0.4,0.4,23.7
Beaver Lake,Sammamish,A709SB,7/25/2023,Tue,10:30,8,7,3,6.621268267,0,FALSE,23.9,75,7/25/2023 0:00,7/25/2023 0:00,7.9,7.9,7.9,22
Beaver Lake,Sammamish,A709SB,8/1/2023,Tue,11:37,7,35,53,10.79165542,0,FALSE,25.2,77.4,8/1/2023 0:00,8/1/2023 0:00,0,0,1.7,27
Beaver Lake,Sammamish,A709SB,8/8/2023,Tue,9:19,7,5,7,9.417014216,0,FALSE,23.3,73.9,8/8/2023 0:00,8/8/2023 0:00,2.1,2.7,2.7,25.5
Beaver Lake,Sammamish,A709SB,8/15/2023,Tue,12:23,200,14,31,13.76796502,0,FALSE,26.5,79.7,8/15/2023 0:00,8/15/2023 0:00,0,0,4.5,33.8
Beaver Lake,Sammamish,A709SB,8/22/2023,Tue,12:23,7,12,10,12.76579175,0,FALSE,23.9,75,8/22/2023 0:00,8/22/2023 0:00,0,0,0,21.5
Beaver Lake,Sammamish,A709SB,8/29/2023,Tue,11:27,6,8,8,13.48908687,0,FALSE,22.1,71.8,8/29/2023 0:00,8/29/2023 0:00,2.2,2.2,12.4,18.6
Beaver Lake,Sammamish,A709SB,9/6/2023,Wed,11:23,6,13,5,10.67801996,0,FALSE,21,69.8,9/6/2023 0:00,9/6/2023 0:00,0,2.2,7.3,22.5
Beaver Lake,Sammamish,A709SB,5/29/2024,Wed,11:09,9,5,7,6.804092116,0,FALSE,16.4,61.5,5/29/2024 0:00,5/29/2024 0:00,11.9,16.4,30.3,14.2
Beaver Lake,Sammamish,A709SB,6/11/2024,Tue,9:35,4,8,7,6.428254986,0,FALSE,20.6,69.1,6/11/2024 0:00,6/11/2024 0:00,0,0.1,8.2,19.2
Beaver Lake,Sammamish,A709SB,6/25/2024,Tue,10:17,25,28,17,9.807702448,0,FALSE,21.8,71.2,6/25/2024 0:00,6/25/2024 0:00,0.5,1.8,2,25.5
Beaver Lake,Sammamish,A709SB,7/9/2024,Tue,10:41,14,53,71,17.32233205,0,FALSE,26.5,79.7,7/9/2024 0:00,7/9/2024 0:00,0,0,0,34.5
Beaver Lake,Sammamish,A709SB,7/23/2024,Tue,12:16,5,3,26,18.42314448,0,FALSE,24.9,76.8,7/23/2024 0:00,7/23/2024 0:00,0.8,0.8,0.8,23.3
Beaver Lake,Sammamish,A709SB,7/30/2024,Tue,11:10,22,14,17,16.81695603,0,FALSE,22.1,71.8,7/30/2024 0:00,7/30/2024 0:00,15.2,15.2,15.4,23.4
Beaver Lake,Sammamish,A709SB,8/6/2024,Tue,11:01,9,5,5,13.04144612,0,FALSE,24.3,75.7,8/6/2024 0:00,8/6/2024 0:00,0,0,1.2,23.9
Beaver Lake,Sammamish,A709SB,8/13/2024,Tue,11:59,7,6,5,8.229475781,0,FALSE,23.5,74.3,8/13/2024 0:00,8/13/2024 0:00,0.2,0.2,0.2,20
Beaver Lake,Sammamish,A709SB,8/20/2024,Tue,10:51,22,16,24,9.864642047,0,FALSE,22.1,71.8,8/20/2024 0:00,8/20/2024 0:00,0,18.1,19.7,22.5
Beaver Lake,Sammamish,A709SB,8/27/2024,Tue,11:40,47,52,40,14.25676868,0,FALSE,20.4,68.7,8/27/2024 0:00,8/27/2024 0:00,1.5,12.6,35.2,18.9
Beaver Lake,Sammamish,A709SB,9/4/2024,Wed,13:09,3,6,16,11.75025504,0,FALSE,23.4,74.1,9/4/2024 0:00,9/4/2024 0:00,0,0.8,0.8,25.9
Beaver Lake,Sammamish,A709SB,5/28/2025,Wed,10:29,8,4,17,8.163310204,0,FALSE,20.6,69.1,5/28/2025 0:00,5/28/2025 0:00,0,1.9,3.8,26.9
Beaver Lake,Sammamish,A709SB,6/10/2025,Tue,10:34,5,7,18,8.365461565,0,FALSE,25.5,77.9,6/10/2025 0:00,6/10/2025 0:00,0,0,0.2,25.4
Beaver Lake,Sammamish,A709SB,6/24/2025,Tue,12:40,3,10,5,7.1908659,0,FALSE,22.1,71.8,6/24/2025 0:00,6/24/2025 0:00,0,8,14.4,25.1
Beaver Lake,Sammamish,A709SB,7/8/2025,Tue,11:10,40,17,7,9.150582718,0,FALSE,25.4,77.7,7/8/2025 0:00,7/8/2025 0:00,0,0,0,29.7
Beaver Lake,Sammamish,A709SB,7/22/2025,Tue,12:06,36,30,57,15.22492642,0,FALSE,24,75.2,7/22/2025 0:00,7/22/2025 0:00,0,0,0,26
Beaver Lake,Sammamish,A709SB,7/29/2025,Tue,12:46,9,8,13,18.65988856,0,FALSE,26,78.8,7/29/2025 0:00,7/29/2025 0:00,0,0.1,0.1,29.1
Beaver Lake,Sammamish,A709SB,8/5/2025,Tue,12:08,14,6,5,14.85203253,0,FALSE,24,75.2,8/5/2025 0:00,8/5/2025 0:00,0,0,0,25.9
Beaver Lake,Sammamish,A709SB,8/12/2025,Tue,9:41,19,14,21,15.05140552,0,FALSE,25,77,8/12/2025 0:00,8/12/2025 0:00,0,0,20.6,31.8
Beaver Lake,Sammamish,A709SB,8/19/2025,Tue,12:08,14,23,8,14.77263733,0,FALSE,24.1,75.4,8/19/2025 0:00,8/19/2025 0:00,0,4,39,23.1
Beaver Lake,Sammamish,A709SB,8/26/2025,Tue,9:04,5,12,6,10.48555998,0,FALSE,24.4,75.9,8/26/2025 0:00,8/26/2025 0:00,0,0,0,29.2
Beaver Lake,Sammamish,A709SB,9/3/2025,Wed,12:26,3,6,8,9.255447142,0,FALSE,24.7,76.5,9/3/2025 0:00,9/3/2025 0:00,0,1,3.2,26
Beaver Lake,Sammamish,A709SB,5/27/2026,Wed,11:41,7,6,5,5.943921953,0,FALSE,20.2,68.4,5/27/2026 0:00,,,,,
Beaver Lake,Sammamish,A709SB,6/9/2026,Tue,10:46,14,120,98,18.04924785,0,FALSE,18.1,64.6,6/9/2026 0:00,,,,,
Beaver Lake,Sammamish,A709SB,6/23/2026,Tue,12:43,5,1,34,12.17494656,0,FALSE,27,80.6,6/23/2026 0:00,,,,,
Beaver Lake,Sammamish,A709SB,7/7/2026,Tue,12:45,26,94,66,25.47240406,0,FALSE,24.6,76.3,7/7/2026 0:00,,,,,
Echo Lake,Shoreline,A764SB,5/13/2019,Mon,9:57,80,50,120,78.29735282,0,FALSE,18.8,65.8,5/13/2019 0:00,,,,,
Echo Lake,Shoreline,A764SB,5/20/2019,Mon,10:33,550,56,120,110.0260529,1,TRUE,18.2,64.8,5/20/2019 0:00,,,,,
Echo Lake,Shoreline,A764SB,5/28/2019,Tue,11:06,93,88,92,103.2689182,1,FALSE,19,66.2,5/28/2019 0:00,,,,,
Echo Lake,Shoreline,A764SB,6/3/2019,Mon,10:23,15,10,38,66.5988595,1,FALSE,20.8,69.4,6/3/2019 0:00,,,,,
Echo Lake,Shoreline,A764SB,6/10/2019,Mon,10:37,300,100,44,73.5887957,1,FALSE,20.6,69.1,6/10/2019 0:00,,,,,
Echo Lake,Shoreline,A764SB,6/17/2019,Mon,10:14,32,110,50,68.82767897,1,FALSE,21.6,70.9,6/17/2019 0:00,,,,,
Echo Lake,Shoreline,A764SB,6/24/2019,Mon,10:28,84,230,460,72.97352472,1,TRUE,19.5,67.1,6/24/2019 0:00,,,,,
Echo Lake,Shoreline,A764SB,7/1/2019,Mon,10:30,82,14,19,57.62728067,1,FALSE,22.7,72.9,7/1/2019 0:00,,,,,
Echo Lake,Shoreline,A764SB,7/8/2019,Mon,10:45,820,3600,3000,149.0684183,4,TRUE,20.8,69.4,7/8/2019 0:00,,,,,
Echo Lake,Shoreline,A764SB,7/11/2019,Thu,11:21,56,32,63,,,FALSE,21.6,70.9,7/11/2019 0:00,,,,,
Echo Lake,Shoreline,A764SB,7/15/2019,Mon,11:35,75,65,78,137.1993317,4,FALSE,22.6,72.7,7/15/2019 0:00,,,,,
Echo Lake,Shoreline,A764SB,7/22/2019,Mon,10:10,38,610,78,160.2501165,5,TRUE,21.9,71.4,7/22/2019 0:00,,,,,
Echo Lake,Shoreline,A764SB,7/29/2019,Mon,10:45,73,220,49,136.3358693,4,FALSE,23.5,74.3,7/29/2019 0:00,,,,,
Echo Lake,Shoreline,A764SB,8/5/2019,Mon,10:05,310,110,59,184.3334671,4,FALSE,24.6,76.3,8/5/2019 0:00,,,,,
Echo Lake,Shoreline,A764SB,8/12/2019,Mon,10:43,26,26,14,73.71004336,1,FALSE,22.7,72.9,8/12/2019 0:00,,,,,
Echo Lake,Shoreline,A764SB,8/19/2019,Mon,10:07,31,40,43,64.66184039,1,FALSE,22.4,72.3,8/19/2019 0:00,,,,,
Echo Lake,Shoreline,A764SB,8/26/2019,Mon,10:35,110,260,330,72.19262893,1,TRUE,21.9,71.4,8/26/2019 0:00,,,,,
Echo Lake,Shoreline,A764SB,9/3/2019,Tue,10:51,83,68,260,75.25478268,1,FALSE,22.7,72.9,9/3/2019 0:00,,,,,
Echo Lake,Shoreline,A764SB,9/9/2019,Mon,10:24,220,130,170,79.8144166,1,FALSE,21.1,70,9/9/2019 0:00,,,,,
Echo Lake,Shoreline,A764SB,9/16/2019,Mon,10:58,60,34,420,107.779209,2,TRUE,19.1,66.4,9/16/2019 0:00,,,,,
Echo Lake,Shoreline,A764SB,5/13/2020,Wed,10:18,39,32,35,35.21769083,0,FALSE,17.4,63.3,5/13/2020 0:00,5/13/2020 0:00,13.5,16.2,31.6,17.3
Echo Lake,Shoreline,A764SB,5/18/2020,Mon,11:35,89,97,160,62.6268727,0,FALSE,17.9,64.2,5/18/2020 0:00,5/18/2020 0:00,14.8,18.6,43.8,18.3
Echo Lake,Shoreline,A764SB,5/26/2020,Tue,11:25,54,210,100,74.22928333,0,FALSE,17.1,62.8,5/26/2020 0:00,5/26/2020 0:00,11.1,12.3,32.2,17.7
Echo Lake,Shoreline,A764SB,6/1/2020,Mon,11:38,16,4,7,42.06019532,0,FALSE,18.7,65.7,6/1/2020 0:00,6/1/2020 0:00,7.7,24.3,36.1,17.8
Echo Lake,Shoreline,A764SB,6/8/2020,Mon,12:20,9,28,12,33.97314979,0,FALSE,19,66.2,6/8/2020 0:00,6/8/2020 0:00,10.3,24.2,24.4,15.8
Echo Lake,Shoreline,A764SB,6/15/2020,Mon,11:14,20,43,29,32.72729179,0,FALSE,17.7,63.9,6/15/2020 0:00,6/15/2020 0:00,1.2,12.7,36.2,13.6
Echo Lake,Shoreline,A764SB,6/22/2020,Mon,11:57,15,9,7,20.13353686,0,FALSE,23.6,74.5,6/22/2020 0:00,6/22/2020 0:00,0.5,3.9,16.7,24.5
Echo Lake,Shoreline,A764SB,6/29/2020,Mon,9:31,17,22,14,14.06735713,0,FALSE,20.4,68.7,6/29/2020 0:00,6/29/2020 0:00,8,13.4,14.9,23
Echo Lake,Shoreline,A764SB,7/6/2020,Mon,10:39,60,49,240,22.98076863,0,FALSE,21,69.8,7/6/2020 0:00,7/6/2020 0:00,0,0.9,6.1,20.2
Echo Lake,Shoreline,A764SB,7/13/2020,Mon,10:10,55,40,34,28.46115613,0,FALSE,20.2,68.4,7/13/2020 0:00,7/13/2020 0:00,2,2.3,9.9,21.7
Echo Lake,Shoreline,A764SB,7/20/2020,Mon,9:23,46,35,33,29.93289775,0,FALSE,22.6,72.7,7/20/2020 0:00,7/20/2020 0:00,0,5.2,5.4,28.8
Echo Lake,Shoreline,A764SB,7/27/2020,Mon,10:39,100,93,100,47.38986863,0,FALSE,23.3,73.9,7/27/2020 0:00,7/27/2020 0:00,0,1.5,2.5,32.7
Echo Lake,Shoreline,A764SB,8/3/2020,Mon,10:22,48,63,43,58.70686354,0,FALSE,24.5,76.1,8/3/2020 0:00,8/3/2020 0:00,0,0,0,25.1
Echo Lake,Shoreline,A764SB,8/10/2020,Mon,11:28,12,13,27,41.72703548,0,FALSE,24,75.2,8/10/2020 0:00,8/10/2020 0:00,0,2.4,17,24.7
Echo Lake,Shoreline,A764SB,8/17/2020,Mon,9:26,34,39,53,41.55392493,0,FALSE,,,8/17/2020 0:00,8/17/2020 0:00,0,0,0.1,29.7
Echo Lake,Shoreline,A764SB,8/24/2020,Mon,9:45,18,17,29,36.88054737,0,FALSE,21.8,71.2,8/24/2020 0:00,8/24/2020 0:00,0,13.5,17.3,22.4
Echo Lake,Shoreline,A764SB,8/31/2020,Mon,9:38,20,21,29,27.62326315,0,FALSE,21.2,70.2,8/31/2020 0:00,8/31/2020 0:00,0.1,0.3,0.3,19.6
Echo Lake,Shoreline,A764SB,9/8/2020,Tue,9:47,53,56,170,30.23656735,0,FALSE,21.4,70.5,9/8/2020 0:00,9/8/2020 0:00,0,0.1,0.1,26.5
Echo Lake,Shoreline,A764SB,9/15/2020,Tue,11:50,320,4000,230,63.60566272,1,TRUE,21.1,70,9/15/2020 0:00,9/15/2020 0:00,0,0,0,24.9
Echo Lake,Shoreline,A764SB,9/21/2020,Mon,11:20,160,130,170,82.5927588,1,FALSE,,,9/21/2020 0:00,9/21/2020 0:00,2.2,13.8,15.5,20.1
Echo Lake,Shoreline,A764SB,9/29/2020,Tue,10:30,33,130,50,102.1321555,1,FALSE,18.3,64.9,9/29/2020 0:00,9/29/2020 0:00,0,11.7,102.4,24
Echo Lake,Shoreline,A764SB,5/17/2021,Mon,10:45,16,21,33,22.29894959,0,FALSE,18.2,64.8,5/17/2021 0:00,5/17/2021 0:00,0,0,0.2,17.5
Echo Lake,Shoreline,A764SB,5/24/2021,Mon,11:15,3,4,4,9.002208673,0,FALSE,16.3,61.3,5/24/2021 0:00,5/24/2021 0:00,2.1,2.1,28.1,14
Echo Lake,Shoreline,A764SB,6/1/2021,Tue,10:00,59,2,60,11.58815219,0,FALSE,19.7,67.5,6/1/2021 0:00,6/1/2021 0:00,0,0,20,29.1
Echo Lake,Shoreline,A764SB,6/7/2021,Mon,10:35,84,79,81,18.86006821,0,FALSE,18.2,64.8,6/7/2021 0:00,6/7/2021 0:00,7.7,30.1,30.1,14.8
Echo Lake,Shoreline,A764SB,6/14/2021,Mon,11:02,60,41,37,22.44107873,0,FALSE,19.6,67.3,6/14/2021 0:00,6/14/2021 0:00,25.9,31,40.7,17.6
Echo Lake,Shoreline,A764SB,6/21/2021,Mon,11:01,210,120,59,31.10787546,0,FALSE,23.1,73.6,6/21/2021 0:00,6/21/2021 0:00,0,0,14,30.7
Echo Lake,Shoreline,A764SB,6/28/2021,Mon,8:30,110,220,140,65.48128036,0,FALSE,27.2,81,6/28/2021 0:00,6/28/2021 0:00,0,0,0,44.8
Echo Lake,Shoreline,A764SB,7/6/2021,Tue,11:30,1,8,2,43.62374482,0,FALSE,25.2,77.4,7/6/2021 0:00,7/6/2021 0:00,0,0,2.6,28
Echo Lake,Shoreline,A764SB,7/12/2021,Mon,8:55,18,16,19,32.12969408,0,FALSE,23.7,74.7,7/12/2021 0:00,7/12/2021 0:00,0,0,0.7,26.8
Echo Lake,Shoreline,A764SB,7/19/2021,Mon,8:51,53,40,38,31.86926877,0,FALSE,23,73.4,7/19/2021 0:00,7/19/2021 0:00,0,1,1.4,26.9
Echo Lake,Shoreline,A764SB,7/26/2021,Mon,8:45,26,17,19,22.56837659,0,FALSE,23,73.4,7/26/2021 0:00,7/26/2021 0:00,0,0,0.1,27
Echo Lake,Shoreline,A764SB,8/2/2021,Mon,8:52,2500,490,110,28.84957003,2,TRUE,23,73.4,8/2/2021 0:00,8/2/2021 0:00,4,4.2,4.2,29.8
Echo Lake,Shoreline,A764SB,8/9/2021,Mon,9:14,140,180,140,65.51889804,2,FALSE,22.7,72.9,8/9/2021 0:00,8/9/2021 0:00,2.6,15.2,15.2,24.1
Echo Lake,Shoreline,A764SB,8/16/2021,Mon,12:10,26,16,31,69.37247358,2,FALSE,23.8,74.8,8/16/2021 0:00,8/16/2021 0:00,0,0,0,25.4
Echo Lake,Shoreline,A764SB,8/23/2021,Mon,10:18,18,15,23,58.47703215,2,FALSE,20.6,69.1,8/23/2021 0:00,8/23/2021 0:00,0.2,0.5,4.9,20.6
Echo Lake,Shoreline,A764SB,8/30/2021,Mon,9:44,35,37,42,66.23306744,2,FALSE,20.3,68.5,8/30/2021 0:00,8/30/2021 0:00,0,4.5,7.4,17.8
Echo Lake,Shoreline,A764SB,9/7/2021,Tue,10:50,100,110,120,48.65691234,0,FALSE,20.3,68.5,9/7/2021 0:00,9/7/2021 0:00,0.9,1.9,3.1,26.4
Echo Lake,Shoreline,A764SB,9/13/2021,Mon,8:56,68,73,73,41.8073798,0,FALSE,19.3,66.7,9/13/2021 0:00,9/13/2021 0:00,4.5,8.5,11.3,19.6
Echo Lake,Shoreline,A764SB,9/20/2021,Mon,9:32,130,57,63,53.10880531,0,FALSE,17.2,63,9/20/2021 0:00,9/20/2021 0:00,20.5,67,70.5,18.5
Echo Lake,Shoreline,A764SB,5/16/2022,Mon,10:36,14,9,4,7.958114416,0,FALSE,15.4,59.7,5/16/2022 0:00,5/16/2022 0:00,18.9,32.1,50.1,15
Echo Lake,Shoreline,A764SB,5/23/2022,Mon,10:30,13,12,19,10.6918155,0,FALSE,18,64.4,5/23/2022 0:00,5/23/2022 0:00,0,0.8,20.2,17.6
Echo Lake,Shoreline,A764SB,5/31/2022,Tue,10:00,18,16,15,12.30203455,0,FALSE,17,62.6,5/31/2022 0:00,5/31/2022 0:00,2,15.3,44.6,20
Echo Lake,Shoreline,A764SB,6/6/2022,Mon,10:10,40,50,43,16.93132364,0,FALSE,18.9,66,6/6/2022 0:00,6/6/2022 0:00,27.2,53.2,56.2,16
Echo Lake,Shoreline,A764SB,6/13/2022,Mon,10:30,2,2,1,10.54605572,0,FALSE,18,64.4,6/13/2022 0:00,6/13/2022 0:00,6.1,14,42,15.3
Echo Lake,Shoreline,A764SB,6/21/2022,Tue,9:30,5,2,11,9.528419552,0,FALSE,19.3,66.7,6/21/2022 0:00,6/21/2022 0:00,1.4,4.4,20.6,23.4
Echo Lake,Shoreline,A764SB,6/27/2022,Mon,10:00,48,19,32,11.09784478,0,FALSE,22.8,73,6/27/2022 0:00,6/27/2022 0:00,0,0,3.9,31.6
Echo Lake,Shoreline,A764SB,7/5/2022,Tue,10:09,2,1,3,7.157309754,0,FALSE,21,69.8,7/5/2022 0:00,7/5/2022 0:00,0.5,10,11.7,24.2
Echo Lake,Shoreline,A764SB,7/11/2022,Mon,10:25,32,12,11,5.854612786,0,FALSE,23,73.4,7/11/2022 0:00,7/11/2022 0:00,0,1.7,9.4,28.3
Echo Lake,Shoreline,A764SB,7/18/2022,Mon,11:20,15,23,17,9.518723506,0,FALSE,21,69.8,7/18/2022 0:00,7/18/2022 0:00,0.4,1,1,21.5
Echo Lake,Shoreline,A764SB,7/25/2022,Mon,11:20,120,7,14,12.99709682,0,FALSE,22,71.6,7/25/2022 0:00,7/25/2022 0:00,0,0.2,0.2,30.6
Echo Lake,Shoreline,A764SB,8/1/2022,Mon,10:45,17,16,16,11.44851855,0,FALSE,27,80.6,8/1/2022 0:00,8/1/2022 0:00,0,0,0,29
Echo Lake,Shoreline,A764SB,8/8/2022,Mon,10:45,16,23,8,17.30354404,0,FALSE,25,77,8/8/2022 0:00,8/8/2022 0:00,0,0,1.3,32
Echo Lake,Shoreline,A764SB,8/15/2022,Mon,11:30,5,4,7,13.78781151,0,FALSE,24,75.2,8/15/2022 0:00,8/15/2022 0:00,0,0,2.9,27.8
Echo Lake,Shoreline,A764SB,8/22/2022,Mon,10:05,4,29,32,13.37369254,0,FALSE,24,75.2,8/22/2022 0:00,8/22/2022 0:00,0,0.6,0.6,27.7
Echo Lake,Shoreline,A764SB,8/29/2022,Mon,10:10,57,50,40,15.56029536,0,FALSE,23.6,74.5,8/29/2022 0:00,8/29/2022 0:00,0,6.5,6.5,27.8
Echo Lake,Shoreline,A764SB,9/6/2022,Tue,10:25,37,42,38,18.51487928,0,FALSE,22,71.6,9/6/2022 0:00,9/6/2022 0:00,0.4,2.1,2.1,25.4
Echo Lake,Shoreline,A764SB,9/12/2022,Mon,10:00,19,26,22,20.19923893,0,FALSE,20,68,9/12/2022 0:00,9/12/2022 0:00,1.7,1.7,2.1,23.5
Echo Lake,Shoreline,A764SB,9/19/2022,Mon,10:30,41,50,78,32.29855068,0,FALSE,19.4,66.9,9/19/2022 0:00,9/19/2022 0:00,3.2,5.8,7.6,23.9
Echo Lake,Shoreline,A764SB,5/15/2023,Mon,11:00,20,83,74,49.71032501,0,FALSE,21.5,70.7,5/15/2023 0:00,5/15/2023 0:00,0,0,0.2,31.3
Echo Lake,Shoreline,A764SB,5/22/2023,Mon,12:10,9,13,8,22.0513886,0,FALSE,21,69.8,5/22/2023 0:00,5/22/2023 0:00,2.5,5.7,6.4,16.3
Echo Lake,Shoreline,A764SB,5/30/2023,Tue,9:01,14,47,25,23.12527148,0,FALSE,20.8,69.4,5/30/2023 0:00,5/30/2023 0:00,0.5,0.5,0.8,15.1
Echo Lake,Shoreline,A764SB,6/5/2023,Mon,9:30,16,17,83,24.31470732,0,FALSE,19.9,67.8,6/5/2023 0:00,6/5/2023 0:00,0,0,1.9,20.6
Echo Lake,Shoreline,A764SB,6/12/2023,Mon,9:30,1,4,8,16.18223743,0,FALSE,20.1,68.2,6/12/2023 0:00,6/12/2023 0:00,0.2,12.4,12.4,26.6
Echo Lake,Shoreline,A764SB,6/20/2023,Tue,9:45,5,3,2,9.29445649,0,FALSE,18.1,64.6,6/20/2023 0:00,6/20/2023 0:00,1.1,14.6,23,13.1
Echo Lake,Shoreline,A764SB,6/26/2023,Mon,9:11,4,7,5,8.188684611,0,FALSE,20.8,69.4,6/26/2023 0:00,6/26/2023 0:00,0,0.2,6.4,24.1
Echo Lake,Shoreline,A764SB,7/5/2023,Wed,9:30,13,38,27,5.903698433,0,FALSE,23.9,75,7/5/2023 0:00,7/5/2023 0:00,0,0,0,31.4
Echo Lake,Shoreline,A764SB,7/10/2023,Mon,13:00,5,5,5,5.710752427,0,FALSE,22.6,72.7,7/10/2023 0:00,7/10/2023 0:00,0,0,0,20.6
Echo Lake,Shoreline,A764SB,7/17/2023,Mon,11:01,28,59,55,9.703048077,0,FALSE,23.4,74.1,7/17/2023 0:00,7/17/2023 0:00,0,0,0.4,24.3
Echo Lake,Shoreline,A764SB,7/24/2023,Mon,10:45,5,9,4,10.93414763,0,FALSE,23.5,74.3,7/24/2023 0:00,7/24/2023 0:00,0,0,1.1,22.6
Echo Lake,Shoreline,A764SB,7/31/2023,Mon,10:30,8,22,41,14.22097913,0,FALSE,23.5,74.3,7/31/2023 0:00,7/31/2023 0:00,0,0,9.6,25.1
Echo Lake,Shoreline,A764SB,8/7/2023,Mon,11:00,10,6,13,11.76873431,0,FALSE,23.1,73.6,8/7/2023 0:00,8/7/2023 0:00,0,0.6,0.6,24.3
Echo Lake,Shoreline,A764SB,8/14/2023,Mon,10:15,18,31,30,16.31245981,0,FALSE,22.3,72.1,8/14/2023 0:00,8/14/2023 0:00,0,0,6.6,33.1
Echo Lake,Shoreline,A764SB,8/21/2023,Mon,9:00,55,85,77,17.88049051,0,FALSE,22.9,73.2,8/21/2023 0:00,8/21/2023 0:00,0,0,0,24.7
Echo Lake,Shoreline,A764SB,8/28/2023,Mon,9:55,31,23,33,24.74390043,0,FALSE,21.1,70,8/28/2023 0:00,8/28/2023 0:00,0,0.7,10.2,24.3
Echo Lake,Shoreline,A764SB,9/5/2023,Tue,10:55,45,110,28,30.13232247,0,FALSE,20.2,68.4,9/5/2023 0:00,9/5/2023 0:00,1,2.2,30,18.7
Echo Lake,Shoreline,A764SB,9/11/2023,Mon,10:30,28,23,29,37.23733204,0,FALSE,20.3,68.5,9/11/2023 0:00,9/11/2023 0:00,0,0,1,20.2
Echo Lake,Shoreline,A764SB,9/18/2023,Mon,9:30,12,23,13,33.60353935,0,FALSE,19,66.2,9/18/2023 0:00,9/18/2023 0:00,0,0,3.9,18.2
Echo Lake,Shoreline,A764SB,5/13/2024,Mon,10:00,32,14,28,23.23514293,0,FALSE,20,68,5/13/2024 0:00,5/13/2024 0:00,0,0,21.5,17.3
Echo Lake,Shoreline,A764SB,5/20/2024,Mon,10:00,20,16,11,18.80022808,0,FALSE,15.4,59.7,5/20/2024 0:00,5/20/2024 0:00,0.8,6,11.2,17.4
Echo Lake,Shoreline,A764SB,5/28/2024,Tue,10:00,10,9,7,14.47037938,0,FALSE,15.4,59.7,5/28/2024 0:00,5/28/2024 0:00,0,4.7,38.1,12.9
Echo Lake,Shoreline,A764SB,6/3/2024,Mon,10:00,23,16,22,15.70540523,0,FALSE,16.4,61.5,6/3/2024 0:00,6/3/2024 0:00,20.3,20.6,47.3,13.8
Echo Lake,Shoreline,A764SB,6/10/2024,Mon,10:30,7,14,8,14.11866785,0,FALSE,19.5,67.1,6/10/2024 0:00,6/10/2024 0:00,0.1,0.1,29.2,20.7
Echo Lake,Shoreline,A764SB,6/17/2024,Mon,11:30,13,7,37,12.93344417,0,FALSE,17.6,63.7,6/17/2024 0:00,6/17/2024 0:00,1.3,19.1,21.8,15.4
Echo Lake,Shoreline,A764SB,6/24/2024,Mon,10:30,11,11,10,12.04472919,0,FALSE,18.2,64.8,6/24/2024 0:00,6/24/2024 0:00,0.8,1.3,7.3,19.6
Echo Lake,Shoreline,A764SB,7/1/2024,Mon,11:00,23,18,38,14.92656692,0,FALSE,20.7,69.3,7/1/2024 0:00,7/1/2024 0:00,1.6,2.9,12.4,22.7
Echo Lake,Shoreline,A764SB,7/8/2024,Mon,10:30,23,26,35,15.90229654,0,FALSE,25,77,7/8/2024 0:00,7/8/2024 0:00,0,0,3.3,33.2
Echo Lake,Shoreline,A764SB,7/15/2024,Mon,10:30,19,31,37,19.84844911,0,FALSE,26,78.8,7/15/2024 0:00,7/15/2024 0:00,0,0,0,26.7
Echo Lake,Shoreline,A764SB,7/22/2024,Mon,10:40,7,16,18,19.18122791,0,FALSE,23.6,74.5,7/22/2024 0:00,7/22/2024 0:00,0,0,0,20.4
Echo Lake,Shoreline,A764SB,7/29/2024,Mon,10:30,70,7,94,24.44812982,0,FALSE,22,71.6,7/29/2024 0:00,7/29/2024 0:00,0,0,1,18.1
Echo Lake,Shoreline,A764SB,8/5/2024,Mon,10:30,18,68,490,31.16438401,1,TRUE,22.2,72,8/5/2024 0:00,8/5/2024 0:00,0,0,16.4,27.5
Echo Lake,Shoreline,A764SB,8/12/2024,Mon,10:00,8,7,10,24.48047275,1,FALSE,22,71.6,8/12/2024 0:00,8/12/2024 0:00,0,0,0,22.5
Echo Lake,Shoreline,A764SB,8/19/2024,Mon,11:00,14,30,610,28.85164683,2,TRUE,20,68,8/19/2024 0:00,8/19/2024 0:00,2.3,18.1,19.9,23.8
Echo Lake,Shoreline,A764SB,8/26/2024,Mon,10:30,4,7,3,23.34299219,2,FALSE,18,64.4,8/26/2024 0:00,8/26/2024 0:00,0.1,20.9,33.7,23.2
Echo Lake,Shoreline,A764SB,9/3/2024,Tue,11:00,21,23,8,19.78809881,2,FALSE,20,68,9/3/2024 0:00,9/3/2024 0:00,0.8,0.8,6.5,22.1
Echo Lake,Shoreline,A764SB,9/9/2024,Mon,10:25,7,6,16,12.58046968,1,FALSE,17,62.6,9/9/2024 0:00,9/9/2024 0:00,0,0,0.8,22
Echo Lake,Shoreline,A764SB,9/16/2024,Mon,10:30,21,28,19,15.35888594,1,FALSE,18,64.4,9/16/2024 0:00,9/16/2024 0:00,1.1,21.4,26.1,19.8
Echo Lake,Shoreline,A764SB,5/12/2025,Mon,10:10,130,5,6,15.74060917,0,FALSE,17,62.6,5/12/2025 0:00,5/12/2025 0:00,5.3,5.3,6,16.5
Echo Lake,Shoreline,A764SB,5/19/2025,Mon,10:10,31,23,27,20.53933209,0,FALSE,15,59,5/19/2025 0:00,5/19/2025 0:00,4.3,35,42,15
Echo Lake,Shoreline,A764SB,5/27/2025,Tue,10:00,2,47,32,18.26134911,0,FALSE,18,64.4,5/27/2025 0:00,5/27/2025 0:00,1.9,1.9,9.1,21.2
Echo Lake,Shoreline,A764SB,6/2/2025,Mon,10:30,23,630,310,31.66057644,1,TRUE,18.9,66,6/2/2025 0:00,6/2/2025 0:00,0,1.1,7.1,19
Echo Lake,Shoreline,A764SB,6/9/2025,Mon,10:00,26,50,55,33.42223257,1,FALSE,23.2,73.8,6/9/2025 0:00,6/9/2025 0:00,0,0,0.2,27.6
Echo Lake,Shoreline,A764SB,6/16/2025,Mon,11:00,42,13,23,36.13204272,1,FALSE,20.4,68.7,6/16/2025 0:00,6/16/2025 0:00,0,0.1,0.4,22.1
Echo Lake,Shoreline,A764SB,6/23/2025,Mon,11:01,3,10,9,27.18649456,1,FALSE,20.2,68.4,6/23/2025 0:00,6/23/2025 0:00,0.2,13.1,14.4,23.7
Echo Lake,Shoreline,A764SB,6/30/2025,Mon,9:50,11,62,74,32.80971293,1,FALSE,22,71.6,6/30/2025 0:00,6/30/2025 0:00,0,0.7,2.3,27.6
Echo Lake,Shoreline,A764SB,7/7/2025,Mon,10:30,5,4,8,16.57480486,0,FALSE,23,73.4,7/7/2025 0:00,7/7/2025 0:00,0,0,0,27.6
Echo Lake,Shoreline,A764SB,7/14/2025,Mon,10:15,23,21,260,17.20901659,0,FALSE,23.8,74.8,7/14/2025 0:00,7/14/2025 0:00,0,0,4.9,26.2
Echo Lake,Shoreline,A764SB,7/21/2025,Mon,10:40,1,1,5,10.21157399,0,FALSE,24,75.2,7/21/2025 0:00,7/21/2025 0:00,0,0,0,25.3
Echo Lake,Shoreline,A764SB,7/28/2025,Mon,11:00,3,2,3,8.524847218,0,FALSE,23.6,74.5,7/28/2025 0:00,7/28/2025 0:00,0,0.1,0.1,27.2
Echo Lake,Shoreline,A764SB,8/4/2025,Mon,10:45,6,4,14,6.103441925,0,FALSE,22.6,72.7,8/4/2025 0:00,8/4/2025 0:00,0,0,0,23.2
Echo Lake,Shoreline,A764SB,8/11/2025,Mon,10:00,16,12,8,7.096750964,0,FALSE,25,77,8/11/2025 0:00,8/11/2025 0:00,0,0,20.6,29.5
Echo Lake,Shoreline,A764SB,8/18/2025,Mon,10:45,5,4,5,4.410266839,0,FALSE,22.5,72.5,8/18/2025 0:00,8/18/2025 0:00,0.2,36.5,39,22.1
Echo Lake,Shoreline,A764SB,8/25/2025,Mon,10:30,18,41,20,7.512871436,0,FALSE,24.1,75.4,8/25/2025 0:00,8/25/2025 0:00,0,0,0,30.2
Echo Lake,Shoreline,A764SB,9/2/2025,Tue,10:15,460,55,40,15.57637847,1,TRUE,22.5,72.5,9/2/2025 0:00,9/2/2025 0:00,0,1,3.2,24.8
Echo Lake,Shoreline,A764SB,9/8/2025,Mon,11:00,36,97,49,23.60089975,1,FALSE,22,71.6,9/8/2025 0:00,9/8/2025 0:00,0,0.6,0.6,22.5
Echo Lake,Shoreline,A764SB,9/15/2025,Mon,10:30,35,41,35,29.77811083,1,FALSE,20.8,69.4,9/15/2025 0:00,9/15/2025 0:00,3.9,4.2,4.3,20.2
Echo Lake,Shoreline,A764SB,5/11/2026,Mon,10:20,1,3,2,1.817120593,0,FALSE,19.9,67.8,5/11/2026 0:00,,,,,
Echo Lake,Shoreline,A764SB,5/18/2026,Mon,10:20,6,34,69,6.623767574,0,FALSE,17,62.6,5/18/2026 0:00,,,,,
Echo Lake,Shoreline,A764SB,5/26/2026,Tue,10:30,7,4,10,6.59644336,0,FALSE,18,64.4,5/26/2026 0:00,,,,,
Echo Lake,Shoreline,A764SB,6/1/2026,Mon,10:30,1,10,11,6.089735576,0,FALSE,19.9,67.8,6/1/2026 0:00,,,,,
Echo Lake,Shoreline,A764SB,6/8/2026,Mon,10:20,4,5,5,5.767825087,0,FALSE,18.5,65.3,6/8/2026 0:00,,,,,
Echo Lake,Shoreline,A764SB,6/16/2026,Tue,10:30,1,1,1,5.118413069,0,FALSE,24.3,75.7,6/16/2026 0:00,,,,,
Echo Lake,Shoreline,A764SB,6/22/2026,Mon,9:00,1,27,42,4.327239353,0,FALSE,22.7,72.9,6/22/2026 0:00,,,,,
Echo Lake,Shoreline,A764SB,6/29/2026,Mon,11:00,4,10,8,4.365932811,0,FALSE,22.6,72.7,6/29/2026 0:00,,,,,
Echo Lake,Shoreline,A764SB,7/6/2026,Mon,9:30,25,20,13,5.730314074,0,FALSE,22,71.6,7/6/2026 0:00,,,,,
Echo Lake,Shoreline,A764SB,7/13/2026,Mon,0:00,23,24,5,7.148896861,0,FALSE,,,7/13/2026 0:00,,,,,
Enatai,Bellevue,ENATAISB,5/13/2019,Mon,13:08,4,4,1,2.5198421,0,FALSE,18.7,65.7,5/13/2019 0:00,,,,,
Enatai,Bellevue,ENATAISB,5/20/2019,Mon,13:31,120,41,26,11.26790229,0,FALSE,16.9,62.4,5/20/2019 0:00,,,,,
Enatai,Bellevue,ENATAISB,5/28/2019,Tue,11:28,7,8,4,9.169958781,0,FALSE,17.5,63.5,5/28/2019 0:00,,,,,
Enatai,Bellevue,ENATAISB,6/3/2019,Mon,12:20,2,9,3,7.347535352,0,FALSE,19.9,67.8,6/3/2019 0:00,,,,,
Enatai,Bellevue,ENATAISB,6/10/2019,Mon,13:53,5,12,5,7.211984164,0,FALSE,18.7,65.7,6/10/2019 0:00,,,,,
Enatai,Bellevue,ENATAISB,6/17/2019,Mon,15:00,94,270,340,17.38513769,1,TRUE,21.9,71.4,6/17/2019 0:00,,,,,
Enatai,Bellevue,ENATAISB,6/24/2019,Mon,12:34,420,940,910,29.51731207,4,TRUE,19.4,66.9,6/24/2019 0:00,,,,,
Enatai,Bellevue,ENATAISB,7/1/2019,Mon,10:37,810,1100,120,70.57716388,6,TRUE,21.2,70.2,7/1/2019 0:00,,,,,
Enatai,Bellevue,ENATAISB,7/8/2019,Mon,12:49,640,1,540,126.592954,8,TRUE,21.9,71.4,7/8/2019 0:00,,,,,
Enatai,Bellevue,ENATAISB,7/11/2019,Thu,7:59,470,43,23,,,TRUE,20.7,69.3,7/11/2019 0:00,,,,,
Enatai,Bellevue,ENATAISB,7/15/2019,Mon,13:18,13000,520,290,360.3775789,10,TRUE,22.7,72.9,7/15/2019 0:00,,,,,
Enatai,Bellevue,ENATAISB,7/18/2019,Thu,9:56,76,460,87,,,TRUE,21.5,70.7,7/18/2019 0:00,,,,,
Enatai,Bellevue,ENATAISB,7/22/2019,Mon,15:37,300,530,610,423.4559032,11,TRUE,23.3,73.9,7/22/2019 0:00,,,,,
Enatai,Bellevue,ENATAISB,7/25/2019,Thu,9:25,8,6,42,,,FALSE,22.5,72.5,7/25/2019 0:00,,,,,
Enatai,Bellevue,ENATAISB,7/29/2019,Mon,13:28,4500,2000,340,488.4593017,11,TRUE,22.6,72.7,7/29/2019 0:00,,,,,
Enatai,Bellevue,ENATAISB,8/1/2019,Thu,9:20,33,210,710,,,TRUE,22.3,72.1,8/1/2019 0:00,,,,,
Enatai,Bellevue,ENATAISB,8/5/2019,Mon,13:38,120,290,94,387.1431631,9,FALSE,23.9,75,8/5/2019 0:00,,,,,
Enatai,Bellevue,ENATAISB,8/8/2019,Thu,9:56,63,74,14,,,FALSE,23.2,73.8,8/8/2019 0:00,,,,,
Enatai,Bellevue,ENATAISB,8/12/2019,Mon,15:10,120,78,88,410.2203932,7,FALSE,23.3,73.9,8/12/2019 0:00,,,,,
Enatai,Bellevue,ENATAISB,8/19/2019,Mon,14:01,5,15,28,164.0623344,5,FALSE,23.1,73.6,8/19/2019 0:00,,,,,
Enatai,Bellevue,ENATAISB,8/26/2019,Mon,13:17,26,15,5,79.78037317,3,FALSE,22.8,73,8/26/2019 0:00,,,,,
Enatai,Bellevue,ENATAISB,9/3/2019,Tue,14:12,58,60,150,44.73965888,0,FALSE,23.2,73.8,9/3/2019 0:00,,,,,
Enatai,Bellevue,ENATAISB,9/9/2019,Mon,13:07,39,51,36,34.67698636,0,FALSE,21.7,71.1,9/9/2019 0:00,,,,,
Enatai,Bellevue,ENATAISB,9/16/2019,Mon,13:11,2,3,10,18.37387946,0,FALSE,21.6,70.9,9/16/2019 0:00,,,,,
Enatai,Bellevue,ENATAISB,9/23/2019,Mon,13:20,,,,,,,19.2,66.6,9/23/2019 0:00,,,,,
Enatai,Bellevue,ENATAISB,9/30/2019,Mon,10:36,,,,,,,17.7,63.9,9/30/2019 0:00,,,,,
Enatai,Bellevue,ENATAISB,10/7/2019,Mon,12:14,,,,,,,16.8,62.2,10/7/2019 0:00,,,,,
Enatai,Bellevue,ENATAISB,10/14/2019,Mon,11:18,,,,,,,15.4,59.7,10/14/2019 0:00,,,,,
Enatai,Bellevue,ENATAISB,10/21/2019,Mon,10:38,,,,,,,13.7,56.7,10/21/2019 0:00,,,,,
Enatai,Bellevue,ENATAISB,5/13/2020,Wed,10:43,8,8,8,8,0,FALSE,15.8,60.4,5/13/2020 0:00,5/13/2020 0:00,13.5,16.2,31.6,17.3
Enatai,Bellevue,ENATAISB,5/20/2020,Wed,9:56,6,7,3,6.332960088,0,FALSE,16.1,61,5/20/2020 0:00,5/20/2020 0:00,0.4,15.3,28.1,14.2
Enatai,Bellevue,ENATAISB,5/27/2020,Wed,9:32,11,5,18,7.36635858,0,FALSE,16.8,62.2,5/27/2020 0:00,5/27/2020 0:00,0.7,11.8,32.5,22
Enatai,Bellevue,ENATAISB,6/3/2020,Wed,9:44,1,3,16,6.173665262,0,FALSE,17,62.6,6/3/2020 0:00,6/3/2020 0:00,0.2,7.9,24.5,18.2
Enatai,Bellevue,ENATAISB,6/10/2020,Wed,9:52,10,8,7,6.541042903,0,FALSE,17.4,63.3,6/10/2020 0:00,6/10/2020 0:00,15.7,27.1,41,22.4
Enatai,Bellevue,ENATAISB,6/17/2020,Wed,9:40,3,27,790,9.024776894,1,TRUE,17.5,63.5,6/17/2020 0:00,6/17/2020 0:00,2.4,14,32.2,19.9
Enatai,Bellevue,ENATAISB,6/24/2020,Wed,10:21,44,95,65,15.05512667,1,FALSE,20.7,69.3,6/24/2020 0:00,6/24/2020 0:00,0,0.5,3.9,21.9
Enatai,Bellevue,ENATAISB,6/30/2020,Tue,9:02,37,9,1100,22.3304699,2,TRUE,19.5,67.1,6/30/2020 0:00,6/30/2020 0:00,0,12.9,14.9,17.5
Enatai,Bellevue,ENATAISB,7/8/2020,Wed,10:32,160,130,330,49.27049566,3,TRUE,19.7,67.5,7/8/2020 0:00,7/8/2020 0:00,2.5,2.6,6.2,20.6
Enatai,Bellevue,ENATAISB,7/15/2020,Wed,9:55,230,71,95,83.57730869,3,FALSE,20.7,69.3,7/15/2020 0:00,7/15/2020 0:00,0,2,7.3,25.8
Enatai,Bellevue,ENATAISB,7/22/2020,Wed,10:20,9,9,21,65.62377291,2,FALSE,22.6,72.7,7/22/2020 0:00,7/22/2020 0:00,0,0,5.4,21
Enatai,Bellevue,ENATAISB,7/29/2020,Wed,10:13,1100,920,2300,120.0187529,5,TRUE,23.5,74.3,7/29/2020 0:00,7/29/2020 0:00,0,0,2.5,29.6
Enatai,Bellevue,ENATAISB,8/5/2020,Wed,10:12,49,28,27,103.016749,4,FALSE,23.8,74.8,8/5/2020 0:00,8/5/2020 0:00,0,0.4,0.4,27.2
Enatai,Bellevue,ENATAISB,8/12/2020,Wed,10:53,5,7,21,56.00436075,3,FALSE,22.1,71.8,8/12/2020 0:00,8/12/2020 0:00,0.1,0.1,16.7,18.7
Enatai,Bellevue,ENATAISB,8/19/2020,Wed,10:02,10,30,41,40.56656165,3,FALSE,23.3,73.9,8/19/2020 0:00,8/19/2020 0:00,0,0,0,26.9
Enatai,Bellevue,ENATAISB,8/26/2020,Wed,9:08,74,32,53,54.03789413,3,FALSE,22.6,72.7,8/26/2020 0:00,8/26/2020 0:00,0,0,17.3,23.2
Enatai,Bellevue,ENATAISB,9/2/2020,Wed,9:08,360,340,180,39.60725895,2,TRUE,22.1,71.8,9/2/2020 0:00,9/2/2020 0:00,0,0.5,0.7,25.1
Enatai,Bellevue,ENATAISB,9/9/2020,Wed,9:25,5,2,2,23.9844039,2,FALSE,21.7,71.1,9/9/2020 0:00,9/9/2020 0:00,0,0,0.1,30.4
Enatai,Bellevue,ENATAISB,9/22/2020,Tue,13:20,,,,,,,21.7,71.1,9/22/2020 0:00,9/22/2020 0:00,1.7,8.9,17.2,20.9
Enatai,Bellevue,ENATAISB,9/29/2020,Tue,12:36,,,,,,,19.1,66.4,9/29/2020 0:00,9/29/2020 0:00,0,11.7,102.4,24
Enatai,Bellevue,ENATAISB,10/6/2020,Tue,12:47,,,,,,,18.8,65.8,10/6/2020 0:00,10/6/2020 0:00,0,0.6,0.8,21.6
Enatai,Bellevue,ENATAISB,10/13/2020,Tue,12:48,,,,,,,17.1,62.8,10/13/2020 0:00,10/13/2020 0:00,8.1,62.8,67.3,15.4
Enatai,Bellevue,ENATAISB,10/20/2020,Tue,12:34,,,,,,,16,60.8,10/20/2020 0:00,10/20/2020 0:00,4,17.5,38.6,13
Enatai,Bellevue,ENATAISB,10/27/2020,Tue,12:25,,,,,,,14.5,58.1,10/27/2020 0:00,10/27/2020 0:00,0,0.6,23.4,12
Enatai,Bellevue,ENATAISB,5/19/2021,Wed,9:31,16,12,5,9.864848297,0,FALSE,15.6,60.1,5/19/2021 0:00,5/19/2021 0:00,12.7,16.8,17,12.9
Enatai,Bellevue,ENATAISB,5/26/2021,Wed,11:13,29,23,41,17.23971786,0,FALSE,16,60.8,5/26/2021 0:00,5/26/2021 0:00,2.1,11.8,21,17.5
Enatai,Bellevue,ENATAISB,6/2/2021,Wed,9:26,1,10,63,13.65813103,0,FALSE,18.6,65.5,6/2/2021 0:00,6/2/2021 0:00,0,0,17.9,28.6
Enatai,Bellevue,ENATAISB,6/9/2021,Wed,9:49,14,11,10,13.0969504,0,FALSE,17,62.6,6/9/2021 0:00,6/9/2021 0:00,1,16.7,39.1,17.6
Enatai,Bellevue,ENATAISB,6/16/2021,Wed,9:44,170,77,15,17.64431788,0,FALSE,18.3,64.9,6/16/2021 0:00,6/16/2021 0:00,5,39.9,45.7,20.9
Enatai,Bellevue,ENATAISB,6/23/2021,Wed,9:30,23,15,37,20.96628632,0,FALSE,21.5,70.7,6/23/2021 0:00,6/23/2021 0:00,0,0,0,24.1
Enatai,Bellevue,ENATAISB,6/30/2021,Wed,12:04,96,120,43,25.43249271,0,FALSE,25.1,77.2,6/30/2021 0:00,6/30/2021 0:00,0,0,0,27.5
Enatai,Bellevue,ENATAISB,7/7/2021,Wed,10:14,4,5,6,22.77080103,0,FALSE,23.5,74.3,7/7/2021 0:00,7/7/2021 0:00,0,0,2.6,22.4
Enatai,Bellevue,ENATAISB,7/14/2021,Wed,9:36,68,490,82,37.49541661,1,TRUE,23.9,75,7/14/2021 0:00,7/14/2021 0:00,0,0,0.7,25.3
Enatai,Bellevue,ENATAISB,7/21/2021,Wed,10:22,23,86,50,35.81974934,1,FALSE,22.8,73,7/21/2021 0:00,7/21/2021 0:00,0,0,1.4,20.5
Enatai,Bellevue,ENATAISB,7/28/2021,Wed,13:11,55,220,68,47.28689233,1,FALSE,24,75.2,7/28/2021 0:00,7/28/2021 0:00,0,0,0.1,29.4
Enatai,Bellevue,ENATAISB,8/4/2021,Wed,12:47,40,21,70,41.02398702,1,FALSE,24.7,76.5,8/4/2021 0:00,8/4/2021 0:00,0,4,4.2,29.6
Enatai,Bellevue,ENATAISB,8/11/2021,Wed,11:10,2,8,11,42.08493179,1,FALSE,24,75.2,8/11/2021 0:00,8/11/2021 0:00,0,2.6,15.2,30.7
Enatai,Bellevue,ENATAISB,8/18/2021,Wed,10:24,4,11,6,22.72299815,0,FALSE,23.2,73.8,8/18/2021 0:00,8/18/2021 0:00,1.6,4.3,4.3,23.9
Enatai,Bellevue,ENATAISB,8/25/2021,Wed,11:00,26,20,63,21.10937977,0,FALSE,,,8/25/2021 0:00,8/25/2021 0:00,0,0.2,0.6,25.5
Enatai,Bellevue,ENATAISB,9/1/2021,Wed,9:53,8,120,5,14.98092409,0,FALSE,,,9/1/2021 0:00,9/1/2021 0:00,1.2,3.2,10.6,20.7
Enatai,Bellevue,ENATAISB,9/8/2021,Wed,10:28,290,1100,1500,27.30479443,2,TRUE,21.1,70,9/8/2021 0:00,9/8/2021 0:00,0,1.9,1.9,25.3
Enatai,Bellevue,ENATAISB,9/15/2021,Wed,10:51,3,8,1,23.90849008,2,FALSE,,,9/15/2021 0:00,9/15/2021 0:00,1.8,6.3,12.2,16
Enatai,Bellevue,ENATAISB,9/22/2021,Wed,10:46,520,560,760,59.35339312,5,TRUE,19.1,66.4,9/22/2021 0:00,9/22/2021 0:00,0,21.3,69.5,17.9
Enatai,Bellevue,ENATAISB,9/28/2021,Tue,12:29,,,,,,,18,64.4,9/28/2021 0:00,9/28/2021 0:00,13.3,23.6,23.9,14.5
Enatai,Bellevue,ENATAISB,10/5/2021,Tue,12:31,,,,,,,16.7,62.1,10/5/2021 0:00,10/5/2021 0:00,0,1.5,34.3,13.3
Enatai,Bellevue,ENATAISB,10/12/2021,Tue,11:39,,,,,,,15.4,59.7,10/12/2021 0:00,10/12/2021 0:00,1.9,28.2,53.9,11.1
Enatai,Bellevue,ENATAISB,10/19/2021,Tue,13:05,,,,,,,15.2,59.4,10/19/2021 0:00,10/19/2021 0:00,0.7,3.2,28.1,15.9
Enatai,Bellevue,ENATAISB,10/26/2021,Tue,13:09,,,,,,,13.8,56.8,10/26/2021 0:00,10/26/2021 0:00,6.2,17.8,39,12.4
Enatai,Bellevue,ENATAISB,5/17/2022,Tue,9:49,23,31,32,28.36263021,0,FALSE,13.3,55.9,5/17/2022 0:00,5/17/2022 0:00,3.3,30.8,51.2,14.2
Enatai,Bellevue,ENATAISB,5/24/2022,Tue,9:39,3,2,14,11.14516406,0,FALSE,14.9,58.8,5/24/2022 0:00,5/24/2022 0:00,3.4,3.8,20.3,15.1
Enatai,Bellevue,ENATAISB,5/31/2022,Tue,9:44,6,6,4,8.667137739,0,FALSE,14.4,57.9,5/31/2022 0:00,5/31/2022 0:00,2,15.3,44.6,20
Enatai,Bellevue,ENATAISB,6/7/2022,Tue,10:19,74,56,36,13.63170862,0,FALSE,17.3,63.1,6/7/2022 0:00,6/7/2022 0:00,0.4,38.3,54.6,21.8
Enatai,Bellevue,ENATAISB,6/14/2022,Tue,9:30,10,26,29,14.65992197,0,FALSE,16.2,61.2,6/14/2022 0:00,6/14/2022 0:00,4.4,11.7,46,15.5
Enatai,Bellevue,ENATAISB,6/22/2022,Wed,10:18,120,69,48,17.73646759,0,FALSE,18.4,65.1,6/22/2022 0:00,6/22/2022 0:00,0,3.5,13.5,17.4
Enatai,Bellevue,ENATAISB,6/28/2022,Tue,11:44,2,9,11,18.77988189,0,FALSE,20.4,68.7,6/28/2022 0:00,6/28/2022 0:00,0.1,0.1,2.6,18.4
Enatai,Bellevue,ENATAISB,7/6/2022,Wed,10:00,55,450,210,37.80259879,1,TRUE,20.4,68.7,7/6/2022 0:00,7/6/2022 0:00,0.1,9.8,10.1,23.5
Enatai,Bellevue,ENATAISB,7/12/2022,Tue,10:00,68,570,84,46.42847057,2,TRUE,21.9,71.4,7/12/2022 0:00,7/12/2022 0:00,0,0,8.9,27.4
Enatai,Bellevue,ENATAISB,7/19/2022,Tue,10:05,4,8,35,40.88595591,2,FALSE,21.9,71.4,7/19/2022 0:00,7/19/2022 0:00,0,1,1,25.9
Enatai,Bellevue,ENATAISB,7/26/2022,Tue,12:51,18,26,11,30.60074174,2,FALSE,24.2,75.6,7/26/2022 0:00,7/26/2022 0:00,0,0.2,0.2,34.6
Enatai,Bellevue,ENATAISB,8/2/2022,Tue,11:26,2,1,5,25.07769451,2,FALSE,26.3,79.3,8/2/2022 0:00,8/2/2022 0:00,0.3,0.3,0.3,25
Enatai,Bellevue,ENATAISB,8/9/2022,Tue,9:35,5,8,5,12.73415038,1,FALSE,23.6,74.5,8/9/2022 0:00,8/9/2022 0:00,0,0,1,31.1
Enatai,Bellevue,ENATAISB,8/16/2022,Tue,10:29,75,330,560,14.0252298,2,TRUE,24.2,75.6,8/16/2022 0:00,8/16/2022 0:00,0,0,2.9,27.3
Enatai,Bellevue,ENATAISB,8/23/2022,Tue,11:59,7,3,1,10.75911965,2,FALSE,24.4,75.9,8/23/2022 0:00,8/23/2022 0:00,0,0,0.6,27
Enatai,Bellevue,ENATAISB,8/30/2022,Tue,10:16,25,8,19,10.54353898,2,FALSE,23.6,74.5,8/30/2022 0:00,8/30/2022 0:00,0,5.3,6.5,31.6
Enatai,Bellevue,ENATAISB,9/7/2022,Wed,10:06,1,2,1,9.47083799,2,FALSE,22.3,72.1,9/7/2022 0:00,9/7/2022 0:00,0,1.9,2.1,23.9
Enatai,Bellevue,ENATAISB,9/13/2022,Tue,9:33,1,1,3,7.158046107,2,FALSE,21.3,70.3,9/13/2022 0:00,9/13/2022 0:00,0.5,2.2,2.2,21.4
Enatai,Bellevue,ENATAISB,9/20/2022,Tue,10:14,9,28,3,3.720303714,0,FALSE,20.5,68.9,9/20/2022 0:00,9/20/2022 0:00,0,3.2,7.1,24.8
Enatai,Bellevue,ENATAISB,9/26/2022,Mon,11:38,,,,,,,20.2,68.4,9/26/2022 0:00,9/26/2022 0:00,0,0,0.4,27.7
Enatai,Bellevue,ENATAISB,10/3/2022,Mon,12:35,,,,,,,19.9,67.8,10/3/2022 0:00,10/3/2022 0:00,0,0,2.4,25.8
Enatai,Bellevue,ENATAISB,10/11/2022,Tue,12:54,,,,,,,19.2,66.6,10/11/2022 0:00,10/11/2022 0:00,0,0,0,19.1
Enatai,Bellevue,ENATAISB,10/17/2022,Mon,12:52,,,,,,,19.4,66.9,10/17/2022 0:00,10/17/2022 0:00,0,0,0,21
Enatai,Bellevue,ENATAISB,10/24/2022,Mon,11:49,,,,,,,16.3,61.3,10/24/2022 0:00,10/24/2022 0:00,0.5,23,24.3,12.1
Enatai,Bellevue,ENATAISB,5/16/2023,Tue,9:32,1,1,11,2.223980091,0,FALSE,18.2,64.8,5/16/2023 0:00,5/16/2023 0:00,0.7,0.7,0.9,24.6
Enatai,Bellevue,ENATAISB,5/23/2023,Tue,9:17,6,2,2,2.532798583,0,FALSE,17.7,63.9,5/23/2023 0:00,5/23/2023 0:00,1.5,7.2,7.2,16.9
Enatai,Bellevue,ENATAISB,5/31/2023,Wed,9:59,3,5,5,3.00197619,0,FALSE,18.7,65.7,5/31/2023 0:00,5/31/2023 0:00,0.7,1.2,1.3,16.3
Enatai,Bellevue,ENATAISB,6/6/2023,Tue,10:32,12,40,260,6.063731761,0,FALSE,19,66.2,6/6/2023 0:00,6/6/2023 0:00,0,0,1.4,26.5
Enatai,Bellevue,ENATAISB,6/13/2023,Tue,7:34,12,22,15,7.345786991,0,FALSE,19.9,67.8,6/13/2023 0:00,6/13/2023 0:00,0,3.2,12.4,19.6
Enatai,Bellevue,ENATAISB,6/20/2023,Tue,10:31,4,10,6,9.021793893,0,FALSE,17.6,63.7,6/20/2023 0:00,6/20/2023 0:00,1.1,14.6,23,13.1
Enatai,Bellevue,ENATAISB,6/27/2023,Tue,12:39,35,690,1000,22.67113662,2,TRUE,21.2,70.2,6/27/2023 0:00,6/27/2023 0:00,0,0,5.3,23.6
Enatai,Bellevue,ENATAISB,7/5/2023,Wed,10:23,16,30,87,34.55571705,2,FALSE,22.1,71.8,7/5/2023 0:00,7/5/2023 0:00,0,0,0,31.4
Enatai,Bellevue,ENATAISB,7/11/2023,Tue,10:01,26,23,21,29.6506102,2,FALSE,22.1,71.8,7/11/2023 0:00,7/11/2023 0:00,0.4,0.4,0.4,23.7
Enatai,Bellevue,ENATAISB,7/18/2023,Tue,12:18,230,200,41,44.72565769,2,FALSE,23.1,73.6,7/18/2023 0:00,7/18/2023 0:00,1.1,1.1,1.1,25.6
Enatai,Bellevue,ENATAISB,7/25/2023,Tue,12:30,41,99,300,78.99119304,2,FALSE,23.1,73.6,7/25/2023 0:00,7/25/2023 0:00,7.9,7.9,7.9,22
Enatai,Bellevue,ENATAISB,8/1/2023,Tue,9:31,59,23,58,53.92432535,0,FALSE,22.8,73,8/1/2023 0:00,8/1/2023 0:00,0,0,1.7,27
Enatai,Bellevue,ENATAISB,8/8/2023,Tue,10:09,840,670,110,87.73720716,2,TRUE,23,73.4,8/8/2023 0:00,8/8/2023 0:00,2.1,2.7,2.7,25.5
Enatai,Bellevue,ENATAISB,8/15/2023,Tue,10:42,440,300,170,144.5408588,3,TRUE,24.3,75.7,8/15/2023 0:00,8/15/2023 0:00,0,0,4.5,33.8
Enatai,Bellevue,ENATAISB,8/22/2023,Tue,10:07,15,41,14,100.9147685,3,FALSE,22.8,73,8/22/2023 0:00,8/22/2023 0:00,0,0,0,21.5
Enatai,Bellevue,ENATAISB,8/29/2023,Tue,9:38,9,240,6,74.54623397,3,FALSE,22,71.6,8/29/2023 0:00,8/29/2023 0:00,2.2,2.2,12.4,18.6
Enatai,Bellevue,ENATAISB,9/6/2023,Wed,9:04,10,17,83,66.47530208,3,FALSE,20.8,69.4,9/6/2023 0:00,9/6/2023 0:00,0,2.2,7.3,22.5
Enatai,Bellevue,ENATAISB,9/12/2023,Tue,10:49,3,4,27,29.55154572,1,FALSE,20.8,69.4,9/12/2023 0:00,9/12/2023 0:00,1.2,1.2,1.2,19.4
Enatai,Bellevue,ENATAISB,9/19/2023,Tue,9:30,290,210,79,26.66827782,0,FALSE,19.7,67.5,9/19/2023 0:00,9/19/2023 0:00,1.6,1.6,4.3,19.1
Enatai,Bellevue,ENATAISB,9/25/2023,Mon,10:39,,,,,,,19,66.2,9/25/2023 0:00,9/25/2023 0:00,8,12.1,27.5,15.3
Enatai,Bellevue,ENATAISB,10/2/2023,Mon,12:41,,,,,,,17.2,63,10/2/2023 0:00,10/2/2023 0:00,0,0.1,77.4,14.1
Enatai,Bellevue,ENATAISB,10/10/2023,Tue,12:48,,,,,,,,,10/10/2023 0:00,10/10/2023 0:00,2.1,2.1,2.9,16.2
Enatai,Bellevue,ENATAISB,10/16/2023,Mon,12:33,,,,,,,16.5,61.7,10/16/2023 0:00,10/16/2023 0:00,2.6,7.9,31.9,16
Enatai,Bellevue,ENATAISB,10/23/2023,Mon,11:29,,,,,,,15.3,59.5,10/23/2023 0:00,10/23/2023 0:00,0.3,1.3,19.6,13
Enatai,Bellevue,ENATAISB,5/14/2024,Tue,8:06,1,260,6,11.59778,0,FALSE,15,59,5/14/2024 0:00,5/14/2024 0:00,0.4,0.4,5.1,20.1
Enatai,Bellevue,ENATAISB,5/21/2024,Tue,10:21,14,14,26,14.12729464,0,FALSE,15.8,60.4,5/21/2024 0:00,5/21/2024 0:00,0,3.2,10.8,10.2
Enatai,Bellevue,ENATAISB,5/29/2024,Wed,8:52,2,14,8,10.66214712,0,FALSE,14,57.2,5/29/2024 0:00,5/29/2024 0:00,11.9,16.4,30.3,14.2
Enatai,Bellevue,ENATAISB,6/4/2024,Tue,8:44,45,33,37,14.65134577,0,FALSE,15.1,59.2,6/4/2024 0:00,6/4/2024 0:00,21,41.6,68.3,15.6
Enatai,Bellevue,ENATAISB,6/11/2024,Tue,8:39,71,350,670,25.94948604,2,TRUE,17.4,63.3,6/11/2024 0:00,6/11/2024 0:00,0,0.1,8.2,19.2
Enatai,Bellevue,ENATAISB,6/17/2024,Mon,10:51,15,410,480,42.91359297,4,TRUE,16.3,61.3,6/17/2024 0:00,6/17/2024 0:00,1.3,19.1,21.8,15.4
Enatai,Bellevue,ENATAISB,6/25/2024,Tue,11:45,490,870,1400,93.43346912,7,TRUE,19.7,67.5,6/25/2024 0:00,6/25/2024 0:00,0.5,1.8,2,25.5
Enatai,Bellevue,ENATAISB,7/2/2024,Tue,8:54,17,70,110,142.8724798,7,FALSE,19.7,67.5,7/2/2024 0:00,7/2/2024 0:00,3.3,6.2,15.2,22.6
Enatai,Bellevue,ENATAISB,7/9/2024,Tue,8:05,260,120,2000,228.3664725,8,TRUE,23.7,74.7,7/9/2024 0:00,7/9/2024 0:00,0,0,0,34.5
Enatai,Bellevue,ENATAISB,7/16/2024,Tue,10:45,210,300,400,234.7644321,7,TRUE,25.3,77.5,7/16/2024 0:00,7/16/2024 0:00,0,0,0,30.2
Enatai,Bellevue,ENATAISB,7/23/2024,Tue,9:00,29,9,10,146.9153735,5,FALSE,23.1,73.6,7/23/2024 0:00,7/23/2024 0:00,0.8,0.8,0.8,23.3
Enatai,Bellevue,ENATAISB,7/30/2024,Tue,9:26,18,160,12,76.66243354,2,FALSE,22,71.6,7/30/2024 0:00,7/30/2024 0:00,15.2,15.2,15.4,23.4
Enatai,Bellevue,ENATAISB,8/6/2024,Tue,9:24,86,23,25,71.84519224,2,FALSE,23,73.4,8/6/2024 0:00,8/6/2024 0:00,0,0,1.2,23.9
Enatai,Bellevue,ENATAISB,8/13/2024,Tue,9:38,26,110,31,46.40526463,1,FALSE,22.6,72.7,8/13/2024 0:00,8/13/2024 0:00,0.2,0.2,0.2,20
Enatai,Bellevue,ENATAISB,8/20/2024,Tue,8:24,32,70,72,33.13695403,0,FALSE,22.2,72,8/20/2024 0:00,8/20/2024 0:00,0,18.1,19.7,22.5
Enatai,Bellevue,ENATAISB,8/27/2024,Tue,9:22,7,12,3,28.35501758,0,FALSE,20.5,68.9,8/27/2024 0:00,8/27/2024 0:00,1.5,12.6,35.2,18.9
Enatai,Bellevue,ENATAISB,9/4/2024,Wed,10:09,390,570,950,50.70325918,3,TRUE,21.2,70.2,9/4/2024 0:00,9/4/2024 0:00,0,0.8,0.8,25.9
Enatai,Bellevue,ENATAISB,9/10/2024,Tue,9:12,39,16,93,51.24709979,3,FALSE,21.3,70.3,9/10/2024 0:00,9/10/2024 0:00,0,0,0,21.4
Enatai,Bellevue,ENATAISB,9/17/2024,Tue,10:05,600,970,960,91.82629433,6,TRUE,19.6,67.3,9/17/2024 0:00,9/17/2024 0:00,0,19.2,26.1,16.6
Enatai,Bellevue,ENATAISB,9/23/2024,Mon,11:33,8,19,15,69.12853408,6,FALSE,20.1,68.2,9/23/2024 0:00,9/23/2024 0:00,0,1.6,2.5,21.9
Enatai,Bellevue,ENATAISB,9/30/2024,Mon,9:17,,,,,,,18.4,65.1,9/30/2024 0:00,9/30/2024 0:00,0.1,2.7,33.7,18.9
Enatai,Bellevue,ENATAISB,10/7/2024,Mon,12:09,,,,,,,18.1,64.6,10/7/2024 0:00,10/7/2024 0:00,0,14.9,16,23.3
Enatai,Bellevue,ENATAISB,10/15/2024,Tue,11:52,,,,,,,17,62.6,10/15/2024 0:00,10/15/2024 0:00,4.7,4.7,17.9,12.5
Enatai,Bellevue,ENATAISB,10/21/2024,Mon,9:31,,,,,,,15.6,60.1,10/21/2024 0:00,10/21/2024 0:00,4.9,22.4,49.2,12.6
Enatai,Bellevue,ENATAISB,5/13/2025,Tue,9:50,4,4,5,4.30886938,0,FALSE,15.3,59.5,5/13/2025 0:00,5/13/2025 0:00,0.4,5.7,6.4,16.3
Enatai,Bellevue,ENATAISB,5/20/2025,Tue,9:20,6,8,18,6.406201895,0,FALSE,13.7,56.7,5/20/2025 0:00,5/20/2025 0:00,4.8,34.2,46.4,14.2
Enatai,Bellevue,ENATAISB,5/28/2025,Wed,8:25,1,2800,130,14.30981112,1,TRUE,16.9,62.4,5/28/2025 0:00,5/28/2025 0:00,0,1.9,3.8,26.9
Enatai,Bellevue,ENATAISB,6/3/2025,Tue,10:00,1,1,48,10.1584831,1,FALSE,17.8,64,6/3/2025 0:00,6/3/2025 0:00,0,1.1,5.2,20.8
Enatai,Bellevue,ENATAISB,6/10/2025,Tue,8:42,39,130,130,15.60965043,1,FALSE,21.1,70,6/10/2025 0:00,6/10/2025 0:00,0,0,0.2,25.4
Enatai,Bellevue,ENATAISB,6/16/2025,Mon,10:11,12,13,260,23.6443316,1,FALSE,20.1,68.2,6/16/2025 0:00,6/16/2025 0:00,0,0.1,0.4,22.1
Enatai,Bellevue,ENATAISB,6/24/2025,Tue,10:10,69,110,80,36.60285062,1,FALSE,19.9,67.8,6/24/2025 0:00,6/24/2025 0:00,0,8,14.4,25.1
Enatai,Bellevue,ENATAISB,7/1/2025,Tue,9:09,120,28,330,39.42439448,1,TRUE,21,69.8,7/1/2025 0:00,7/1/2025 0:00,0,0.1,2.3,27.1
Enatai,Bellevue,ENATAISB,7/8/2025,Tue,9:17,1,3,11,38.45178853,1,FALSE,22.2,72,7/8/2025 0:00,7/8/2025 0:00,0,0,0,29.7
Enatai,Bellevue,ENATAISB,7/15/2025,Tue,9:12,20,25,48,30.83191788,1,FALSE,22.8,73,7/15/2025 0:00,7/15/2025 0:00,0,0,4.9,29.6
Enatai,Bellevue,ENATAISB,7/22/2025,Tue,8:59,2,4,10,20.35479236,1,FALSE,22.8,73,7/22/2025 0:00,7/22/2025 0:00,0,0,0,26
Enatai,Bellevue,ENATAISB,7/29/2025,Tue,9:26,3,7,15,12.29320893,1,FALSE,22.8,73,7/29/2025 0:00,7/29/2025 0:00,0,0.1,0.1,29.1
Enatai,Bellevue,ENATAISB,8/5/2025,Tue,8:58,350,600,3700,19.02697654,3,TRUE,22.2,72,8/5/2025 0:00,8/5/2025 0:00,0,0,0,25.9
Enatai,Bellevue,ENATAISB,8/12/2025,Tue,7:51,110,2400,1300,55.86914246,5,TRUE,22.2,72,8/12/2025 0:00,8/12/2025 0:00,0,0,20.6,31.8
Enatai,Bellevue,ENATAISB,8/19/2025,Tue,9:36,9,10,52,50.10037533,5,FALSE,22.3,72.1,8/19/2025 0:00,8/19/2025 0:00,0,4,39,23.1
Enatai,Bellevue,ENATAISB,8/26/2025,Tue,7:29,48,31,40,77.85368528,5,FALSE,23.2,73.8,8/26/2025 0:00,8/26/2025 0:00,0,0,0,29.2
Enatai,Bellevue,ENATAISB,9/3/2025,Wed,9:59,35,57,130,121.8010097,5,FALSE,23,73.4,9/3/2025 0:00,9/3/2025 0:00,0,1,3.2,26
Enatai,Bellevue,ENATAISB,9/9/2025,Tue,9:40,99,200,22,73.9427069,2,FALSE,22.7,72.9,9/9/2025 0:00,9/9/2025 0:00,0.1,0.7,0.7,22.7
Enatai,Bellevue,ENATAISB,9/16/2025,Tue,10:44,15,21,18,35.48932429,0,FALSE,21.4,70.5,9/16/2025 0:00,9/16/2025 0:00,0,3.9,4.2,29.4
Enatai,Bellevue,ENATAISB,9/22/2025,Mon,10:35,,,,,,,20.4,68.7,9/22/2025 0:00,9/22/2025 0:00,9.9,9.9,9.9,20.5
Enatai,Bellevue,ENATAISB,9/29/2025,Mon,13:19,,,,,,,19.9,67.8,9/29/2025 0:00,9/29/2025 0:00,0,0.7,0.7,16.9
Enatai,Bellevue,ENATAISB,10/6/2025,Mon,8:25,,,,,,,18.4,65.1,10/6/2025 0:00,,,,,
Enatai,Bellevue,ENATAISB,10/14/2025,Tue,11:39,,,,,,,17,62.6,10/14/2025 0:00,,,,,
Enatai,Bellevue,ENATAISB,10/20/2025,Mon,11:48,,,,,,,15.8,60.4,10/20/2025 0:00,,,,,
Enatai,Bellevue,ENATAISB,5/12/2026,Tue,8:55,2,3,2,2.289428485,0,FALSE,16.5,61.7,5/12/2026 0:00,,,,,
Enatai,Bellevue,ENATAISB,5/19/2026,Tue,9:15,420,10,9,8.765543332,1,TRUE,15.5,59.9,5/19/2026 0:00,,,,,
Enatai,Bellevue,ENATAISB,5/27/2026,Wed,9:06,3,6,1,5.861299994,1,FALSE,17.2,63,5/27/2026 0:00,,,,,
Enatai,Bellevue,ENATAISB,6/2/2026,Tue,9:20,190,110,99,12.65641148,1,FALSE,18,64.4,6/2/2026 0:00,,,,,
Enatai,Bellevue,ENATAISB,6/9/2026,Tue,12:25,330,350,360,24.53432427,4,TRUE,17.4,63.3,6/9/2026 0:00,,,,,
Enatai,Bellevue,ENATAISB,6/16/2026,Tue,10:26,1,14,3,26.67136876,4,FALSE,20.3,68.5,6/16/2026 0:00,,,,,
Enatai,Bellevue,ENATAISB,6/23/2026,Tue,9:00,160,240,290,38.96378446,3,FALSE,22,71.6,6/23/2026 0:00,,,,,
Enatai,Bellevue,ENATAISB,6/30/2026,Tue,9:12,4,8,21,49.59839048,3,FALSE,19.4,66.9,6/30/2026 0:00,,,,,
Enatai,Bellevue,ENATAISB,7/7/2026,Tue,10:03,6,2,12,26.20030322,3,FALSE,20.7,69.3,7/7/2026 0:00,,,,,
Fivemile Lake,King County Parks,A735SB,5/13/2024,Mon,11:17,44,36,32,37.00852007,0,FALSE,20.5,68.9,5/13/2024 0:00,5/13/2024 0:00,0,0,21.5,17.3
Fivemile Lake,King County Parks,A735SB,5/20/2024,Mon,11:59,5,7,20,18.12733104,0,FALSE,18.6,65.5,5/20/2024 0:00,5/20/2024 0:00,0.8,6,11.2,17.4
Fivemile Lake,King County Parks,A735SB,5/28/2024,Tue,12:01,19,36,36,21.2235475,0,FALSE,17.4,63.3,5/28/2024 0:00,5/28/2024 0:00,0,4.7,38.1,12.9
Fivemile Lake,King County Parks,A735SB,6/3/2024,Mon,12:32,47,95,97,29.16282441,0,FALSE,17.2,63,6/3/2024 0:00,6/3/2024 0:00,20.3,20.6,47.3,13.8
Fivemile Lake,King County Parks,A735SB,6/10/2024,Mon,11:29,17,130,250,35.86623738,0,FALSE,20.9,69.6,6/10/2024 0:00,6/10/2024 0:00,0.1,0.1,29.2,20.7
Fivemile Lake,King County Parks,A735SB,6/17/2024,Mon,8:19,36,45,41,36.51842732,0,FALSE,17.9,64.2,6/17/2024 0:00,6/17/2024 0:00,1.3,19.1,21.8,15.4
Fivemile Lake,King County Parks,A735SB,6/24/2024,Mon,12:11,41,17,21,44.72348815,0,FALSE,21.8,71.2,6/24/2024 0:00,6/24/2024 0:00,0.8,1.3,7.3,19.6
Fivemile Lake,King County Parks,A735SB,7/1/2024,Mon,8:23,46,53,44,49.3337566,0,FALSE,22,71.6,7/1/2024 0:00,7/1/2024 0:00,1.6,2.9,12.4,22.7
Fivemile Lake,King County Parks,A735SB,7/8/2024,Mon,8:35,110,210,110,55.51004993,0,FALSE,25,77,7/8/2024 0:00,7/8/2024 0:00,0,0,3.3,33.2
Fivemile Lake,King County Parks,A735SB,7/15/2024,Mon,8:57,47,23,45,47.20833458,0,FALSE,24.7,76.5,7/15/2024 0:00,7/15/2024 0:00,0,0,0,26.7
Fivemile Lake,King County Parks,A735SB,7/22/2024,Mon,8:52,8,15,36,39.34573579,0,FALSE,23.9,75,7/22/2024 0:00,7/22/2024 0:00,0,0,0,20.4
Fivemile Lake,King County Parks,A735SB,7/29/2024,Mon,10:03,27,35,32,41.29584137,0,FALSE,22.2,72,7/29/2024 0:00,7/29/2024 0:00,0,0,1,18.1
Fivemile Lake,King County Parks,A735SB,8/5/2024,Mon,9:40,25,30,29,37.12825269,0,FALSE,24.3,75.7,8/5/2024 0:00,8/5/2024 0:00,0,0,16.4,27.5
Fivemile Lake,King County Parks,A735SB,8/12/2024,Mon,11:31,33,38,47,28.88887035,0,FALSE,22.8,73,8/12/2024 0:00,8/12/2024 0:00,0,0,0,22.5
Fivemile Lake,King County Parks,A735SB,8/19/2024,Mon,11:57,42,27,120,30.93957184,0,FALSE,23.8,74.8,8/19/2024 0:00,8/19/2024 0:00,2.3,18.1,19.9,23.8
Fivemile Lake,King County Parks,A735SB,8/26/2024,Mon,9:28,23,20,59,34.97218006,0,FALSE,19.4,66.9,8/26/2024 0:00,8/26/2024 0:00,0.1,20.9,33.7,23.2
Fivemile Lake,King County Parks,A735SB,9/3/2024,Tue,9:09,98,110,280,47.5337823,0,FALSE,20.8,69.4,9/3/2024 0:00,9/3/2024 0:00,0.8,0.8,6.5,22.1
Fivemile Lake,King County Parks,A735SB,9/9/2024,Mon,9:56,310,370,300,77.67550168,1,TRUE,21.3,70.3,9/9/2024 0:00,9/9/2024 0:00,0,0,0.8,22
Fivemile Lake,King County Parks,A735SB,9/16/2024,Mon,9:29,1500,230,120,120.242426,2,TRUE,18.3,64.9,9/16/2024 0:00,9/16/2024 0:00,1.1,21.4,26.1,19.8
Fivemile Lake,King County Parks,A735SB,9/23/2024,Mon,13:21,45,35,13,105.9789724,2,FALSE,19.6,67.3,9/23/2024 0:00,9/23/2024 0:00,0,1.6,2.5,21.9
Fivemile Lake,King County Parks,A735SB,9/30/2024,Mon,10:34,,,,,,,16.7,62.1,9/30/2024 0:00,9/30/2024 0:00,0.1,2.7,33.7,18.9
Fivemile Lake,King County Parks,A735SB,10/7/2024,Mon,10:17,,,,,,,16.4,61.5,10/7/2024 0:00,10/7/2024 0:00,0,14.9,16,23.3
Fivemile Lake,King County Parks,A735SB,10/15/2024,Tue,10:15,,,,,,,15.3,59.5,10/15/2024 0:00,10/15/2024 0:00,4.7,4.7,17.9,12.5
Fivemile Lake,King County Parks,A735SB,10/21/2024,Mon,10:49,,,,,,,13.9,57,10/21/2024 0:00,10/21/2024 0:00,4.9,22.4,49.2,12.6
Fivemile Lake,King County Parks,A735SB,5/12/2025,Mon,12:43,140,100,35,78.83735163,0,FALSE,18.3,64.9,5/12/2025 0:00,5/12/2025 0:00,5.3,5.3,6,16.5
Fivemile Lake,King County Parks,A735SB,5/19/2025,Mon,12:05,13,12,13,31.58959115,0,FALSE,16.3,61.3,5/19/2025 0:00,5/19/2025 0:00,4.3,35,42,15
Fivemile Lake,King County Parks,A735SB,5/27/2025,Tue,13:06,65,36,32,34.77700737,0,FALSE,19.3,66.7,5/27/2025 0:00,5/27/2025 0:00,1.9,1.9,9.1,21.2
Fivemile Lake,King County Parks,A735SB,6/2/2025,Mon,12:04,42,160,61,42.04303712,0,FALSE,22.4,72.3,6/2/2025 0:00,6/2/2025 0:00,0,1.1,7.1,19
Fivemile Lake,King County Parks,A735SB,6/9/2025,Mon,12:18,44,70,280,49.50729314,0,FALSE,25.9,78.6,6/9/2025 0:00,6/9/2025 0:00,0,0,0.2,27.6
Fivemile Lake,King County Parks,A735SB,6/16/2025,Mon,9:42,9,41,63,40.40302701,0,FALSE,20.2,68.4,6/16/2025 0:00,6/16/2025 0:00,0,0.1,0.4,22.1
Fivemile Lake,King County Parks,A735SB,6/23/2025,Mon,9:16,20,2100,59,64.89573078,1,TRUE,19.4,66.9,6/23/2025 0:00,6/23/2025 0:00,0.2,13.1,14.4,23.7
Fivemile Lake,King County Parks,A735SB,6/30/2025,Mon,9:23,260,100,170,85.16998214,1,FALSE,22.7,72.9,6/30/2025 0:00,6/30/2025 0:00,0,0.7,2.3,27.6
Fivemile Lake,King County Parks,A735SB,7/7/2025,Mon,13:25,47,9,36,68.38320846,1,FALSE,24.1,75.4,7/7/2025 0:00,7/7/2025 0:00,0,0,0,27.6
Fivemile Lake,King County Parks,A735SB,7/14/2025,Mon,11:55,5,3,90,44.45539515,1,FALSE,26.3,79.3,7/14/2025 0:00,7/14/2025 0:00,0,0,4.9,26.2
Fivemile Lake,King County Parks,A735SB,7/21/2025,Mon,9:16,2,1,23,29.35512063,1,FALSE,22.2,72,7/21/2025 0:00,7/21/2025 0:00,0,0,0,25.3
Fivemile Lake,King County Parks,A735SB,7/28/2025,Mon,9:57,2,3,1,12.39616074,0,FALSE,23.1,73.6,7/28/2025 0:00,7/28/2025 0:00,0,0.1,0.1,27.2
Fivemile Lake,King County Parks,A735SB,8/4/2025,Mon,9:08,14,25,38,8.417487704,0,FALSE,21.8,71.2,8/4/2025 0:00,8/4/2025 0:00,0,0,0,23.2
Fivemile Lake,King County Parks,A735SB,8/11/2025,Mon,13:46,170,180,210,12.5951211,0,FALSE,,,8/11/2025 0:00,8/11/2025 0:00,0,0,20.6,29.5
Fivemile Lake,King County Parks,A735SB,8/18/2025,Mon,12:48,11,8,8,12.06011938,0,FALSE,23.3,73.9,8/18/2025 0:00,8/18/2025 0:00,0.2,36.5,39,22.1
Fivemile Lake,King County Parks,A735SB,8/25/2025,Mon,12:33,13,17,190,18.99812802,0,FALSE,26,78.8,8/25/2025 0:00,8/25/2025 0:00,0,0,0,30.2
Fivemile Lake,King County Parks,A735SB,9/2/2025,Tue,9:38,7,8,20,26.92249229,0,FALSE,20.5,68.9,9/2/2025 0:00,9/2/2025 0:00,0,1,3.2,24.8
Fivemile Lake,King County Parks,A735SB,9/8/2025,Mon,13:20,59,43,37,30.66855387,0,FALSE,22.2,72,9/8/2025 0:00,9/8/2025 0:00,0,0.6,0.6,22.5
Fivemile Lake,King County Parks,A735SB,9/15/2025,Mon,8:51,13,17,16,18.59508068,0,FALSE,19.1,66.4,9/15/2025 0:00,9/15/2025 0:00,3.9,4.2,4.3,20.2
Fivemile Lake,King County Parks,A735SB,9/22/2025,Mon,11:40,,,,,,,20,68,9/22/2025 0:00,9/22/2025 0:00,9.9,9.9,9.9,20.5
Fivemile Lake,King County Parks,A735SB,9/29/2025,Mon,12:15,,,,,,,18.9,66,9/29/2025 0:00,9/29/2025 0:00,0,0.7,0.7,16.9
Fivemile Lake,King County Parks,A735SB,10/6/2025,Mon,9:59,,,,,,,16.5,61.7,10/6/2025 0:00,,,,,
Fivemile Lake,King County Parks,A735SB,10/14/2025,Tue,9:48,,,,,,,13,55.4,10/14/2025 0:00,,,,,
Fivemile Lake,King County Parks,A735SB,10/20/2025,Mon,10:33,,,,,,,12.5,54.5,10/20/2025 0:00,,,,,
Fivemile Lake,King County Parks,A735SB,5/11/2026,Mon,12:54,18,13,240,38.29502579,0,FALSE,20.3,68.5,5/11/2026 0:00,,,,,
Fivemile Lake,King County Parks,A735SB,5/18/2026,Mon,12:57,1,1,4,7.796766267,0,FALSE,18.1,64.6,5/18/2026 0:00,,,,,
Fivemile Lake,King County Parks,A735SB,5/26/2026,Tue,9:24,12,14,19,9.637180585,0,FALSE,18.2,64.8,5/26/2026 0:00,,,,,
Fivemile Lake,King County Parks,A735SB,6/1/2026,Mon,9:20,61,59,63,15.28466874,0,FALSE,18.9,66,6/1/2026 0:00,,,,,
Fivemile Lake,King County Parks,A735SB,6/8/2026,Mon,13:14,3,5,3,11.41876124,0,FALSE,19.1,66.4,6/8/2026 0:00,,,,,
Fivemile Lake,King County Parks,A735SB,6/15/2026,Mon,9:27,12,32,17,9.892571442,0,FALSE,23.2,73.8,6/15/2026 0:00,,,,,
Fivemile Lake,King County Parks,A735SB,6/22/2026,Mon,9:22,28,99,44,19.69041741,0,FALSE,22.8,73,6/22/2026 0:00,,,,,
Fivemile Lake,King County Parks,A735SB,6/29/2026,Mon,9:00,6,5,7,16.42348621,0,FALSE,19.5,67.1,6/29/2026 0:00,,,,,
Fivemile Lake,King County Parks,A735SB,7/6/2026,Mon,12:23,140,150,5,15.60186361,0,FALSE,23.6,74.5,7/6/2026 0:00,,,,,
Fivemile Lake,King County Parks,A735SB,7/13/2026,Mon,0:00,120,69,18,26.78237987,0,FALSE,,,7/13/2026 0:00,,,,,
Gene Coulon,Renton,0828SB,5/13/2019,Mon,14:31,9,2,2,3.301927249,0,FALSE,19.1,66.4,5/13/2019 0:00,,,,,
Gene Coulon,Renton,0828SB,5/20/2019,Mon,15:28,4,6,1,3.086163688,0,FALSE,16,60.8,5/20/2019 0:00,,,,,
Gene Coulon,Renton,0828SB,5/28/2019,Tue,10:38,360,110,240,12.63578539,1,TRUE,17,62.6,5/28/2019 0:00,,,,,
Gene Coulon,Renton,0828SB,6/3/2019,Mon,14:06,40,780,120,23.65808934,2,TRUE,20.9,69.6,6/3/2019 0:00,,,,,
Gene Coulon,Renton,0828SB,6/10/2019,Mon,16:55,75,100,200,32.42822303,2,FALSE,21.7,71.1,6/10/2019 0:00,,,,,
Gene Coulon,Renton,0828SB,6/13/2019,Thu,7:08,3800,520,29,,,TRUE,,,6/13/2019 0:00,,,,,
Gene Coulon,Renton,0828SB,6/17/2019,Mon,15:34,23,51,200,58.23599746,2,FALSE,23.2,73.8,6/17/2019 0:00,,,,,
Gene Coulon,Renton,0828SB,6/20/2019,Thu,7:05,360,150,120,,,TRUE,18.1,64.6,6/20/2019 0:00,,,,,
Gene Coulon,Renton,0828SB,6/24/2019,Mon,14:40,89,250,160,128.8073866,2,FALSE,21.7,71.1,6/24/2019 0:00,,,,,
Gene Coulon,Renton,0828SB,6/26/2019,Wed,13:00,2700,9300,4400,,,TRUE,22,71.6,6/26/2019 0:00,,,,,
Gene Coulon,Renton,0828SB,7/1/2019,Mon,11:50,110,68,75,106.6623622,1,FALSE,22.8,73,7/1/2019 0:00,,,,,
Gene Coulon,Renton,0828SB,7/2/2019,Tue,9:22,86,50,32,,,FALSE,21.4,70.5,7/2/2019 0:00,,,,,
Gene Coulon,Renton,0828SB,7/8/2019,Mon,13:45,270,3,430,91.0442187,1,TRUE,21.7,71.1,7/8/2019 0:00,,,,,
Gene Coulon,Renton,0828SB,7/11/2019,Thu,7:28,510,450,120,,,TRUE,20.4,68.7,7/11/2019 0:00,,,,,
Gene Coulon,Renton,0828SB,7/15/2019,Mon,13:27,120,97,95,89.21229842,1,FALSE,23.7,74.7,7/15/2019 0:00,,,,,
Gene Coulon,Renton,0828SB,7/18/2019,Thu,8:56,970,94,42,,,TRUE,18.5,65.3,7/18/2019 0:00,,,,,
Gene Coulon,Renton,0828SB,7/22/2019,Mon,14:20,16,22,220,82.85789278,1,FALSE,24.2,75.6,7/22/2019 0:00,,,,,
Gene Coulon,Renton,0828SB,7/25/2019,Thu,7:10,170,36,48,,,FALSE,22.3,72.1,7/25/2019 0:00,,,,,
Gene Coulon,Renton,0828SB,7/29/2019,Mon,12:39,24,800,400,87.21569228,3,TRUE,22.6,72.7,7/29/2019 0:00,,,,,
Gene Coulon,Renton,0828SB,8/5/2019,Mon,14:48,2000,2800,840,159.2801279,6,TRUE,26.2,79.2,8/5/2019 0:00,,,,,
Gene Coulon,Renton,0828SB,8/8/2019,Thu,9:07,860,57,58,,,TRUE,23.2,73.8,8/8/2019 0:00,,,,,
Gene Coulon,Renton,0828SB,8/12/2019,Mon,13:48,14,11000,7000,272.1902816,7,TRUE,25.3,77.5,8/12/2019 0:00,,,,,
Gene Coulon,Renton,0828SB,8/15/2019,Thu,7:40,230,81,59,,,FALSE,24,75.2,8/15/2019 0:00,,,,,
Gene Coulon,Renton,0828SB,8/19/2019,Mon,13:32,23,290,1400,313.7938545,8,TRUE,23.7,74.7,8/19/2019 0:00,,,,,
Gene Coulon,Renton,0828SB,8/22/2019,Thu,8:47,530,220,300,,,TRUE,22.3,72.1,8/22/2019 0:00,,,,,
Gene Coulon,Renton,0828SB,8/26/2019,Mon,13:14,81,720,19000,593.8610183,10,TRUE,24.8,76.6,8/26/2019 0:00,,,,,
Gene Coulon,Renton,0828SB,8/29/2019,Thu,9:23,91,260,490,,,TRUE,22.4,72.3,8/29/2019 0:00,,,,,
Gene Coulon,Renton,0828SB,9/3/2019,Tue,9:56,15,23,54,397.5040834,8,FALSE,22.9,73.2,9/3/2019 0:00,,,,,
Gene Coulon,Renton,0828SB,9/5/2019,Thu,10:31,48,28,32,,,FALSE,22.9,73.2,9/5/2019 0:00,,,,,
Gene Coulon,Renton,0828SB,9/9/2019,Mon,17:08,180,100,92,233.9453742,5,FALSE,22.1,71.8,9/9/2019 0:00,,,,,
Gene Coulon,Renton,0828SB,9/16/2019,Mon,14:44,23,75,110,131.4675785,3,FALSE,20.5,68.9,9/16/2019 0:00,,,,,
Gene Coulon,Renton,0828SB,9/23/2019,Mon,12:08,,,,,,,19.2,66.6,9/23/2019 0:00,,,,,
Gene Coulon,Renton,0828SB,9/30/2019,Mon,9:26,,,,,,,17.2,63,9/30/2019 0:00,,,,,
Gene Coulon,Renton,0828SB,10/7/2019,Mon,10:53,,,,,,,16.6,61.9,10/7/2019 0:00,,,,,
Gene Coulon,Renton,0828SB,10/14/2019,Mon,9:55,,,,,,,14.7,58.5,10/14/2019 0:00,,,,,
Gene Coulon,Renton,0828SB,10/21/2019,Mon,9:52,,,,,,,12.9,55.2,10/21/2019 0:00,,,,,
Gene Coulon,Renton,0828SB,5/12/2020,Tue,12:06,11,6,9,8.406117992,0,FALSE,16.6,61.9,5/12/2020 0:00,5/12/2020 0:00,2.7,2.7,19.9,18.8
Gene Coulon,Renton,0828SB,5/19/2020,Tue,12:15,66,310,13,23.2508716,0,FALSE,16.7,62.1,5/19/2020 0:00,5/19/2020 0:00,0.1,18.3,41.2,16.9
Gene Coulon,Renton,0828SB,5/26/2020,Tue,12:27,29,14,32,23.33643998,0,FALSE,16.5,61.7,5/26/2020 0:00,5/26/2020 0:00,11.1,12.3,32.2,17.7
Gene Coulon,Renton,0828SB,6/2/2020,Tue,12:27,48,740,110,37.61387614,1,TRUE,18.4,65.1,6/2/2020 0:00,6/2/2020 0:00,0,24.3,25,18.4
Gene Coulon,Renton,0828SB,6/9/2020,Tue,12:25,32,15,51,35.71625374,1,FALSE,13,55.4,6/9/2020 0:00,6/9/2020 0:00,1.1,23.3,25.5,16.9
Gene Coulon,Renton,0828SB,6/16/2020,Tue,10:31,41,58,32,49.35951971,1,FALSE,15.3,59.5,6/16/2020 0:00,6/16/2020 0:00,10.4,19,45.5,16.6
Gene Coulon,Renton,0828SB,6/23/2020,Tue,12:46,280,260,72,60.21138052,1,FALSE,21.9,71.4,6/23/2020 0:00,6/23/2020 0:00,0,3.9,6.3,27.2
Gene Coulon,Renton,0828SB,6/30/2020,Tue,10:31,360,12,7,63.69993216,2,TRUE,19.8,67.6,6/30/2020 0:00,6/30/2020 0:00,0,12.9,14.9,17.5
Gene Coulon,Renton,0828SB,7/7/2020,Tue,8:55,120,71,8,48.63137688,1,FALSE,19.3,66.7,7/7/2020 0:00,7/7/2020 0:00,0.1,0.1,6.2,16.8
Gene Coulon,Renton,0828SB,7/14/2020,Tue,11:10,87,86,180,63.52555755,1,FALSE,21.1,70,7/14/2020 0:00,7/14/2020 0:00,0,2.1,9.8,24.4
Gene Coulon,Renton,0828SB,7/21/2020,Tue,12:05,110,170,460,87.06247173,2,TRUE,24.5,76.1,7/21/2020 0:00,7/21/2020 0:00,0,0,5.4,28.2
Gene Coulon,Renton,0828SB,7/28/2020,Tue,11:34,520,260,520,103.5139156,4,TRUE,24.2,75.6,7/28/2020 0:00,7/28/2020 0:00,0,0,2.5,28.3
Gene Coulon,Renton,0828SB,8/4/2020,Tue,13:01,28,110,460,133.776713,4,TRUE,25.6,78.1,8/4/2020 0:00,8/4/2020 0:00,0.4,0.4,0.4,26.5
Gene Coulon,Renton,0828SB,8/11/2020,Tue,12:45,59,13000,3300,269.7941337,6,TRUE,24.1,75.4,8/11/2020 0:00,8/11/2020 0:00,0,1.2,16.6,23.8
Gene Coulon,Renton,0828SB,8/18/2020,Tue,12:58,43,48,210,250.1545582,6,FALSE,24.2,75.6,8/18/2020 0:00,8/18/2020 0:00,0,0,0.1,25.7
Gene Coulon,Renton,0828SB,8/25/2020,Tue,11:16,22,33,5000,236.1722679,6,TRUE,24.4,75.9,8/25/2020 0:00,8/25/2020 0:00,0,8.4,17.3,23
Gene Coulon,Renton,0828SB,9/1/2020,Tue,12:38,8,12,54,125.2394727,4,FALSE,23.4,74.1,9/1/2020 0:00,9/1/2020 0:00,0.4,0.7,0.7,25.4
Gene Coulon,Renton,0828SB,9/8/2020,Tue,12:40,16,47,3,81.50981992,3,FALSE,23,73.4,9/8/2020 0:00,9/8/2020 0:00,0,0.1,0.1,26.5
Gene Coulon,Renton,0828SB,9/22/2020,Tue,11:40,,,,,,,21.5,70.7,9/22/2020 0:00,9/22/2020 0:00,1.7,8.9,17.2,20.9
Gene Coulon,Renton,0828SB,9/29/2020,Tue,11:13,,,,,,,18.3,64.9,9/29/2020 0:00,9/29/2020 0:00,0,11.7,102.4,24
Gene Coulon,Renton,0828SB,10/6/2020,Tue,11:57,,,,,,,18.6,65.5,10/6/2020 0:00,10/6/2020 0:00,0,0.6,0.8,21.6
Gene Coulon,Renton,0828SB,10/13/2020,Tue,11:43,,,,,,,16.1,61,10/13/2020 0:00,10/13/2020 0:00,8.1,62.8,67.3,15.4
Gene Coulon,Renton,0828SB,10/20/2020,Tue,11:25,,,,,,,15.2,59.4,10/20/2020 0:00,10/20/2020 0:00,4,17.5,38.6,13
Gene Coulon,Renton,0828SB,10/27/2020,Tue,11:25,,,,,,,13.8,56.8,10/27/2020 0:00,10/27/2020 0:00,0,0.6,23.4,12
Gene Coulon,Renton,0828SB,5/18/2021,Tue,12:43,5,35,130,28.33525554,0,FALSE,14.5,58.1,5/18/2021 0:00,5/18/2021 0:00,4.1,4.1,4.3,13.8
Gene Coulon,Renton,0828SB,5/25/2021,Tue,10:11,57,480,69,59.1776567,1,TRUE,14.8,58.6,5/25/2021 0:00,5/25/2021 0:00,7.6,9.7,31.6,17.8
Gene Coulon,Renton,0828SB,6/1/2021,Tue,12:30,26,31,53,49.65361047,1,FALSE,19.6,67.3,6/1/2021 0:00,6/1/2021 0:00,0,0,20,29.1
Gene Coulon,Renton,0828SB,6/8/2021,Tue,11:50,130,3,3,33.70119338,1,FALSE,17.3,63.1,6/8/2021 0:00,6/8/2021 0:00,8,38.1,38.1,18
Gene Coulon,Renton,0828SB,6/15/2021,Tue,12:28,63,1400,80,47.71850131,2,TRUE,18.4,65.1,6/15/2021 0:00,6/15/2021 0:00,9,36.3,41.7,18.7
Gene Coulon,Renton,0828SB,6/22/2021,Tue,12:07,49,11,9,43.04705583,2,FALSE,23.2,73.8,6/22/2021 0:00,6/22/2021 0:00,0,0,5,26.2
Gene Coulon,Renton,0828SB,6/29/2021,Tue,12:38,140,110,74,41.62260626,1,FALSE,27.7,81.9,6/29/2021 0:00,6/29/2021 0:00,0,0,0,32.5
Gene Coulon,Renton,0828SB,7/6/2021,Tue,10:15,21,100,27,42.41577571,1,FALSE,23.6,74.5,7/6/2021 0:00,7/6/2021 0:00,0,0,2.6,28
Gene Coulon,Renton,0828SB,7/13/2021,Tue,12:24,16,47,39,52.57757113,1,FALSE,25.9,78.6,7/13/2021 0:00,7/13/2021 0:00,0,0,0.7,27.7
Gene Coulon,Renton,0828SB,7/20/2021,Tue,12:34,32,220,12,39.14535252,0,FALSE,23.2,73.8,7/20/2021 0:00,7/20/2021 0:00,0,0,1.4,23.1
Gene Coulon,Renton,0828SB,7/27/2021,Tue,10:25,69,41,140,52.49793116,0,FALSE,24.8,76.6,7/27/2021 0:00,7/27/2021 0:00,0,0,0.1,27.5
Gene Coulon,Renton,0828SB,8/3/2021,Tue,12:38,10,14,29,36.0518118,0,FALSE,26,78.8,8/3/2021 0:00,8/3/2021 0:00,0,4.2,4.2,29.3
Gene Coulon,Renton,0828SB,8/10/2021,Tue,12:46,2,10,29,26.56134671,0,FALSE,23.9,75,8/10/2021 0:00,8/10/2021 0:00,0,9.4,15.2,27
Gene Coulon,Renton,0828SB,8/17/2021,Tue,11:37,10,7,10,20.70639353,0,FALSE,23.1,73.6,8/17/2021 0:00,8/17/2021 0:00,2.7,2.7,2.7,18.9
Gene Coulon,Renton,0828SB,8/24/2021,Tue,11:46,6,5,10,14.21659594,0,FALSE,22.1,71.8,8/24/2021 0:00,8/24/2021 0:00,0,0.2,2.2,25.1
Gene Coulon,Renton,0828SB,8/31/2021,Tue,11:40,16,4,11,9.320725802,0,FALSE,21.9,71.4,8/31/2021 0:00,8/31/2021 0:00,2,2,9.4,16.7
Gene Coulon,Renton,0828SB,9/7/2021,Tue,12:08,1,9,73,8.255036942,0,FALSE,22,71.6,9/7/2021 0:00,9/7/2021 0:00,0.9,1.9,3.1,26.4
Gene Coulon,Renton,0828SB,9/14/2021,Tue,10:40,73,260,2000,17.28935938,1,TRUE,20.9,69.6,9/14/2021 0:00,9/14/2021 0:00,0,7,10.4,17.6
Gene Coulon,Renton,0828SB,9/21/2021,Tue,12:43,63,30,100,25.11133602,1,FALSE,20.1,68.2,9/21/2021 0:00,9/21/2021 0:00,0.8,49.8,71.3,24
Gene Coulon,Renton,0828SB,9/28/2021,Tue,11:17,,,,,,,17.1,62.8,9/28/2021 0:00,9/28/2021 0:00,13.3,23.6,23.9,14.5
Gene Coulon,Renton,0828SB,10/5/2021,Tue,11:27,,,,,,,16.5,61.7,10/5/2021 0:00,10/5/2021 0:00,0,1.5,34.3,13.3
Gene Coulon,Renton,0828SB,10/12/2021,Tue,10:20,,,,,,,15.3,59.5,10/12/2021 0:00,10/12/2021 0:00,1.9,28.2,53.9,11.1
Gene Coulon,Renton,0828SB,10/19/2021,Tue,11:35,,,,,,,15,59,10/19/2021 0:00,10/19/2021 0:00,0.7,3.2,28.1,15.9
Gene Coulon,Renton,0828SB,10/26/2021,Tue,11:59,,,,,,,9.9,49.8,10/26/2021 0:00,10/26/2021 0:00,6.2,17.8,39,12.4
Gene Coulon,Renton,0828SB,5/16/2022,Mon,12:45,26,5,10,10.91392883,0,FALSE,12.8,55,5/16/2022 0:00,5/16/2022 0:00,18.9,32.1,50.1,15
Gene Coulon,Renton,0828SB,5/23/2022,Mon,12:21,9,5,54,12.11318279,0,FALSE,16.4,61.5,5/23/2022 0:00,5/23/2022 0:00,0,0.8,20.2,17.6
Gene Coulon,Renton,0828SB,5/31/2022,Tue,11:19,26,24,22,15.2021958,0,FALSE,14.7,58.5,5/31/2022 0:00,5/31/2022 0:00,2,15.3,44.6,20
Gene Coulon,Renton,0828SB,6/6/2022,Mon,11:41,79,65,39,21.29267193,0,FALSE,16.1,61,6/6/2022 0:00,6/6/2022 0:00,27.2,53.2,56.2,16
Gene Coulon,Renton,0828SB,6/13/2022,Mon,12:50,55,32,110,26.00425924,0,FALSE,15.6,60.1,6/13/2022 0:00,6/13/2022 0:00,6.1,14,42,15.3
Gene Coulon,Renton,0828SB,6/21/2022,Tue,10:59,410,55,64,41.50209608,1,TRUE,18.4,65.1,6/21/2022 0:00,6/21/2022 0:00,1.4,4.4,20.6,23.4
Gene Coulon,Renton,0828SB,6/27/2022,Mon,12:15,380,110,58,65.7662731,2,TRUE,22.5,72.5,6/27/2022 0:00,6/27/2022 0:00,0,0,3.9,31.6
Gene Coulon,Renton,0828SB,7/5/2022,Tue,11:16,24,19,64,69.15746538,2,FALSE,20.7,69.3,7/5/2022 0:00,7/5/2022 0:00,0.5,10,11.7,24.2
Gene Coulon,Renton,0828SB,7/11/2022,Mon,10:49,47,43,65,67.24046514,2,FALSE,23.3,73.9,7/11/2022 0:00,7/11/2022 0:00,0,1.7,9.4,28.3
Gene Coulon,Renton,0828SB,7/18/2022,Mon,13:07,740,240,580,102.1790238,4,TRUE,22,71.6,7/18/2022 0:00,7/18/2022 0:00,0.4,1,1,21.5
Gene Coulon,Renton,0828SB,7/25/2022,Mon,12:27,220,900,600,137.1074574,5,TRUE,24.7,76.5,7/25/2022 0:00,7/25/2022 0:00,0,0.2,0.2,30.6
Gene Coulon,Renton,0828SB,8/1/2022,Mon,12:42,360,350,770,175.3388728,7,TRUE,28.5,83.3,8/1/2022 0:00,8/1/2022 0:00,0,0,0,29
Gene Coulon,Renton,0828SB,8/8/2022,Mon,11:11,460,4200,3200,397.1418877,10,TRUE,25.1,77.2,8/8/2022 0:00,8/8/2022 0:00,0,0,1.3,32
Gene Coulon,Renton,0828SB,8/15/2022,Mon,11:13,400,650,320,610.5509896,12,TRUE,24.7,76.5,8/15/2022 0:00,8/15/2022 0:00,0,0,2.9,27.8
Gene Coulon,Renton,0828SB,8/22/2022,Mon,10:26,41,180,80,432.7864274,10,FALSE,24.4,75.9,8/22/2022 0:00,8/22/2022 0:00,0,0.6,0.6,27.7
Gene Coulon,Renton,0828SB,8/29/2022,Mon,12:13,32,19,66,254.0089606,8,FALSE,24.2,75.6,8/29/2022 0:00,8/29/2022 0:00,0,6.5,6.5,27.8
Gene Coulon,Renton,0828SB,9/6/2022,Tue,10:58,9,14,11,120.7375896,5,FALSE,22.3,72.1,9/6/2022 0:00,9/6/2022 0:00,0.4,2.1,2.1,25.4
Gene Coulon,Renton,0828SB,9/12/2022,Mon,11:29,7,5,1,34.04368507,2,FALSE,21.9,71.4,9/12/2022 0:00,9/12/2022 0:00,1.7,1.7,2.1,23.5
Gene Coulon,Renton,0828SB,9/19/2022,Mon,12:50,7,12,23,16.71458061,0,FALSE,22.1,71.8,9/19/2022 0:00,9/19/2022 0:00,3.2,5.8,7.6,23.9
Gene Coulon,Renton,0828SB,9/26/2022,Mon,10:30,,,,,,,20.3,68.5,9/26/2022 0:00,9/26/2022 0:00,0,0,0.4,27.7
Gene Coulon,Renton,0828SB,10/3/2022,Mon,10:51,,,,,,,19.9,67.8,10/3/2022 0:00,10/3/2022 0:00,0,0,2.4,25.8
Gene Coulon,Renton,0828SB,10/11/2022,Tue,11:09,,,,,,,18.9,66,10/11/2022 0:00,10/11/2022 0:00,0,0,0,19.1
Gene Coulon,Renton,0828SB,10/17/2022,Mon,10:51,,,,,,,18.3,64.9,10/17/2022 0:00,10/17/2022 0:00,0,0,0,21
Gene Coulon,Renton,0828SB,10/24/2022,Mon,10:51,,,,,,,16,60.8,10/24/2022 0:00,10/24/2022 0:00,0.5,23,24.3,12.1
Gene Coulon,Renton,0828SB,5/15/2023,Mon,10:52,67,35,24,38.32228205,0,FALSE,21.3,70.3,5/15/2023 0:00,5/15/2023 0:00,0,0,0.2,31.3
Gene Coulon,Renton,0828SB,5/22/2023,Mon,11:11,170,41,17,43.38496966,0,FALSE,19.5,67.1,5/22/2023 0:00,5/22/2023 0:00,2.5,5.7,6.4,16.3
Gene Coulon,Renton,0828SB,5/30/2023,Tue,12:47,14,9,67,33.71562675,0,FALSE,19.6,67.3,5/30/2023 0:00,5/30/2023 0:00,0.5,0.5,0.8,15.1
Gene Coulon,Renton,0828SB,6/5/2023,Mon,13:13,27,67,160,39.90279409,0,FALSE,21.7,71.1,6/5/2023 0:00,6/5/2023 0:00,0,0,1.9,20.6
Gene Coulon,Renton,0828SB,6/12/2023,Mon,12:55,2000,130,58,57.4596181,1,TRUE,21.4,70.5,6/12/2023 0:00,6/12/2023 0:00,0.2,12.4,12.4,26.6
Gene Coulon,Renton,0828SB,6/20/2023,Tue,9:36,260,50,110,71.28993166,1,FALSE,17.6,63.7,6/20/2023 0:00,6/20/2023 0:00,1.1,14.6,23,13.1
Gene Coulon,Renton,0828SB,6/26/2023,Mon,10:45,150,230,53,85.55703969,1,FALSE,20.7,69.3,6/26/2023 0:00,6/26/2023 0:00,0,0.2,6.4,24.1
Gene Coulon,Renton,0828SB,7/5/2023,Wed,10:39,86,23,46,111.2332701,1,FALSE,24.4,75.9,7/5/2023 0:00,7/5/2023 0:00,0,0,0,31.4
Gene Coulon,Renton,0828SB,7/10/2023,Mon,13:27,560,350,22,120.0327292,3,TRUE,22.2,72,7/10/2023 0:00,7/10/2023 0:00,0,0,0,20.6
Gene Coulon,Renton,0828SB,7/17/2023,Mon,8:50,550,27,16,91.01843293,3,TRUE,23.6,74.5,7/17/2023 0:00,7/17/2023 0:00,0,0,0.4,24.3
Gene Coulon,Renton,0828SB,7/24/2023,Mon,13:09,27,75,230,84.45988305,3,FALSE,24.1,75.4,7/24/2023 0:00,7/24/2023 0:00,0,0,1.1,22.6
Gene Coulon,Renton,0828SB,7/31/2023,Mon,12:06,19,1,9,45.5034039,3,FALSE,23.6,74.5,7/31/2023 0:00,7/31/2023 0:00,0,0,9.6,25.1
Gene Coulon,Renton,0828SB,8/7/2023,Mon,12:08,75,26,55,46.00497131,3,FALSE,23.8,74.8,8/7/2023 0:00,8/7/2023 0:00,0,0.6,0.6,24.3
Gene Coulon,Renton,0828SB,8/14/2023,Mon,11:36,25,240,77,39.64018255,1,FALSE,25.6,78.1,8/14/2023 0:00,8/14/2023 0:00,0,0,6.6,33.1
Gene Coulon,Renton,0828SB,8/21/2023,Mon,10:50,1,6,3,21.05865924,0,FALSE,23.8,74.8,8/21/2023 0:00,8/21/2023 0:00,0,0,0,24.7
Gene Coulon,Renton,0828SB,8/28/2023,Mon,10:54,4,5,7,12.26391302,0,FALSE,23,73.4,8/28/2023 0:00,8/28/2023 0:00,0,0.7,10.2,24.3
Gene Coulon,Renton,0828SB,9/5/2023,Tue,12:29,95,87,50,20.61469175,0,FALSE,21.4,70.5,9/5/2023 0:00,9/5/2023 0:00,1,2.2,30,18.7
Gene Coulon,Renton,0828SB,9/11/2023,Mon,10:57,6,1,12,12.66599148,0,FALSE,21.5,70.7,9/11/2023 0:00,9/11/2023 0:00,0,0,1,20.2
Gene Coulon,Renton,0828SB,9/18/2023,Mon,12:53,4,4,2,6.688669316,0,FALSE,21.2,70.2,9/18/2023 0:00,9/18/2023 0:00,0,0,3.9,18.2
Gene Coulon,Renton,0828SB,9/25/2023,Mon,9:28,,,,,,,18.5,65.3,9/25/2023 0:00,9/25/2023 0:00,8,12.1,27.5,15.3
Gene Coulon,Renton,0828SB,10/2/2023,Mon,11:23,,,,,,,17.1,62.8,10/2/2023 0:00,10/2/2023 0:00,0,0.1,77.4,14.1
Gene Coulon,Renton,0828SB,10/10/2023,Tue,14:02,,,,,,,,,10/10/2023 0:00,10/10/2023 0:00,2.1,2.1,2.9,16.2
Gene Coulon,Renton,0828SB,10/16/2023,Mon,10:48,,,,,,,16.2,61.2,10/16/2023 0:00,10/16/2023 0:00,2.6,7.9,31.9,16
Gene Coulon,Renton,0828SB,10/23/2023,Mon,9:58,,,,,,,15,59,10/23/2023 0:00,10/23/2023 0:00,0.3,1.3,19.6,13
Gene Coulon,Renton,0828SB,5/13/2024,Mon,10:08,420,20,32,64.53714584,1,TRUE,17.6,63.7,5/13/2024 0:00,5/13/2024 0:00,0,0,21.5,17.3
Gene Coulon,Renton,0828SB,5/20/2024,Mon,10:30,9,5,9,21.85147283,1,FALSE,15,59,5/20/2024 0:00,5/20/2024 0:00,0.8,6,11.2,17.4
Gene Coulon,Renton,0828SB,5/28/2024,Tue,10:27,94,61,66,32.5660512,1,FALSE,14.2,57.6,5/28/2024 0:00,5/28/2024 0:00,0,4.7,38.1,12.9
Gene Coulon,Renton,0828SB,6/3/2024,Mon,10:58,110,120,260,47.77522773,1,FALSE,14.3,57.7,6/3/2024 0:00,6/3/2024 0:00,20.3,20.6,47.3,13.8
Gene Coulon,Renton,0828SB,6/10/2024,Mon,9:42,160,550,120,64.80469544,2,TRUE,17.6,63.7,6/10/2024 0:00,6/10/2024 0:00,0.1,0.1,29.2,20.7
Gene Coulon,Renton,0828SB,6/17/2024,Mon,9:49,12,120,140,63.57366145,1,FALSE,15.7,60.3,6/17/2024 0:00,6/17/2024 0:00,1.3,19.1,21.8,15.4
Gene Coulon,Renton,0828SB,6/24/2024,Mon,10:37,120,280,24,105.4913681,1,FALSE,17.5,63.5,6/24/2024 0:00,6/24/2024 0:00,0.8,1.3,7.3,19.6
Gene Coulon,Renton,0828SB,7/1/2024,Mon,9:42,83,84,100,109.8771303,1,FALSE,20.3,68.5,7/1/2024 0:00,7/1/2024 0:00,1.6,2.9,12.4,22.7
Gene Coulon,Renton,0828SB,7/8/2024,Mon,10:01,110,90,68,98.57053114,1,FALSE,25.3,77.5,7/8/2024 0:00,7/8/2024 0:00,0,0,3.3,33.2
Gene Coulon,Renton,0828SB,7/15/2024,Mon,10:32,28,12,9,57.21917889,0,FALSE,25,77,7/15/2024 0:00,7/15/2024 0:00,0,0,0,26.7
Gene Coulon,Renton,0828SB,7/22/2024,Mon,10:24,15,46,110,53.61155094,0,FALSE,24.3,75.7,7/22/2024 0:00,7/22/2024 0:00,0,0,0,20.4
Gene Coulon,Renton,0828SB,7/29/2024,Mon,11:44,320,98,18,52.35179461,0,FALSE,22.7,72.9,7/29/2024 0:00,7/29/2024 0:00,0,0,1,18.1
Gene Coulon,Renton,0828SB,8/5/2024,Mon,10:31,150,260,300,63.18104519,0,FALSE,24.3,75.7,8/5/2024 0:00,8/5/2024 0:00,0,0,16.4,27.5
Gene Coulon,Renton,0828SB,8/12/2024,Mon,10:13,110,240,650,78.40522723,1,TRUE,22.9,73.2,8/12/2024 0:00,8/12/2024 0:00,0,0,0,22.5
Gene Coulon,Renton,0828SB,8/19/2024,Mon,10:24,200,360,330,142.5703868,3,TRUE,23.4,74.1,8/19/2024 0:00,8/19/2024 0:00,2.3,18.1,19.9,23.8
Gene Coulon,Renton,0828SB,8/26/2024,Mon,11:29,120,280,980,213.7228218,4,TRUE,21.1,70,8/26/2024 0:00,8/26/2024 0:00,0.1,20.9,33.7,23.2
Gene Coulon,Renton,0828SB,9/3/2024,Tue,10:33,1300,9300,3400,450.8180992,7,TRUE,21.5,70.7,9/3/2024 0:00,9/3/2024 0:00,0.8,0.8,6.5,22.1
Gene Coulon,Renton,0828SB,9/9/2024,Mon,11:16,26,470,2500,480.6065666,9,TRUE,21.9,71.4,9/9/2024 0:00,9/9/2024 0:00,0,0,0.8,22
Gene Coulon,Renton,0828SB,9/16/2024,Mon,10:47,2400,230,50,496.0770704,9,TRUE,19.7,67.5,9/16/2024 0:00,9/16/2024 0:00,1.1,21.4,26.1,19.8
Gene Coulon,Renton,0828SB,9/23/2024,Mon,12:43,220,63,65,398.8453168,7,FALSE,20.1,68.2,9/23/2024 0:00,9/23/2024 0:00,0,1.6,2.5,21.9
Gene Coulon,Renton,0828SB,9/30/2024,Mon,9:58,,,,,,,18,64.4,9/30/2024 0:00,9/30/2024 0:00,0.1,2.7,33.7,18.9
Gene Coulon,Renton,0828SB,10/7/2024,Mon,11:09,,,,,,,17.7,63.9,10/7/2024 0:00,10/7/2024 0:00,0,14.9,16,23.3
Gene Coulon,Renton,0828SB,10/15/2024,Tue,11:05,,,,,,,16.6,61.9,10/15/2024 0:00,10/15/2024 0:00,4.7,4.7,17.9,12.5
Gene Coulon,Renton,0828SB,10/21/2024,Mon,11:56,,,,,,,15.1,59.2,10/21/2024 0:00,10/21/2024 0:00,4.9,22.4,49.2,12.6
Gene Coulon,Renton,0828SB,5/12/2025,Mon,10:31,56,140,81,85.95418508,0,FALSE,14.8,58.6,5/12/2025 0:00,5/12/2025 0:00,5.3,5.3,6,16.5
Gene Coulon,Renton,0828SB,5/19/2025,Mon,10:27,960,1100,350,248.3641115,3,TRUE,14.3,57.7,5/19/2025 0:00,5/19/2025 0:00,4.3,35,42,15
Gene Coulon,Renton,0828SB,5/27/2025,Tue,11:04,27,13,51,117.2918443,3,FALSE,16.2,61.2,5/27/2025 0:00,5/27/2025 0:00,1.9,1.9,9.1,21.2
Gene Coulon,Renton,0828SB,6/2/2025,Mon,11:03,28,25,140,92.87233563,3,FALSE,19,66.2,6/2/2025 0:00,6/2/2025 0:00,0,1.1,7.1,19
Gene Coulon,Renton,0828SB,6/9/2025,Mon,11:12,16,27,31,70.70206908,3,FALSE,23.6,74.5,6/9/2025 0:00,6/9/2025 0:00,0,0,0.2,27.6
Gene Coulon,Renton,0828SB,6/16/2025,Mon,11:35,45,6,2,44.13044452,3,FALSE,20.5,68.9,6/16/2025 0:00,6/16/2025 0:00,0,0.1,0.4,22.1
Gene Coulon,Renton,0828SB,6/23/2025,Mon,11:02,68,86,61,27.77870428,0,FALSE,20.1,68.2,6/23/2025 0:00,6/23/2025 0:00,0.2,13.1,14.4,23.7
Gene Coulon,Renton,0828SB,6/30/2025,Mon,11:13,120,47,38,32.77864613,0,FALSE,22.7,72.9,6/30/2025 0:00,6/30/2025 0:00,0,0.7,2.3,27.6
Gene Coulon,Renton,0828SB,7/7/2025,Mon,11:38,8,10,19,24.82935927,0,FALSE,23.6,74.5,7/7/2025 0:00,7/7/2025 0:00,0,0,0,27.6
Gene Coulon,Renton,0828SB,7/14/2025,Mon,10:13,3,12,6,18.85700574,0,FALSE,24.4,75.9,7/14/2025 0:00,7/14/2025 0:00,0,0,4.9,26.2
Gene Coulon,Renton,0828SB,7/21/2025,Mon,11:02,15,11,59,22.86663255,0,FALSE,23.7,74.7,7/21/2025 0:00,7/21/2025 0:00,0,0,0,25.3
Gene Coulon,Renton,0828SB,7/28/2025,Mon,11:31,75,210,17,22.43339646,0,FALSE,24.5,76.1,7/28/2025 0:00,7/28/2025 0:00,0,0.1,0.1,27.2
Gene Coulon,Renton,0828SB,8/4/2025,Mon,10:52,94,82,150,25.10111707,0,FALSE,22.9,73.2,8/4/2025 0:00,8/4/2025 0:00,0,0,0,23.2
Gene Coulon,Renton,0828SB,8/11/2025,Mon,11:49,860,170,87,45.83542386,1,TRUE,25.2,77.4,8/11/2025 0:00,8/11/2025 0:00,0,0,20.6,29.5
Gene Coulon,Renton,0828SB,8/18/2025,Mon,10:47,200,320,470,100.9538433,2,TRUE,22.6,72.7,8/18/2025 0:00,8/18/2025 0:00,0.2,36.5,39,22.1
Gene Coulon,Renton,0828SB,8/25/2025,Mon,10:46,31,2000,530,173.5181721,4,TRUE,24.6,76.3,8/25/2025 0:00,8/25/2025 0:00,0,0,0,30.2
Gene Coulon,Renton,0828SB,9/2/2025,Tue,11:18,18,40,75,155.9513898,4,FALSE,20.3,68.5,9/2/2025 0:00,9/2/2025 0:00,0,1,3.2,24.8
Gene Coulon,Renton,0828SB,9/8/2025,Mon,11:20,110,170,360,175.3867009,5,TRUE,23.4,74.1,9/8/2025 0:00,9/8/2025 0:00,0,0.6,0.6,22.5
Gene Coulon,Renton,0828SB,9/15/2025,Mon,10:50,50,340,390,167.9318681,6,TRUE,21.3,70.3,9/15/2025 0:00,9/15/2025 0:00,3.9,4.2,4.3,20.2
Gene Coulon,Renton,0828SB,9/22/2025,Mon,9:39,59,31,51,114.2615705,5,FALSE,20.2,68.4,9/22/2025 0:00,9/22/2025 0:00,9.9,9.9,9.9,20.5
Gene Coulon,Renton,0828SB,9/29/2025,Mon,11:00,,,,,,,19.6,67.3,9/29/2025 0:00,9/29/2025 0:00,0,0.7,0.7,16.9
Gene Coulon,Renton,0828SB,10/6/2025,Mon,9:15,,,,,,,18.1,64.6,10/6/2025 0:00,,,,,
Gene Coulon,Renton,0828SB,10/14/2025,Tue,9:11,,,,,,,16,60.8,10/14/2025 0:00,,,,,
Gene Coulon,Renton,0828SB,10/20/2025,Mon,9:53,,,,,,,14.2,57.6,10/20/2025 0:00,,,,,
Gene Coulon,Renton,0828SB,5/11/2026,Mon,10:59,240,860,14000,1424.33641,2,TRUE,16.7,62.1,5/11/2026 0:00,,,,,
Gene Coulon,Renton,0828SB,5/18/2026,Mon,10:59,46,21,16,188.3601986,2,FALSE,15.1,59.2,5/18/2026 0:00,,,,,
Gene Coulon,Renton,0828SB,5/26/2026,Tue,11:07,350,230,690,238.3282556,4,TRUE,15.3,59.5,5/26/2026 0:00,,,,,
Gene Coulon,Renton,0828SB,6/1/2026,Mon,11:15,75,90,300,203.4309699,4,FALSE,19.2,66.6,6/1/2026 0:00,,,,,
Gene Coulon,Renton,0828SB,6/8/2026,Mon,11:15,31,73,220,168.4770714,4,FALSE,16.1,61,6/8/2026 0:00,,,,,
Gene Coulon,Renton,0828SB,6/15/2026,Mon,11:21,54,80,670,106.3136086,3,TRUE,22.7,72.9,6/15/2026 0:00,,,,,
Gene Coulon,Renton,0828SB,6/22/2026,Mon,11:09,86,140,190,148.345505,3,FALSE,22.8,73,6/22/2026 0:00,,,,,
Gene Coulon,Renton,0828SB,6/29/2026,Mon,10:46,15,25,7,76.36716712,1,FALSE,18.7,65.7,6/29/2026 0:00,,,,,
Gene Coulon,Renton,0828SB,7/6/2026,Mon,10:12,44,48,94,65.41336085,1,FALSE,20.9,69.6,7/6/2026 0:00,,,,,
Gene Coulon,Renton,0828SB,7/13/2026,Mon,0:00,45,85,420,70.72691189,2,TRUE,,,7/13/2026 0:00,,,,,
Green Lake East,Seattle,A734SB,5/13/2019,Mon,13:16,5,150,14,21.8975957,0,FALSE,19.9,67.8,5/13/2019 0:00,,,,,
Green Lake East,Seattle,A734SB,5/20/2019,Mon,12:35,23,62,16,24.92134445,0,FALSE,19.1,66.4,5/20/2019 0:00,,,,,
Green Lake East,Seattle,A734SB,5/28/2019,Tue,9:21,11,11,7,18.04546278,0,FALSE,19.4,66.9,5/28/2019 0:00,,,,,
Green Lake East,Seattle,A734SB,6/3/2019,Mon,12:55,32,19,63,21.09662722,0,FALSE,21.7,71.1,6/3/2019 0:00,,,,,
Green Lake East,Seattle,A734SB,6/10/2019,Mon,13:05,35,17,17,21.20157619,0,FALSE,21.8,71.2,6/10/2019 0:00,,,,,
Green Lake East,Seattle,A734SB,6/17/2019,Mon,13:11,61,18,27,22.72060732,0,FALSE,23.2,73.8,6/17/2019 0:00,,,,,
Green Lake East,Seattle,A734SB,6/24/2019,Mon,13:00,27,59,55,24.85283099,0,FALSE,21.6,70.9,6/24/2019 0:00,,,,,
Green Lake East,Seattle,A734SB,7/1/2019,Mon,9:36,860,65,5,36.58270036,1,TRUE,22.3,72.1,7/1/2019 0:00,,,,,
Green Lake East,Seattle,A734SB,7/8/2019,Mon,11:53,26,19,35,34.69331645,1,FALSE,21.9,71.4,7/8/2019 0:00,,,,,
Green Lake East,Seattle,A734SB,7/15/2019,Mon,12:27,59,32,81,41.57962411,1,FALSE,23,73.4,7/15/2019 0:00,,,,,
Green Lake East,Seattle,A734SB,7/22/2019,Mon,12:07,13,29,3,33.44364917,1,FALSE,23.9,75,7/22/2019 0:00,,,,,
Green Lake East,Seattle,A734SB,7/29/2019,Mon,11:50,1100,10,11,34.17124372,2,TRUE,24.1,75.4,7/29/2019 0:00,,,,,
Green Lake East,Seattle,A734SB,8/5/2019,Mon,12:24,45,14,5,25.338994,1,FALSE,25.9,78.6,8/5/2019 0:00,,,,,
Green Lake East,Seattle,A734SB,8/12/2019,Mon,10:07,9,6,7,19.63823665,1,FALSE,22.7,72.9,8/12/2019 0:00,,,,,
Green Lake East,Seattle,A734SB,8/19/2019,Mon,10:40,19,17,23,16.05210699,1,FALSE,19.5,67.1,8/19/2019 0:00,,,,,
Green Lake East,Seattle,A734SB,8/26/2019,Mon,12:30,43,74,24,21.25667341,1,FALSE,22.9,73.2,8/26/2019 0:00,,,,,
Green Lake East,Seattle,A734SB,9/3/2019,Tue,8:32,16,5,8,14.9872381,0,FALSE,22.4,72.3,9/3/2019 0:00,,,,,
Green Lake East,Seattle,A734SB,9/9/2019,Mon,11:27,28,26,300,19.88158842,0,FALSE,22.1,71.8,9/9/2019 0:00,,,,,
Green Lake East,Seattle,A734SB,9/16/2019,Mon,13:05,10,14,9,21.54317265,0,FALSE,20,68,9/16/2019 0:00,,,,,
Green Lake East,Seattle,A734SB,9/23/2019,Mon,10:12,,,,,,,18.9,66,9/23/2019 0:00,,,,,
Green Lake East,Seattle,A734SB,9/30/2019,Mon,9:30,,,,,,,16.6,61.9,9/30/2019 0:00,,,,,
Green Lake East,Seattle,A734SB,10/7/2019,Mon,9:47,,,,,,,15.3,59.5,10/7/2019 0:00,,,,,
Green Lake East,Seattle,A734SB,10/14/2019,Mon,9:55,,,,,,,13.8,56.8,10/14/2019 0:00,,,,,
Green Lake East,Seattle,A734SB,10/21/2019,Mon,10:18,,,,,,,12.1,53.8,10/21/2019 0:00,,,,,
Green Lake East,Seattle,A734SB,5/12/2020,Tue,8:31,6,7,11,7.730614053,0,FALSE,18.8,65.8,5/12/2020 0:00,5/12/2020 0:00,2.7,2.7,19.9,18.8
Green Lake East,Seattle,A734SB,5/19/2020,Tue,9:09,1,5,4,4.580842168,0,FALSE,18.8,65.8,5/19/2020 0:00,5/19/2020 0:00,0.1,18.3,41.2,16.9
Green Lake East,Seattle,A734SB,5/26/2020,Tue,9:05,34,14,14,7.336512506,0,FALSE,17.7,63.9,5/26/2020 0:00,5/26/2020 0:00,11.1,12.3,32.2,17.7
Green Lake East,Seattle,A734SB,6/2/2020,Tue,8:25,41,25,28,10.48594088,0,FALSE,19,66.2,6/2/2020 0:00,6/2/2020 0:00,0,24.3,25,18.4
Green Lake East,Seattle,A734SB,6/9/2020,Tue,6:59,5,5,34,10.27496897,0,FALSE,18.6,65.5,6/9/2020 0:00,6/9/2020 0:00,1.1,23.3,25.5,16.9
Green Lake East,Seattle,A734SB,6/16/2020,Tue,9:22,7,16,25,11.58639302,0,FALSE,18.7,65.7,6/16/2020 0:00,6/16/2020 0:00,10.4,19,45.5,16.6
Green Lake East,Seattle,A734SB,6/23/2020,Tue,9:30,10,1,36,14.04860137,0,FALSE,21.8,71.2,6/23/2020 0:00,6/23/2020 0:00,0,3.9,6.3,27.2
Green Lake East,Seattle,A734SB,6/29/2020,Mon,9:30,47,37,23,15.83139743,0,FALSE,21.2,70.2,6/29/2020 0:00,6/29/2020 0:00,8,13.4,14.9,23
Green Lake East,Seattle,A734SB,7/7/2020,Tue,9:35,28,67,140,18.34923022,0,FALSE,20.9,69.6,7/7/2020 0:00,7/7/2020 0:00,0.1,0.1,6.2,16.8
Green Lake East,Seattle,A734SB,7/14/2020,Tue,9:15,19,39,34,23.00080643,0,FALSE,21.5,70.7,7/14/2020 0:00,7/14/2020 0:00,0,2.1,9.8,24.4
Green Lake East,Seattle,A734SB,7/21/2020,Tue,8:48,23,94,43,29.05053516,0,FALSE,23.4,74.1,7/21/2020 0:00,7/21/2020 0:00,0,0,5.4,28.2
Green Lake East,Seattle,A734SB,7/28/2020,Tue,9:21,21,11,17,34.06732476,0,FALSE,24.2,75.6,7/28/2020 0:00,7/28/2020 0:00,0,0,2.5,28.3
Green Lake East,Seattle,A734SB,8/4/2020,Tue,9:10,41,32,43,34.85750958,0,FALSE,24.6,76.3,8/4/2020 0:00,8/4/2020 0:00,0.4,0.4,0.4,26.5
Green Lake East,Seattle,A734SB,8/11/2020,Tue,10:07,18,37,9,27.0927702,0,FALSE,23.2,73.8,8/11/2020 0:00,8/11/2020 0:00,0,1.2,16.6,23.8
Green Lake East,Seattle,A734SB,8/18/2020,Tue,8:30,26,12,23,24.91680961,0,FALSE,24,75.2,8/18/2020 0:00,8/18/2020 0:00,0,0,0.1,25.7
Green Lake East,Seattle,A734SB,8/25/2020,Tue,8:55,5,82,8,19.93711958,0,FALSE,22.5,72.5,8/25/2020 0:00,8/25/2020 0:00,0,8.4,17.3,23
Green Lake East,Seattle,A734SB,9/1/2020,Tue,10:31,11,8,5,17.23012912,0,FALSE,22.4,72.3,9/1/2020 0:00,9/1/2020 0:00,0.4,0.7,0.7,25.4
Green Lake East,Seattle,A734SB,9/8/2020,Tue,10:09,12,15,14,14.00517098,0,FALSE,22.1,71.8,9/8/2020 0:00,9/8/2020 0:00,0,0.1,0.1,26.5
Green Lake East,Seattle,A734SB,9/22/2020,Tue,9:02,,,,,,,20,68,9/22/2020 0:00,9/22/2020 0:00,1.7,8.9,17.2,20.9
Green Lake East,Seattle,A734SB,9/29/2020,Tue,9:47,,,,,,,19,66.2,9/29/2020 0:00,9/29/2020 0:00,0,11.7,102.4,24
Green Lake East,Seattle,A734SB,10/6/2020,Tue,13:54,,,,,,,19.3,66.7,10/6/2020 0:00,10/6/2020 0:00,0,0.6,0.8,21.6
Green Lake East,Seattle,A734SB,10/13/2020,Tue,9:45,,,,,,,16.3,61.3,10/13/2020 0:00,10/13/2020 0:00,8.1,62.8,67.3,15.4
Green Lake East,Seattle,A734SB,10/20/2020,Tue,9:42,,,,,,,14.7,58.5,10/20/2020 0:00,10/20/2020 0:00,4,17.5,38.6,13
Green Lake East,Seattle,A734SB,10/27/2020,Tue,9:37,,,,,,,11.5,52.7,10/27/2020 0:00,10/27/2020 0:00,0,0.6,23.4,12
Green Lake East,Seattle,A734SB,5/18/2021,Tue,9:52,6,60,13,16.72689321,0,FALSE,18.1,64.6,5/18/2021 0:00,5/18/2021 0:00,4.1,4.1,4.3,13.8
Green Lake East,Seattle,A734SB,5/25/2021,Tue,9:14,7,5,4,9.319565138,0,FALSE,16.9,62.4,5/25/2021 0:00,5/25/2021 0:00,7.6,9.7,31.6,17.8
Green Lake East,Seattle,A734SB,6/1/2021,Tue,9:13,23,21,120,14.97960121,0,FALSE,19.3,66.7,6/1/2021 0:00,6/1/2021 0:00,0,0,20,29.1
Green Lake East,Seattle,A734SB,6/8/2021,Tue,8:40,21,21,26,16.59241177,0,FALSE,18.9,66,6/8/2021 0:00,6/8/2021 0:00,8,38.1,38.1,18
Green Lake East,Seattle,A734SB,6/15/2021,Tue,9:35,20,55,42,19.35992833,0,FALSE,19.7,67.5,6/15/2021 0:00,6/15/2021 0:00,9,36.3,41.7,18.7
Green Lake East,Seattle,A734SB,6/22/2021,Tue,8:30,10,10,8,17.20917381,0,FALSE,23,73.4,6/22/2021 0:00,6/22/2021 0:00,0,0,5,26.2
Green Lake East,Seattle,A734SB,6/29/2021,Tue,9:47,110,33,59,28.05877636,0,FALSE,27.5,81.5,6/29/2021 0:00,6/29/2021 0:00,0,0,0,32.5
Green Lake East,Seattle,A734SB,7/6/2021,Tue,9:14,25,23,30,25.88090403,0,FALSE,24.7,76.5,7/6/2021 0:00,7/6/2021 0:00,0,0,2.6,28
Green Lake East,Seattle,A734SB,7/13/2021,Tue,9:16,45,23,66,29.1508305,0,FALSE,24.3,75.7,7/13/2021 0:00,7/13/2021 0:00,0,0,0.7,27.7
Green Lake East,Seattle,A734SB,7/20/2021,Tue,8:57,32,19,11,25.62681015,0,FALSE,23.7,74.7,7/20/2021 0:00,7/20/2021 0:00,0,0,1.4,23.1
Green Lake East,Seattle,A734SB,7/27/2021,Tue,8:36,14,14,8,26.80268422,0,FALSE,23.9,75,7/27/2021 0:00,7/27/2021 0:00,0,0,0.1,27.5
Green Lake East,Seattle,A734SB,8/3/2021,Tue,9:48,30,41,10,22.15413109,0,FALSE,24.1,75.4,8/3/2021 0:00,8/3/2021 0:00,0,4.2,4.2,29.3
Green Lake East,Seattle,A734SB,8/10/2021,Tue,11:40,32,390,31,27.25882929,1,TRUE,24.6,76.3,8/10/2021 0:00,8/10/2021 0:00,0,9.4,15.2,27
Green Lake East,Seattle,A734SB,8/17/2021,Tue,9:55,24,58,51,27.32890358,1,FALSE,23,73.4,8/17/2021 0:00,8/17/2021 0:00,2.7,2.7,2.7,18.9
Green Lake East,Seattle,A734SB,8/24/2021,Tue,9:04,7,16,4,22.82203279,1,FALSE,21.1,70,8/24/2021 0:00,8/24/2021 0:00,0,0.2,2.2,25.1
Green Lake East,Seattle,A734SB,8/31/2021,Tue,8:12,14,8,10,22.31579976,1,FALSE,20,68,8/31/2021 0:00,8/31/2021 0:00,2,2,9.4,16.7
Green Lake East,Seattle,A734SB,9/7/2021,Tue,10:02,6,5,15,17.89917233,1,FALSE,20.8,69.4,9/7/2021 0:00,9/7/2021 0:00,0.9,1.9,3.1,26.4
Green Lake East,Seattle,A734SB,9/14/2021,Tue,9:50,14,27,27,14.04704267,0,FALSE,20,68,9/14/2021 0:00,9/14/2021 0:00,0,7,10.4,17.6
Green Lake East,Seattle,A734SB,9/21/2021,Tue,10:05,5,7,9,9.788699081,0,FALSE,18.3,64.9,9/21/2021 0:00,9/21/2021 0:00,0.8,49.8,71.3,24
Green Lake East,Seattle,A734SB,9/28/2021,Tue,9:27,,,,,,,17,62.6,9/28/2021 0:00,9/28/2021 0:00,13.3,23.6,23.9,14.5
Green Lake East,Seattle,A734SB,10/5/2021,Tue,9:28,,,,,,,16,60.8,10/5/2021 0:00,10/5/2021 0:00,0,1.5,34.3,13.3
Green Lake East,Seattle,A734SB,10/12/2021,Tue,9:17,,,,,,,13.8,56.8,10/12/2021 0:00,10/12/2021 0:00,1.9,28.2,53.9,11.1
Green Lake East,Seattle,A734SB,10/19/2021,Tue,9:04,,,,,,,12.7,54.9,10/19/2021 0:00,10/19/2021 0:00,0.7,3.2,28.1,15.9
Green Lake East,Seattle,A734SB,10/26/2021,Tue,8:43,,,,,,,11.9,53.4,10/26/2021 0:00,10/26/2021 0:00,6.2,17.8,39,12.4
Green Lake East,Seattle,A734SB,5/16/2022,Mon,8:50,9,7,11,8.84934401,0,FALSE,15.1,59.2,5/16/2022 0:00,5/16/2022 0:00,18.9,32.1,50.1,15
Green Lake East,Seattle,A734SB,5/23/2022,Mon,9:08,5,14,18,9.776512577,0,FALSE,17.5,63.5,5/23/2022 0:00,5/23/2022 0:00,0,0.8,20.2,17.6
Green Lake East,Seattle,A734SB,5/31/2022,Tue,8:41,62,25,30,15.0913651,0,FALSE,16.7,62.1,5/31/2022 0:00,5/31/2022 0:00,2,15.3,44.6,20
Green Lake East,Seattle,A734SB,6/6/2022,Mon,8:30,30,41,110,20.49531248,0,FALSE,18.2,64.8,6/6/2022 0:00,6/6/2022 0:00,27.2,53.2,56.2,16
Green Lake East,Seattle,A734SB,6/13/2022,Mon,9:30,10,17,23,19.44473755,0,FALSE,18.7,65.7,6/13/2022 0:00,6/13/2022 0:00,6.1,14,42,15.3
Green Lake East,Seattle,A734SB,6/21/2022,Tue,8:55,14,3,1,16.13007882,0,FALSE,18.9,66,6/21/2022 0:00,6/21/2022 0:00,1.4,4.4,20.6,23.4
Green Lake East,Seattle,A734SB,6/27/2022,Mon,9:06,6,4,8,14.22869931,0,FALSE,22.2,72,6/27/2022 0:00,6/27/2022 0:00,0,0,3.9,31.6
Green Lake East,Seattle,A734SB,7/5/2022,Tue,9:07,13,26,8,11.77069529,0,FALSE,21.2,70.2,7/5/2022 0:00,7/5/2022 0:00,0.5,10,11.7,24.2
Green Lake East,Seattle,A734SB,7/11/2022,Mon,8:52,53,140,1500,15.79362936,1,TRUE,22.6,72.7,7/11/2022 0:00,7/11/2022 0:00,0,1.7,9.4,28.3
Green Lake East,Seattle,A734SB,7/18/2022,Mon,9:04,340,210,610,29.39490276,3,TRUE,22.3,72.1,7/18/2022 0:00,7/18/2022 0:00,0.4,1,1,21.5
Green Lake East,Seattle,A734SB,7/25/2022,Mon,9:01,94,110,40,54.26178928,3,FALSE,23.7,74.7,7/25/2022 0:00,7/25/2022 0:00,0,0.2,0.2,30.6
Green Lake East,Seattle,A734SB,8/1/2022,Mon,9:27,22,50,47,78.79646446,3,FALSE,26.7,80.1,8/1/2022 0:00,8/1/2022 0:00,0,0,0,29
Green Lake East,Seattle,A734SB,8/8/2022,Mon,9:16,5,1,4,56.81220149,3,FALSE,24.7,76.5,8/8/2022 0:00,8/8/2022 0:00,0,0,1.3,32
Green Lake East,Seattle,A734SB,8/15/2022,Mon,9:38,7,9,9,29.39324119,2,FALSE,23.7,74.7,8/15/2022 0:00,8/15/2022 0:00,0,0,2.9,27.8
Green Lake East,Seattle,A734SB,8/22/2022,Mon,9:43,27,17,38,17.44825611,0,FALSE,24.9,76.8,8/22/2022 0:00,8/22/2022 0:00,0,0.6,0.6,27.7
Green Lake East,Seattle,A734SB,8/29/2022,Mon,9:55,18,27,17,13.44164242,0,FALSE,24,75.2,8/29/2022 0:00,8/29/2022 0:00,0,6.5,6.5,27.8
Green Lake East,Seattle,A734SB,9/6/2022,Tue,9:08,25,20,19,12.00607934,0,FALSE,22.1,71.8,9/6/2022 0:00,9/6/2022 0:00,0.4,2.1,2.1,25.4
Green Lake East,Seattle,A734SB,9/12/2022,Mon,9:35,26,18,17,17.89419617,0,FALSE,20.8,69.4,9/12/2022 0:00,9/12/2022 0:00,1.7,1.7,2.1,23.5
Green Lake East,Seattle,A734SB,9/19/2022,Mon,9:39,17,21,32,21.86055598,0,FALSE,19.6,67.3,9/19/2022 0:00,9/19/2022 0:00,3.2,5.8,7.6,23.9
Green Lake East,Seattle,A734SB,9/26/2022,Mon,9:07,,,,,,,19.2,66.6,9/26/2022 0:00,9/26/2022 0:00,0,0,0.4,27.7
Green Lake East,Seattle,A734SB,10/3/2022,Mon,9:40,,,,,,,19.1,66.4,10/3/2022 0:00,10/3/2022 0:00,0,0,2.4,25.8
Green Lake East,Seattle,A734SB,10/11/2022,Tue,9:35,,,,,,,18.3,64.9,10/11/2022 0:00,10/11/2022 0:00,0,0,0,19.1
Green Lake East,Seattle,A734SB,10/17/2022,Mon,9:30,,,,,,,17.5,63.5,10/17/2022 0:00,10/17/2022 0:00,0,0,0,21
Green Lake East,Seattle,A734SB,10/24/2022,Mon,9:36,,,,,,,14.6,58.3,10/24/2022 0:00,10/24/2022 0:00,0.5,23,24.3,12.1
Green Lake East,Seattle,A734SB,5/15/2023,Mon,8:37,1,4,5,2.714417617,0,FALSE,20.6,69.1,5/15/2023 0:00,5/15/2023 0:00,0,0,0.2,31.3
Green Lake East,Seattle,A734SB,5/22/2023,Mon,9:49,11,15,23,6.506892462,0,FALSE,20.6,69.1,5/22/2023 0:00,5/22/2023 0:00,2.5,5.7,6.4,16.3
Green Lake East,Seattle,A734SB,5/30/2023,Tue,10:00,13,14,23,8.803821372,0,FALSE,20.3,68.5,5/30/2023 0:00,5/30/2023 0:00,0.5,0.5,0.8,15.1
Green Lake East,Seattle,A734SB,6/5/2023,Mon,9:34,62,77,77,14.86909416,0,FALSE,20.5,68.9,6/5/2023 0:00,6/5/2023 0:00,0,0,1.9,20.6
Green Lake East,Seattle,A734SB,6/12/2023,Mon,9:44,65,39,18,17.71920804,0,FALSE,20.9,69.6,6/12/2023 0:00,6/12/2023 0:00,0.2,12.4,12.4,26.6
Green Lake East,Seattle,A734SB,6/20/2023,Tue,8:53,320,74,260,41.14647581,0,FALSE,18.9,66,6/20/2023 0:00,6/20/2023 0:00,1.1,14.6,23,13.1
Green Lake East,Seattle,A734SB,6/26/2023,Mon,9:25,23,9,16,40.77474125,0,FALSE,21.4,70.5,6/26/2023 0:00,6/26/2023 0:00,0,0.2,6.4,24.1
Green Lake East,Seattle,A734SB,7/5/2023,Wed,9:42,3,7,1,22.78118241,0,FALSE,24,75.2,7/5/2023 0:00,7/5/2023 0:00,0,0,0,31.4
Green Lake East,Seattle,A734SB,7/10/2023,Mon,8:40,6,9,5,17.70728294,0,FALSE,23,73.4,7/10/2023 0:00,7/10/2023 0:00,0,0,0,20.6
Green Lake East,Seattle,A734SB,7/17/2023,Mon,9:36,18,32,36,16.80029449,0,FALSE,24,75.2,7/17/2023 0:00,7/17/2023 0:00,0,0,0.4,24.3
Green Lake East,Seattle,A734SB,7/24/2023,Mon,7:56,23,25,20,11.05112304,0,FALSE,24.2,75.6,7/24/2023 0:00,7/24/2023 0:00,0,0,1.1,22.6
Green Lake East,Seattle,A734SB,7/31/2023,Mon,9:58,62,83,39,14.52900985,0,FALSE,23.9,75,7/31/2023 0:00,7/31/2023 0:00,0,0,9.6,25.1
Green Lake East,Seattle,A734SB,8/7/2023,Mon,9:04,38,14,51,23.42359331,0,FALSE,23.7,74.7,8/7/2023 0:00,8/7/2023 0:00,0,0.6,0.6,24.3
Green Lake East,Seattle,A734SB,8/14/2023,Mon,10:04,14,19,24,28.92247538,0,FALSE,24.5,76.1,8/14/2023 0:00,8/14/2023 0:00,0,0,6.6,33.1
Green Lake East,Seattle,A734SB,8/21/2023,Mon,8:50,16,46,22,28.4494469,0,FALSE,23.2,73.8,8/21/2023 0:00,8/21/2023 0:00,0,0,0,24.7
Green Lake East,Seattle,A734SB,8/28/2023,Mon,8:27,18,14,9,25.5311381,0,FALSE,22.8,73,8/28/2023 0:00,8/28/2023 0:00,0,0.7,10.2,24.3
Green Lake East,Seattle,A734SB,9/5/2023,Tue,8:23,190,57,32,26.47807722,0,FALSE,20.1,68.2,9/5/2023 0:00,9/5/2023 0:00,1,2.2,30,18.7
Green Lake East,Seattle,A734SB,9/11/2023,Mon,8:24,6,53,41,25.21554673,0,FALSE,21.5,70.7,9/11/2023 0:00,9/11/2023 0:00,0,0,1,20.2
Green Lake East,Seattle,A734SB,9/18/2023,Mon,9:08,24,18,17,25.4521442,0,FALSE,20.3,68.5,9/18/2023 0:00,9/18/2023 0:00,0,0,3.9,18.2
Green Lake East,Seattle,A734SB,9/25/2023,Mon,9:54,,,,,,,18.2,64.8,9/25/2023 0:00,9/25/2023 0:00,8,12.1,27.5,15.3
Green Lake East,Seattle,A734SB,10/2/2023,Mon,8:30,,,,,,,16.2,61.2,10/2/2023 0:00,10/2/2023 0:00,0,0.1,77.4,14.1
Green Lake East,Seattle,A734SB,10/10/2023,Tue,9:09,,,,,,,,,10/10/2023 0:00,10/10/2023 0:00,2.1,2.1,2.9,16.2
Green Lake East,Seattle,A734SB,10/16/2023,Mon,9:45,,,,,,,15.6,60.1,10/16/2023 0:00,10/16/2023 0:00,2.6,7.9,31.9,16
Green Lake East,Seattle,A734SB,10/23/2023,Mon,8:40,,,,,,,15,59,10/23/2023 0:00,10/23/2023 0:00,0.3,1.3,19.6,13
Green Lake East,Seattle,A734SB,5/13/2024,Mon,8:08,3,18,93,17.12480242,0,FALSE,18.2,64.8,5/13/2024 0:00,5/13/2024 0:00,0,0,21.5,17.3
Green Lake East,Seattle,A734SB,5/20/2024,Mon,9:14,39,30,53,26.03492954,0,FALSE,17.7,63.9,5/20/2024 0:00,5/20/2024 0:00,0.8,6,11.2,17.4
Green Lake East,Seattle,A734SB,5/28/2024,Tue,8:26,17,25,15,23.25007146,0,FALSE,16.3,61.3,5/28/2024 0:00,5/28/2024 0:00,0,4.7,38.1,12.9
Green Lake East,Seattle,A734SB,6/3/2024,Mon,8:54,350,850,890,53.29968395,3,TRUE,16.6,61.9,6/3/2024 0:00,6/3/2024 0:00,20.3,20.6,47.3,13.8
Green Lake East,Seattle,A734SB,6/10/2024,Mon,9:38,33,38,52,50.38869363,3,FALSE,19.6,67.3,6/10/2024 0:00,6/10/2024 0:00,0.1,0.1,29.2,20.7
Green Lake East,Seattle,A734SB,6/17/2024,Mon,8:19,28,28,28,55.59549373,3,FALSE,18.5,65.3,6/17/2024 0:00,6/17/2024 0:00,1.3,19.1,21.8,15.4
Green Lake East,Seattle,A734SB,6/24/2024,Mon,9:10,24,37,46,54.06964637,3,FALSE,20.5,68.9,6/24/2024 0:00,6/24/2024 0:00,0.8,1.3,7.3,19.6
Green Lake East,Seattle,A734SB,7/1/2024,Mon,9:08,40,290,290,82.11930195,3,FALSE,21,69.8,7/1/2024 0:00,7/1/2024 0:00,1.6,2.9,12.4,22.7
Green Lake East,Seattle,A734SB,7/8/2024,Mon,9:01,3,6,25,33.86888906,0,FALSE,24.4,75.9,7/8/2024 0:00,7/8/2024 0:00,0,0,3.3,33.2
Green Lake East,Seattle,A734SB,7/15/2024,Mon,9:11,57,13,12,29.6561104,0,FALSE,25.2,77.4,7/15/2024 0:00,7/15/2024 0:00,0,0,0,26.7
Green Lake East,Seattle,A734SB,7/22/2024,Mon,8:40,12,13,19,25.95022514,0,FALSE,24.7,76.5,7/22/2024 0:00,7/22/2024 0:00,0,0,0,20.4
Green Lake East,Seattle,A734SB,7/29/2024,Mon,8:49,6800,6700,1200,66.46312251,3,TRUE,22.7,72.9,7/29/2024 0:00,7/29/2024 0:00,0,0,1,18.1
Green Lake East,Seattle,A734SB,8/5/2024,Mon,9:21,13,12,30,42.8686755,3,FALSE,24.3,75.7,8/5/2024 0:00,8/5/2024 0:00,0,0,16.4,27.5
Green Lake East,Seattle,A734SB,8/12/2024,Mon,8:22,43,44,29,59.04917576,3,FALSE,23,73.4,8/12/2024 0:00,8/12/2024 0:00,0,0,0,22.5
Green Lake East,Seattle,A734SB,8/19/2024,Mon,8:00,46,36,69,70.00695226,3,FALSE,22.4,72.3,8/19/2024 0:00,8/19/2024 0:00,2.3,18.1,19.9,23.8
Green Lake East,Seattle,A734SB,8/26/2024,Mon,8:08,28,23,21,77.46216578,3,FALSE,20.7,69.3,8/26/2024 0:00,8/26/2024 0:00,0.1,20.9,33.7,23.2
Green Lake East,Seattle,A734SB,9/3/2024,Tue,9:35,11,16,29,26.32889801,0,FALSE,21.6,70.9,9/3/2024 0:00,9/3/2024 0:00,0.8,0.8,6.5,22.1
Green Lake East,Seattle,A734SB,9/9/2024,Mon,8:50,12,4,3,20.87567169,0,FALSE,22,71.6,9/9/2024 0:00,9/9/2024 0:00,0,0,0.8,22
Green Lake East,Seattle,A734SB,9/16/2024,Mon,9:11,9,8,16,16.13550943,0,FALSE,19.8,67.6,9/16/2024 0:00,9/16/2024 0:00,1.1,21.4,26.1,19.8
Green Lake East,Seattle,A734SB,9/23/2024,Mon,7:34,,,,,,,19.5,67.1,9/23/2024 0:00,9/23/2024 0:00,0,1.6,2.5,21.9
Green Lake East,Seattle,A734SB,9/30/2024,Mon,8:49,,,,,,,17.3,63.1,9/30/2024 0:00,9/30/2024 0:00,0.1,2.7,33.7,18.9
Green Lake East,Seattle,A734SB,10/7/2024,Mon,8:33,,,,,,,16.1,61,10/7/2024 0:00,10/7/2024 0:00,0,14.9,16,23.3
Green Lake East,Seattle,A734SB,10/15/2024,Tue,9:44,,,,,,,15.9,60.6,10/15/2024 0:00,10/15/2024 0:00,4.7,4.7,17.9,12.5
Green Lake East,Seattle,A734SB,10/21/2024,Mon,9:26,,,,,,,14.4,57.9,10/21/2024 0:00,10/21/2024 0:00,4.9,22.4,49.2,12.6
Green Lake East,Seattle,A734SB,5/12/2025,Mon,9:41,8,11,11,9.892174886,0,FALSE,17.6,63.7,5/12/2025 0:00,5/12/2025 0:00,5.3,5.3,6,16.5
Green Lake East,Seattle,A734SB,5/19/2025,Mon,9:09,14,19,31,14.13686513,0,FALSE,16.3,61.3,5/19/2025 0:00,5/19/2025 0:00,4.3,35,42,15
Green Lake East,Seattle,A734SB,5/27/2025,Tue,9:36,7,6,6,10.80747796,0,FALSE,18.8,65.8,5/27/2025 0:00,5/27/2025 0:00,1.9,1.9,9.1,21.2
Green Lake East,Seattle,A734SB,6/2/2025,Mon,8:42,71,52,48,16.31805953,0,FALSE,19.4,66.9,6/2/2025 0:00,6/2/2025 0:00,0,1.1,7.1,19
Green Lake East,Seattle,A734SB,6/9/2025,Mon,7:59,41,43,40,19.64968672,0,FALSE,22.9,73.2,6/9/2025 0:00,6/9/2025 0:00,0,0,0.2,27.6
Green Lake East,Seattle,A734SB,6/16/2025,Mon,9:26,11,31,360,27.13736852,1,TRUE,21.1,70,6/16/2025 0:00,6/16/2025 0:00,0,0.1,0.4,22.1
Green Lake East,Seattle,A734SB,6/23/2025,Mon,7:40,35,36,74,31.90007185,1,FALSE,20.5,68.9,6/23/2025 0:00,6/23/2025 0:00,0.2,13.1,14.4,23.7
Green Lake East,Seattle,A734SB,6/30/2025,Mon,9:57,20,47,24,43.04482021,1,FALSE,21.9,71.4,6/30/2025 0:00,6/30/2025 0:00,0,0.7,2.3,27.6
Green Lake East,Seattle,A734SB,7/7/2025,Mon,9:12,150,27,88,45.09723161,1,FALSE,22.6,72.7,7/7/2025 0:00,7/7/2025 0:00,0,0,0,27.6
Green Lake East,Seattle,A734SB,7/14/2025,Mon,8:33,250,340,290,66.63721794,2,TRUE,23.5,74.3,7/14/2025 0:00,7/14/2025 0:00,0,0,4.9,26.2
Green Lake East,Seattle,A734SB,7/21/2025,Mon,9:19,17,49,17,57.70135256,1,FALSE,23.4,74.1,7/21/2025 0:00,7/21/2025 0:00,0,0,0,25.3
Green Lake East,Seattle,A734SB,7/28/2025,Mon,10:06,19,6,5,41.07751531,1,FALSE,23.7,74.7,7/28/2025 0:00,7/28/2025 0:00,0,0.1,0.1,27.2
Green Lake East,Seattle,A734SB,8/4/2025,Mon,8:59,27,12,18,37.53496894,1,FALSE,22.9,73.2,8/4/2025 0:00,8/4/2025 0:00,0,0,0,23.2
Green Lake East,Seattle,A734SB,8/11/2025,Mon,9:32,39,40,25,32.38753199,1,FALSE,23.7,74.7,8/11/2025 0:00,8/11/2025 0:00,0,0,20.6,29.5
Green Lake East,Seattle,A734SB,8/18/2025,Mon,9:28,9,8,15,16.58892755,0,FALSE,22.7,72.9,8/18/2025 0:00,8/18/2025 0:00,0.2,36.5,39,22.1
Green Lake East,Seattle,A734SB,8/25/2025,Mon,9:30,10,16,6,13.86426331,0,FALSE,23.6,74.5,8/25/2025 0:00,8/25/2025 0:00,0,0,0,30.2
Green Lake East,Seattle,A734SB,9/2/2025,Tue,10:09,150,110,8,19.93165691,0,FALSE,22.5,72.5,9/2/2025 0:00,9/2/2025 0:00,0,1,3.2,24.8
Green Lake East,Seattle,A734SB,9/8/2025,Mon,8:11,5,5,7,15.77701258,0,FALSE,22.1,71.8,9/8/2025 0:00,9/8/2025 0:00,0,0.6,0.6,22.5
Green Lake East,Seattle,A734SB,9/15/2025,Mon,9:16,20,13,9,13.07880873,0,FALSE,20.3,68.5,9/15/2025 0:00,9/15/2025 0:00,3.9,4.2,4.3,20.2
Green Lake East,Seattle,A734SB,9/22/2025,Mon,8:59,,,,,,,19.2,66.6,9/22/2025 0:00,9/22/2025 0:00,9.9,9.9,9.9,20.5
Green Lake East,Seattle,A734SB,9/29/2025,Mon,8:27,,,,,,,19.5,67.1,9/29/2025 0:00,9/29/2025 0:00,0,0.7,0.7,16.9
Green Lake East,Seattle,A734SB,10/6/2025,Mon,8:53,,,,,,,17.5,63.5,10/6/2025 0:00,,,,,
Green Lake East,Seattle,A734SB,10/14/2025,Tue,9:48,,,,,,,14.6,58.3,10/14/2025 0:00,,,,,
Green Lake East,Seattle,A734SB,10/20/2025,Mon,9:37,,,,,,,13.6,56.5,10/20/2025 0:00,,,,,
Green Lake East,Seattle,A734SB,5/11/2026,Mon,8:58,46,41,33,39.62949542,0,FALSE,18,64.4,5/11/2026 0:00,,,,,
Green Lake East,Seattle,A734SB,5/18/2026,Mon,12:01,8,15,21,23.22252085,0,FALSE,18.1,64.6,5/18/2026 0:00,,,,,
Green Lake East,Seattle,A734SB,5/26/2026,Tue,8:53,30,46,46,27.81202206,0,FALSE,18.1,64.6,5/26/2026 0:00,,,,,
Green Lake East,Seattle,A734SB,6/1/2026,Mon,9:37,25,14,17,24.98719491,0,FALSE,19.4,66.9,6/1/2026 0:00,,,,,
Green Lake East,Seattle,A734SB,6/8/2026,Mon,9:15,51,40,33,27.54547573,0,FALSE,19.3,66.7,6/8/2026 0:00,,,,,
Green Lake East,Seattle,A734SB,6/15/2026,Mon,12:21,26,5,26,22.6833755,0,FALSE,23.1,73.6,6/15/2026 0:00,,,,,
Green Lake East,Seattle,A734SB,6/22/2026,Mon,12:50,30,89,33,28.74855317,0,FALSE,24.1,75.4,6/22/2026 0:00,,,,,
Green Lake East,Seattle,A734SB,6/29/2026,Mon,13:23,86,23,23,28.11709661,0,FALSE,21.4,70.5,6/29/2026 0:00,,,,,
Green Lake East,Seattle,A734SB,7/6/2026,Mon,12:37,19,21,33,29.64616112,0,FALSE,22.2,72,7/6/2026 0:00,,,,,
Green Lake East,Seattle,A734SB,7/13/2026,Mon,0:00,15,94,23,28.23722324,0,FALSE,,,7/13/2026 0:00,,,,,
Green Lake West,Seattle,A734WSB,5/13/2019,Mon,13:00,23,27,59,33.21349188,0,FALSE,19.6,67.3,5/13/2019 0:00,,,,,
Green Lake West,Seattle,A734WSB,5/20/2019,Mon,12:22,27,30,81,36.60038116,0,FALSE,18.3,64.9,5/20/2019 0:00,,,,,
Green Lake West,Seattle,A734WSB,5/28/2019,Tue,8:56,57,60,44,41.45712291,0,FALSE,19.5,67.1,5/28/2019 0:00,,,,,
Green Lake West,Seattle,A734WSB,6/3/2019,Mon,12:22,5,1,4,20.97097081,0,FALSE,21.3,70.3,6/3/2019 0:00,,,,,
Green Lake West,Seattle,A734WSB,6/10/2019,Mon,12:40,9,6,16,17.90863196,0,FALSE,21.6,70.9,6/10/2019 0:00,,,,,
Green Lake West,Seattle,A734WSB,6/17/2019,Mon,12:40,12,12,9,14.33199025,0,FALSE,23,73.4,6/17/2019 0:00,,,,,
Green Lake West,Seattle,A734WSB,6/24/2019,Mon,12:25,5,8,4,9.596580271,0,FALSE,20.7,69.3,6/24/2019 0:00,,,,,
Green Lake West,Seattle,A734WSB,7/1/2019,Mon,9:08,66,7,12,7.700864164,0,FALSE,22.1,71.8,7/1/2019 0:00,,,,,
Green Lake West,Seattle,A734WSB,7/8/2019,Mon,11:33,5,5,5,8.701580269,0,FALSE,21.9,71.4,7/8/2019 0:00,,,,,
Green Lake West,Seattle,A734WSB,7/15/2019,Mon,12:13,14,10,23,9.499212565,0,FALSE,23,73.4,7/15/2019 0:00,,,,,
Green Lake West,Seattle,A734WSB,7/22/2019,Mon,11:43,21,81,19,11.77093966,0,FALSE,23.7,74.7,7/22/2019 0:00,,,,,
Green Lake West,Seattle,A734WSB,7/29/2019,Mon,11:33,12,5,5,12.27470938,0,FALSE,24.1,75.4,7/29/2019 0:00,,,,,
Green Lake West,Seattle,A734WSB,8/5/2019,Mon,11:58,5,5,7,9.748973133,0,FALSE,24.9,76.8,8/5/2019 0:00,,,,,
Green Lake West,Seattle,A734WSB,8/12/2019,Mon,9:53,11,18,10,11.72040319,0,FALSE,22.5,72.5,8/12/2019 0:00,,,,,
Green Lake West,Seattle,A734WSB,8/19/2019,Mon,12:00,31,28,3,11.55566365,0,FALSE,23.3,73.9,8/19/2019 0:00,,,,,
Green Lake West,Seattle,A734WSB,8/26/2019,Mon,12:00,17,1,7,7.953058232,0,FALSE,22.9,73.2,8/26/2019 0:00,,,,,
Green Lake West,Seattle,A734WSB,9/3/2019,Tue,8:12,7,47,18,9.702656107,0,FALSE,22.1,71.8,9/3/2019 0:00,,,,,
Green Lake West,Seattle,A734WSB,9/9/2019,Mon,11:10,32,19,17,12.7343936,0,FALSE,21.2,70.2,9/9/2019 0:00,,,,,
Green Lake West,Seattle,A734WSB,9/16/2019,Mon,12:26,6,2,5,10.0865816,0,FALSE,19.6,67.3,9/16/2019 0:00,,,,,
Green Lake West,Seattle,A734WSB,9/23/2019,Mon,9:41,,,,,,,18.3,64.9,9/23/2019 0:00,,,,,
Green Lake West,Seattle,A734WSB,9/30/2019,Mon,9:01,,,,,,,16.4,61.5,9/30/2019 0:00,,,,,
Green Lake West,Seattle,A734WSB,10/7/2019,Mon,9:11,,,,,,,14.7,58.5,10/7/2019 0:00,,,,,
Green Lake West,Seattle,A734WSB,10/14/2019,Mon,9:25,,,,,,,13.2,55.8,10/14/2019 0:00,,,,,
Green Lake West,Seattle,A734WSB,10/21/2019,Mon,9:46,,,,,,,11.8,53.2,10/21/2019 0:00,,,,,
Green Lake West,Seattle,A734WSB,5/12/2020,Tue,8:38,11,4,4,5.604078661,0,FALSE,18.8,65.8,5/12/2020 0:00,5/12/2020 0:00,2.7,2.7,19.9,18.8
Green Lake West,Seattle,A734WSB,5/19/2020,Tue,8:45,10,14,9,7.780016812,0,FALSE,18.3,64.9,5/19/2020 0:00,5/19/2020 0:00,0.1,18.3,41.2,16.9
Green Lake West,Seattle,A734WSB,5/26/2020,Tue,8:39,42,20,2,8.960963774,0,FALSE,17.4,63.3,5/26/2020 0:00,5/26/2020 0:00,11.1,12.3,32.2,17.7
Green Lake West,Seattle,A734WSB,6/2/2020,Tue,8:00,5,12,5,8.330917092,0,FALSE,18.9,66,6/2/2020 0:00,6/2/2020 0:00,0,24.3,25,18.4
Green Lake West,Seattle,A734WSB,6/9/2020,Tue,6:36,21,10,7,8.865612373,0,FALSE,18.3,64.9,6/9/2020 0:00,6/9/2020 0:00,1.1,23.3,25.5,16.9
Green Lake West,Seattle,A734WSB,6/16/2020,Tue,8:53,18,16,15,10.97421533,0,FALSE,18.4,65.1,6/16/2020 0:00,6/16/2020 0:00,10.4,19,45.5,16.6
Green Lake West,Seattle,A734WSB,6/23/2020,Tue,8:40,17,35,280,15.19825666,0,FALSE,21.6,70.9,6/23/2020 0:00,6/23/2020 0:00,0,3.9,6.3,27.2
Green Lake West,Seattle,A734WSB,6/29/2020,Mon,8:58,510,81,42,24.1394176,1,TRUE,20.6,69.1,6/29/2020 0:00,6/29/2020 0:00,8,13.4,14.9,23
Green Lake West,Seattle,A734WSB,7/7/2020,Tue,8:55,42,30,21,32.54053535,1,FALSE,20.3,68.5,7/7/2020 0:00,7/7/2020 0:00,0.1,0.1,6.2,16.8
Green Lake West,Seattle,A734WSB,7/14/2020,Tue,8:40,14,11,25,34.69771855,1,FALSE,20.9,69.6,7/14/2020 0:00,7/14/2020 0:00,0,2.1,9.8,24.4
Green Lake West,Seattle,A734WSB,7/21/2020,Tue,8:19,14,20,13,34.30378926,1,FALSE,23.3,73.9,7/21/2020 0:00,7/21/2020 0:00,0,0,5.4,28.2
Green Lake West,Seattle,A734WSB,7/28/2020,Tue,8:50,18,11,9,25.34881193,1,FALSE,23.9,75,7/28/2020 0:00,7/28/2020 0:00,0,0,2.5,28.3
Green Lake West,Seattle,A734WSB,8/4/2020,Tue,8:40,5,5,4,13.22322264,0,FALSE,24.4,75.9,8/4/2020 0:00,8/4/2020 0:00,0.4,0.4,0.4,26.5
Green Lake West,Seattle,A734WSB,8/11/2020,Tue,9:37,22,91,35,14.1102095,0,FALSE,22.7,72.9,8/11/2020 0:00,8/11/2020 0:00,0,1.2,16.6,23.8
Green Lake West,Seattle,A734WSB,8/18/2020,Tue,8:07,41,42,23,16.48238847,0,FALSE,23.6,74.5,8/18/2020 0:00,8/18/2020 0:00,0,0,0.1,25.7
Green Lake West,Seattle,A734WSB,8/25/2020,Tue,8:25,37,47,25,19.44595872,0,FALSE,22.3,72.1,8/25/2020 0:00,8/25/2020 0:00,0,8.4,17.3,23
Green Lake West,Seattle,A734WSB,9/1/2020,Tue,10:17,120,95,830,34.44829321,1,TRUE,22.2,72,9/1/2020 0:00,9/1/2020 0:00,0.4,0.7,0.7,25.4
Green Lake West,Seattle,A734WSB,9/8/2020,Tue,9:48,49,67,37,55.30943424,1,FALSE,21.6,70.9,9/8/2020 0:00,9/8/2020 0:00,0,0.1,0.1,26.5
Green Lake West,Seattle,A734WSB,9/22/2020,Tue,8:39,,,,,,,19.9,67.8,9/22/2020 0:00,9/22/2020 0:00,1.7,8.9,17.2,20.9
Green Lake West,Seattle,A734WSB,9/29/2020,Tue,9:17,,,,,,,18.4,65.1,9/29/2020 0:00,9/29/2020 0:00,0,11.7,102.4,24
Green Lake West,Seattle,A734WSB,10/6/2020,Tue,14:09,,,,,,,19.1,66.4,10/6/2020 0:00,10/6/2020 0:00,0,0.6,0.8,21.6
Green Lake West,Seattle,A734WSB,10/13/2020,Tue,9:21,,,,,,,15.9,60.6,10/13/2020 0:00,10/13/2020 0:00,8.1,62.8,67.3,15.4
Green Lake West,Seattle,A734WSB,10/20/2020,Tue,9:13,,,,,,,14.4,57.9,10/20/2020 0:00,10/20/2020 0:00,4,17.5,38.6,13
Green Lake West,Seattle,A734WSB,10/27/2020,Tue,9:16,,,,,,,11.6,52.9,10/27/2020 0:00,10/27/2020 0:00,0,0.6,23.4,12
Green Lake West,Seattle,A734WSB,5/18/2021,Tue,9:24,26,36,68,39.92653181,0,FALSE,17.5,63.5,5/18/2021 0:00,5/18/2021 0:00,4.1,4.1,4.3,13.8
Green Lake West,Seattle,A734WSB,5/25/2021,Tue,8:58,12,13,10,21.51880879,0,FALSE,16.7,62.1,5/25/2021 0:00,5/25/2021 0:00,7.6,9.7,31.6,17.8
Green Lake West,Seattle,A734WSB,6/1/2021,Tue,8:55,16,13,3,15.81690659,0,FALSE,19.3,66.7,6/1/2021 0:00,6/1/2021 0:00,0,0,20,29.1
Green Lake West,Seattle,A734WSB,6/8/2021,Tue,8:06,10,1500,30,23.46616961,1,TRUE,18.7,65.7,6/8/2021 0:00,6/8/2021 0:00,8,38.1,38.1,18
Green Lake West,Seattle,A734WSB,6/15/2021,Tue,9:08,41,53,66,27.55036403,1,FALSE,19.5,67.1,6/15/2021 0:00,6/15/2021 0:00,9,36.3,41.7,18.7
Green Lake West,Seattle,A734WSB,6/22/2021,Tue,8:00,56,41,42,28.32412066,1,FALSE,22.9,73.2,6/22/2021 0:00,6/22/2021 0:00,0,0,5,26.2
Green Lake West,Seattle,A734WSB,6/29/2021,Tue,9:07,54,44,61,38.31421048,1,FALSE,27.2,81,6/29/2021 0:00,6/29/2021 0:00,0,0,0,32.5
Green Lake West,Seattle,A734WSB,7/6/2021,Tue,9:45,30,88,34,53.36048451,1,FALSE,24.5,76.1,7/6/2021 0:00,7/6/2021 0:00,0,0,2.6,28
Green Lake West,Seattle,A734WSB,7/13/2021,Tue,9:42,11,13,9,36.11138675,0,FALSE,24.2,75.6,7/13/2021 0:00,7/13/2021 0:00,0,0,0.7,27.7
Green Lake West,Seattle,A734WSB,7/20/2021,Tue,9:21,16,16,11,27.78728396,0,FALSE,23.5,74.3,7/20/2021 0:00,7/20/2021 0:00,0,0,1.4,23.1
Green Lake West,Seattle,A734WSB,7/27/2021,Tue,8:04,7,5,6,18.46627536,0,FALSE,23.6,74.5,7/27/2021 0:00,7/27/2021 0:00,0,0,0.1,27.5
Green Lake West,Seattle,A734WSB,8/3/2021,Tue,10:20,100,11,57,17.46299482,0,FALSE,24.8,76.6,8/3/2021 0:00,8/3/2021 0:00,0,4.2,4.2,29.3
Green Lake West,Seattle,A734WSB,8/10/2021,Tue,12:00,27,20,47,16.05262191,0,FALSE,24.4,75.9,8/10/2021 0:00,8/10/2021 0:00,0,9.4,15.2,27
Green Lake West,Seattle,A734WSB,8/17/2021,Tue,9:30,16,29,14,17.88204327,0,FALSE,23.5,74.3,8/17/2021 0:00,8/17/2021 0:00,2.7,2.7,2.7,18.9
Green Lake West,Seattle,A734WSB,8/24/2021,Tue,8:40,14,9,37,18.49324469,0,FALSE,21,69.8,8/24/2021 0:00,8/24/2021 0:00,0,0.2,2.2,25.1
Green Lake West,Seattle,A734WSB,8/31/2021,Tue,8:31,18,13,21,22.81887204,0,FALSE,19.7,67.5,8/31/2021 0:00,8/31/2021 0:00,2,2,9.4,16.7
Green Lake West,Seattle,A734WSB,9/7/2021,Tue,9:12,10,10,8,17.06143946,0,FALSE,20.2,68.4,9/7/2021 0:00,9/7/2021 0:00,0.9,1.9,3.1,26.4
Green Lake West,Seattle,A734WSB,9/14/2021,Tue,9:32,110,13,8,16.17873755,0,FALSE,19.7,67.5,9/14/2021 0:00,9/14/2021 0:00,0,7,10.4,17.6
Green Lake West,Seattle,A734WSB,9/21/2021,Tue,9:32,16,24,17,16.18403859,0,FALSE,18.2,64.8,9/21/2021 0:00,9/21/2021 0:00,0.8,49.8,71.3,24
Green Lake West,Seattle,A734WSB,9/28/2021,Tue,9:08,,,,,,,16.2,61.2,9/28/2021 0:00,9/28/2021 0:00,13.3,23.6,23.9,14.5
Green Lake West,Seattle,A734WSB,10/5/2021,Tue,9:08,,,,,,,15.4,59.7,10/5/2021 0:00,10/5/2021 0:00,0,1.5,34.3,13.3
Green Lake West,Seattle,A734WSB,10/12/2021,Tue,8:50,,,,,,,13.4,56.1,10/12/2021 0:00,10/12/2021 0:00,1.9,28.2,53.9,11.1
Green Lake West,Seattle,A734WSB,10/19/2021,Tue,8:40,,,,,,,12.7,54.9,10/19/2021 0:00,10/19/2021 0:00,0.7,3.2,28.1,15.9
Green Lake West,Seattle,A734WSB,10/26/2021,Tue,8:22,,,,,,,11.6,52.9,10/26/2021 0:00,10/26/2021 0:00,6.2,17.8,39,12.4
Green Lake West,Seattle,A734WSB,5/16/2022,Mon,8:27,23,13,16,16.84988949,0,FALSE,14.9,58.8,5/16/2022 0:00,5/16/2022 0:00,18.9,32.1,50.1,15
Green Lake West,Seattle,A734WSB,5/23/2022,Mon,8:30,28,14,15,17.43926122,0,FALSE,17.3,63.1,5/23/2022 0:00,5/23/2022 0:00,0,0.8,20.2,17.6
Green Lake West,Seattle,A734WSB,5/31/2022,Tue,8:13,21,12,8,15.66213643,0,FALSE,16.5,61.7,5/31/2022 0:00,5/31/2022 0:00,2,15.3,44.6,20
Green Lake West,Seattle,A734WSB,6/6/2022,Mon,8:09,17,11,14,15.16942278,0,FALSE,18.3,64.9,6/6/2022 0:00,6/6/2022 0:00,27.2,53.2,56.2,16
Green Lake West,Seattle,A734WSB,6/13/2022,Mon,9:07,58,52,62,19.78017424,0,FALSE,18.1,64.6,6/13/2022 0:00,6/13/2022 0:00,6.1,14,42,15.3
Green Lake West,Seattle,A734WSB,6/21/2022,Tue,8:33,6,21,190,22.0217745,0,FALSE,18.6,65.5,6/21/2022 0:00,6/21/2022 0:00,1.4,4.4,20.6,23.4
Green Lake West,Seattle,A734WSB,6/27/2022,Mon,8:45,16,21,23,22.42667884,0,FALSE,21.9,71.4,6/27/2022 0:00,6/27/2022 0:00,0,0,3.9,31.6
Green Lake West,Seattle,A734WSB,7/5/2022,Tue,8:36,55,6,23,24.49900127,0,FALSE,21,69.8,7/5/2022 0:00,7/5/2022 0:00,0.5,10,11.7,24.2
Green Lake West,Seattle,A734WSB,7/11/2022,Mon,8:26,31,56,19,29.00707641,0,FALSE,22.6,72.7,7/11/2022 0:00,7/11/2022 0:00,0,1.7,9.4,28.3
Green Lake West,Seattle,A734WSB,7/18/2022,Mon,8:42,5,5,5,17.81734918,0,FALSE,22,71.6,7/18/2022 0:00,7/18/2022 0:00,0.4,1,1,21.5
Green Lake West,Seattle,A734WSB,7/25/2022,Mon,8:38,190,59,40,21.66103422,0,FALSE,23.7,74.7,7/25/2022 0:00,7/25/2022 0:00,0,0.2,0.2,30.6
Green Lake West,Seattle,A734WSB,8/1/2022,Mon,9:00,29,21,16,21.99837153,0,FALSE,26.3,79.3,8/1/2022 0:00,8/1/2022 0:00,0,0,0,29
Green Lake West,Seattle,A734WSB,8/8/2022,Mon,8:24,17,12,9,20.0124039,0,FALSE,24.1,75.4,8/8/2022 0:00,8/8/2022 0:00,0,0,1.3,32
Green Lake West,Seattle,A734WSB,8/15/2022,Mon,9:15,17,9,12,16.50709116,0,FALSE,23.6,74.5,8/15/2022 0:00,8/15/2022 0:00,0,0,2.9,27.8
Green Lake West,Seattle,A734WSB,8/22/2022,Mon,9:18,14,21,28,21.8227883,0,FALSE,24.6,76.3,8/22/2022 0:00,8/22/2022 0:00,0,0.6,0.6,27.7
Green Lake West,Seattle,A734WSB,8/29/2022,Mon,9:27,9,9,6,13.84336333,0,FALSE,23.1,73.6,8/29/2022 0:00,8/29/2022 0:00,0,6.5,6.5,27.8
Green Lake West,Seattle,A734WSB,9/6/2022,Tue,8:44,43,17,16,14.01290861,0,FALSE,21.6,70.9,9/6/2022 0:00,9/6/2022 0:00,0.4,2.1,2.1,25.4
Green Lake West,Seattle,A734WSB,9/12/2022,Mon,9:05,30,60,54,18.25777548,0,FALSE,20.6,69.1,9/12/2022 0:00,9/12/2022 0:00,1.7,1.7,2.1,23.5
Green Lake West,Seattle,A734WSB,9/19/2022,Mon,9:13,69,54,44,24.63217259,0,FALSE,19.2,66.6,9/19/2022 0:00,9/19/2022 0:00,3.2,5.8,7.6,23.9
Green Lake West,Seattle,A734WSB,9/26/2022,Mon,8:40,,,,,,,18.9,66,9/26/2022 0:00,9/26/2022 0:00,0,0,0.4,27.7
Green Lake West,Seattle,A734WSB,10/3/2022,Mon,9:23,,,,,,,18.9,66,10/3/2022 0:00,10/3/2022 0:00,0,0,2.4,25.8
Green Lake West,Seattle,A734WSB,10/11/2022,Tue,9:17,,,,,,,18.2,64.8,10/11/2022 0:00,10/11/2022 0:00,0,0,0,19.1
Green Lake West,Seattle,A734WSB,10/17/2022,Mon,9:10,,,,,,,17.3,63.1,10/17/2022 0:00,10/17/2022 0:00,0,0,0,21
Green Lake West,Seattle,A734WSB,10/24/2022,Mon,9:07,,,,,,,14.4,57.9,10/24/2022 0:00,10/24/2022 0:00,0.5,23,24.3,12.1
Green Lake West,Seattle,A734WSB,5/15/2023,Mon,8:14,4,5,4,4.30886938,0,FALSE,20.6,69.1,5/15/2023 0:00,5/15/2023 0:00,0,0,0.2,31.3
Green Lake West,Seattle,A734WSB,5/22/2023,Mon,9:29,14,37,38,10.78616908,0,FALSE,20.3,68.5,5/22/2023 0:00,5/22/2023 0:00,2.5,5.7,6.4,16.3
Green Lake West,Seattle,A734WSB,5/30/2023,Tue,9:28,12,14,9,11.01188536,0,FALSE,20.2,68.4,5/30/2023 0:00,5/30/2023 0:00,0.5,0.5,0.8,15.1
Green Lake West,Seattle,A734WSB,6/5/2023,Mon,8:43,10,8,13,10.78488966,0,FALSE,20.2,68.4,6/5/2023 0:00,6/5/2023 0:00,0,0,1.9,20.6
Green Lake West,Seattle,A734WSB,6/12/2023,Mon,9:11,31,12,59,13.05205499,0,FALSE,20.7,69.3,6/12/2023 0:00,6/12/2023 0:00,0.2,12.4,12.4,26.6
Green Lake West,Seattle,A734WSB,6/20/2023,Tue,8:31,95,74,74,23.43610125,0,FALSE,18.4,65.1,6/20/2023 0:00,6/20/2023 0:00,1.1,14.6,23,13.1
Green Lake West,Seattle,A734WSB,6/26/2023,Mon,8:53,13,6,12,19.12917316,0,FALSE,20.8,69.4,6/26/2023 0:00,6/26/2023 0:00,0,0.2,6.4,24.1
Green Lake West,Seattle,A734WSB,7/5/2023,Wed,9:09,26,8,32,25.37109802,0,FALSE,23.6,74.5,7/5/2023 0:00,7/5/2023 0:00,0,0,0,31.4
Green Lake West,Seattle,A734WSB,7/10/2023,Mon,8:13,29,18,21,24.70571329,0,FALSE,22.5,72.5,7/10/2023 0:00,7/10/2023 0:00,0,0,0,20.6
Green Lake West,Seattle,A734WSB,7/17/2023,Mon,9:10,7,22,9,20.550479,0,FALSE,23.2,73.8,7/17/2023 0:00,7/17/2023 0:00,0,0,0.4,24.3
Green Lake West,Seattle,A734WSB,7/24/2023,Mon,7:32,4,7,8,12.25818055,0,FALSE,23.8,74.8,7/24/2023 0:00,7/24/2023 0:00,0,0,1.1,22.6
Green Lake West,Seattle,A734WSB,7/31/2023,Mon,9:30,59,14,41,15.57131239,0,FALSE,23.6,74.5,7/31/2023 0:00,7/31/2023 0:00,0,0,9.6,25.1
Green Lake West,Seattle,A734WSB,8/7/2023,Mon,8:30,23,38,76,18.15234199,0,FALSE,23.7,74.7,8/7/2023 0:00,8/7/2023 0:00,0,0.6,0.6,24.3
Green Lake West,Seattle,A734WSB,8/14/2023,Mon,9:21,25,19,30,18.47258482,0,FALSE,24.1,75.4,8/14/2023 0:00,8/14/2023 0:00,0,0,6.6,33.1
Green Lake West,Seattle,A734WSB,8/21/2023,Mon,8:28,63,270,87,29.4052601,0,FALSE,23,73.4,8/21/2023 0:00,8/21/2023 0:00,0,0,0,24.7
Green Lake West,Seattle,A734WSB,8/28/2023,Mon,8:06,26,26,34,40.04087243,0,FALSE,22.7,72.9,8/28/2023 0:00,8/28/2023 0:00,0,0.7,10.2,24.3
Green Lake West,Seattle,A734WSB,9/5/2023,Tue,8:05,10,10,19,33.04477846,0,FALSE,19.7,67.5,9/5/2023 0:00,9/5/2023 0:00,1,2.2,30,18.7
Green Lake West,Seattle,A734WSB,9/11/2023,Mon,8:06,24,12,27,28.64166493,0,FALSE,22.3,72.1,9/11/2023 0:00,9/11/2023 0:00,0,0,1,20.2
Green Lake West,Seattle,A734WSB,9/18/2023,Mon,8:49,190,15,31,32.34628229,0,FALSE,20,68,9/18/2023 0:00,9/18/2023 0:00,0,0,3.9,18.2
Green Lake West,Seattle,A734WSB,9/25/2023,Mon,9:28,,,,,,,17.9,64.2,9/25/2023 0:00,9/25/2023 0:00,8,12.1,27.5,15.3
Green Lake West,Seattle,A734WSB,10/2/2023,Mon,8:12,,,,,,,16,60.8,10/2/2023 0:00,10/2/2023 0:00,0,0.1,77.4,14.1
Green Lake West,Seattle,A734WSB,10/10/2023,Tue,8:41,,,,,,,,,10/10/2023 0:00,10/10/2023 0:00,2.1,2.1,2.9,16.2
Green Lake West,Seattle,A734WSB,10/16/2023,Mon,9:25,,,,,,,15.7,60.3,10/16/2023 0:00,10/16/2023 0:00,2.6,7.9,31.9,16
Green Lake West,Seattle,A734WSB,10/23/2023,Mon,8:20,,,,,,,14.8,58.6,10/23/2023 0:00,10/23/2023 0:00,0.3,1.3,19.6,13
Green Lake West,Seattle,A734WSB,5/13/2024,Mon,7:48,5,5,3,4.217163327,0,FALSE,18.3,64.9,5/13/2024 0:00,5/13/2024 0:00,0,0,21.5,17.3
Green Lake West,Seattle,A734WSB,5/20/2024,Mon,8:51,14,10,73,9.566476886,0,FALSE,17.5,63.5,5/20/2024 0:00,5/20/2024 0:00,0.8,6,11.2,17.4
Green Lake West,Seattle,A734WSB,5/28/2024,Tue,8:06,12,10,25,10.96936507,0,FALSE,16.1,61,5/28/2024 0:00,5/28/2024 0:00,0,4.7,38.1,12.9
Green Lake West,Seattle,A734WSB,6/3/2024,Mon,8:28,81,86,73,18.01613574,0,FALSE,16,60.8,6/3/2024 0:00,6/3/2024 0:00,20.3,20.6,47.3,13.8
Green Lake West,Seattle,A734WSB,6/10/2024,Mon,8:53,37,17,36,19.71784853,0,FALSE,19.1,66.4,6/10/2024 0:00,6/10/2024 0:00,0.1,0.1,29.2,20.7
Green Lake West,Seattle,A734WSB,6/17/2024,Mon,8:01,25,17,45,28.5295905,0,FALSE,18.2,64.8,6/17/2024 0:00,6/17/2024 0:00,1.3,19.1,21.8,15.4
